AmountSpent,InteractionID,LoginFrequency,TransactionYear,ChurnStatus,ProductCategory_Clothing,ProductCategory_Electronics,ProductCategory_Furniture,ProductCategory_Groceries,InteractionType_Feedback,InteractionType_Inquiry,InteractionType_No Interaction,ResolutionStatus_Resolved,ResolutionStatus_Unresolved,ServiceUsage_Online Banking,ServiceUsage_Website
416.5,6363.0,34,2022,0,False,True,False,False,False,True,False,True,False,False,False
54.96,3329.0,5,2022,1,True,False,False,False,False,True,False,True,False,False,True
197.5,3329.0,5,2022,1,False,True,False,False,False,True,False,True,False,False,True
101.31,3329.0,5,2022,1,False,False,True,False,False,True,False,True,False,False,True
397.37,3329.0,5,2022,1,True,False,False,False,False,True,False,True,False,False,True
285.21,3329.0,5,2022,1,False,True,False,False,False,True,False,True,False,False,True
311.34,3329.0,5,2022,1,False,True,False,False,False,True,False,True,False,False,True
199.73,3329.0,5,2022,1,False,False,False,True,False,True,False,True,False,False,True
241.06,9976.0,3,2022,0,False,False,False,False,False,True,False,True,False,False,True
51.07,9976.0,3,2022,0,True,False,False,False,False,True,False,True,False,False,True
419.95,9976.0,3,2022,0,False,False,True,False,False,True,False,True,False,False,True
287.72,9976.0,3,2022,0,False,False,False,True,False,True,False,True,False,False,True
299.86,9976.0,3,2022,0,False,False,False,True,False,True,False,True,False,False,True
403.32,9976.0,3,2022,0,False,False,True,False,False,True,False,True,False,False,True
125.64,7354.0,2,2022,0,False,True,False,False,False,True,False,True,False,False,True
125.64,5393.0,2,2022,0,False,True,False,False,False,True,False,False,True,False,True
123.59,7354.0,2,2022,0,False,False,False,True,False,True,False,True,False,False,True
123.59,5393.0,2,2022,0,False,False,False,True,False,True,False,False,True,False,True
241.45,7354.0,2,2022,0,False,True,False,False,False,True,False,True,False,False,True
241.45,5393.0,2,2022,0,False,True,False,False,False,True,False,False,True,False,True
44.22,7354.0,2,2022,0,True,False,False,False,False,True,False,True,False,False,True
44.22,5393.0,2,2022,0,True,False,False,False,False,True,False,False,True,False,True
382.39,7354.0,2,2022,0,False,False,True,False,False,True,False,True,False,False,True
382.39,5393.0,2,2022,0,False,False,True,False,False,True,False,False,True,False,True
475.69,-1.0,41,2022,0,False,False,False,True,False,False,True,False,False,False,True
178.91,-1.0,41,2022,0,False,False,True,False,False,False,True,False,False,False,True
373.51,-1.0,41,2022,0,False,False,False,True,False,False,True,False,False,False,True
155.76,-1.0,41,2022,0,False,True,False,False,False,False,True,False,False,False,True
308.8,-1.0,41,2022,0,False,True,False,False,False,False,True,False,False,False,True
219.98,-1.0,41,2022,0,False,False,True,False,False,False,True,False,False,False,True
218.98,-1.0,41,2022,0,False,True,False,False,False,False,True,False,False,False,True
69.86,-1.0,41,2022,0,False,False,False,True,False,False,True,False,False,False,True
365.57,2358.0,2,2022,0,False,False,False,False,True,False,False,True,False,False,True
448.86,2358.0,2,2022,0,True,False,False,False,True,False,False,True,False,False,True
41.7,2358.0,2,2022,0,False,False,True,False,True,False,False,True,False,False,True
104.0,2358.0,2,2022,0,False,False,True,False,True,False,False,True,False,False,True
204.16,2358.0,2,2022,0,False,True,False,False,True,False,False,True,False,False,True
86.73,-1.0,32,2022,0,False,False,False,False,False,False,True,False,False,False,False
263.24,4191.0,17,2022,1,False,False,False,False,False,True,False,False,True,True,False
263.24,8937.0,17,2022,1,False,False,False,False,True,False,False,False,True,True,False
483.91,4191.0,17,2022,1,True,False,False,False,False,True,False,False,True,True,False
483.91,8937.0,17,2022,1,True,False,False,False,True,False,False,False,True,True,False
240.92,4191.0,17,2022,1,False,False,False,False,False,True,False,False,True,True,False
240.92,8937.0,17,2022,1,False,False,False,False,True,False,False,False,True,True,False
346.24,4191.0,17,2022,1,True,False,False,False,False,True,False,False,True,True,False
346.24,8937.0,17,2022,1,True,False,False,False,True,False,False,False,True,True,False
253.68,4191.0,17,2022,1,False,False,True,False,False,True,False,False,True,True,False
253.68,8937.0,17,2022,1,False,False,True,False,True,False,False,False,True,True,False
161.56,4191.0,17,2022,1,False,True,False,False,False,True,False,False,True,True,False
161.56,8937.0,17,2022,1,False,True,False,False,True,False,False,False,True,True,False
297.33,4191.0,17,2022,1,False,False,True,False,False,True,False,False,True,True,False
297.33,8937.0,17,2022,1,False,False,True,False,True,False,False,False,True,True,False
96.67,7813.0,24,2022,0,False,True,False,False,False,True,False,True,False,False,True
472.21,7813.0,24,2022,0,True,False,False,False,False,True,False,True,False,False,True
44.26,7813.0,24,2022,0,False,False,False,True,False,True,False,True,False,False,True
378.14,7813.0,24,2022,0,False,False,False,True,False,True,False,True,False,False,True
325.96,7813.0,24,2022,0,True,False,False,False,False,True,False,True,False,False,True
5.86,-1.0,29,2022,1,False,False,True,False,False,False,True,False,False,True,False
35.29,-1.0,29,2022,1,True,False,False,False,False,False,True,False,False,True,False
303.4,-1.0,29,2022,1,False,False,False,True,False,False,True,False,False,True,False
223.85,-1.0,29,2022,1,False,False,True,False,False,False,True,False,False,True,False
471.18,-1.0,29,2022,1,False,False,True,False,False,False,True,False,False,True,False
179.0,-1.0,29,2022,1,False,False,False,True,False,False,True,False,False,True,False
178.78,-1.0,29,2022,1,False,True,False,False,False,False,True,False,False,True,False
334.62,6610.0,30,2022,0,False,False,False,False,True,False,False,True,False,True,False
334.62,7511.0,30,2022,0,False,False,False,False,True,False,False,False,True,True,False
462.0,6610.0,30,2022,0,False,False,False,True,True,False,False,True,False,True,False
462.0,7511.0,30,2022,0,False,False,False,True,True,False,False,False,True,True,False
163.78,6610.0,30,2022,0,False,False,False,False,True,False,False,True,False,True,False
163.78,7511.0,30,2022,0,False,False,False,False,True,False,False,False,True,True,False
426.06,6610.0,30,2022,0,False,False,False,False,True,False,False,True,False,True,False
426.06,7511.0,30,2022,0,False,False,False,False,True,False,False,False,True,True,False
347.37,6610.0,30,2022,0,False,False,False,True,True,False,False,True,False,True,False
347.37,7511.0,30,2022,0,False,False,False,True,True,False,False,False,True,True,False
87.1,8485.0,43,2022,0,False,True,False,False,True,False,False,True,False,False,True
87.1,7872.0,43,2022,0,False,True,False,False,False,True,False,False,True,False,True
173.13,9681.0,10,2022,0,False,True,False,False,False,False,False,True,False,False,False
54.17,9681.0,10,2022,0,True,False,False,False,False,False,False,True,False,False,False
164.72,9681.0,10,2022,0,False,False,False,False,False,False,False,True,False,False,False
442.99,4459.0,26,2022,0,False,False,True,False,False,False,False,False,True,True,False
442.99,8823.0,26,2022,0,False,False,True,False,True,False,False,True,False,True,False
412.2,4459.0,26,2022,0,False,False,True,False,False,False,False,False,True,True,False
412.2,8823.0,26,2022,0,False,False,True,False,True,False,False,True,False,True,False
186.37,4459.0,26,2022,0,False,False,False,True,False,False,False,False,True,True,False
186.37,8823.0,26,2022,0,False,False,False,True,True,False,False,True,False,True,False
150.22,4459.0,26,2022,0,False,False,False,False,False,False,False,False,True,True,False
150.22,8823.0,26,2022,0,False,False,False,False,True,False,False,True,False,True,False
478.59,4459.0,26,2022,0,False,False,False,True,False,False,False,False,True,True,False
478.59,8823.0,26,2022,0,False,False,False,True,True,False,False,True,False,True,False
335.44,4459.0,26,2022,0,True,False,False,False,False,False,False,False,True,True,False
335.44,8823.0,26,2022,0,True,False,False,False,True,False,False,True,False,True,False
468.35,4459.0,26,2022,0,False,False,True,False,False,False,False,False,True,True,False
468.35,8823.0,26,2022,0,False,False,True,False,True,False,False,True,False,True,False
213.22,4459.0,26,2022,0,False,False,False,True,False,False,False,False,True,True,False
213.22,8823.0,26,2022,0,False,False,False,True,True,False,False,True,False,True,False
156.21,4459.0,26,2022,0,False,False,False,True,False,False,False,False,True,True,False
156.21,8823.0,26,2022,0,False,False,False,True,True,False,False,True,False,True,False
283.39,6644.0,44,2022,0,False,False,False,False,True,False,False,False,True,True,False
283.39,3914.0,44,2022,0,False,False,False,False,False,False,False,False,True,True,False
383.9,6644.0,44,2022,0,False,True,False,False,True,False,False,False,True,True,False
383.9,3914.0,44,2022,0,False,True,False,False,False,False,False,False,True,True,False
160.79,6644.0,44,2022,0,False,False,False,False,True,False,False,False,True,True,False
160.79,3914.0,44,2022,0,False,False,False,False,False,False,False,False,True,True,False
273.54,6644.0,44,2022,0,False,False,True,False,True,False,False,False,True,True,False
273.54,3914.0,44,2022,0,False,False,True,False,False,False,False,False,True,True,False
68.63,6644.0,44,2022,0,False,False,False,True,True,False,False,False,True,True,False
68.63,3914.0,44,2022,0,False,False,False,True,False,False,False,False,True,True,False
406.29,6644.0,44,2022,0,False,False,False,True,True,False,False,False,True,True,False
406.29,3914.0,44,2022,0,False,False,False,True,False,False,False,False,True,True,False
151.88,6644.0,44,2022,0,False,False,True,False,True,False,False,False,True,True,False
151.88,3914.0,44,2022,0,False,False,True,False,False,False,False,False,True,True,False
185.6,6644.0,44,2022,0,True,False,False,False,True,False,False,False,True,True,False
185.6,3914.0,44,2022,0,True,False,False,False,False,False,False,False,True,True,False
52.67,5761.0,41,2022,1,False,False,False,False,False,True,False,True,False,True,False
52.67,9278.0,41,2022,1,False,False,False,False,False,True,False,True,False,True,False
352.99,5761.0,41,2022,1,False,False,False,False,False,True,False,True,False,True,False
352.99,9278.0,41,2022,1,False,False,False,False,False,True,False,True,False,True,False
250.51,5761.0,41,2022,1,False,False,True,False,False,True,False,True,False,True,False
250.51,9278.0,41,2022,1,False,False,True,False,False,True,False,True,False,True,False
154.7,5761.0,41,2022,1,False,False,False,False,False,True,False,True,False,True,False
154.7,9278.0,41,2022,1,False,False,False,False,False,True,False,True,False,True,False
470.53,5761.0,41,2022,1,True,False,False,False,False,True,False,True,False,True,False
470.53,9278.0,41,2022,1,True,False,False,False,False,True,False,True,False,True,False
97.06,5761.0,41,2022,1,False,True,False,False,False,True,False,True,False,True,False
97.06,9278.0,41,2022,1,False,True,False,False,False,True,False,True,False,True,False
159.18,5761.0,41,2022,1,False,False,True,False,False,True,False,True,False,True,False
159.18,9278.0,41,2022,1,False,False,True,False,False,True,False,True,False,True,False
147.82,5761.0,41,2022,1,False,False,True,False,False,True,False,True,False,True,False
147.82,9278.0,41,2022,1,False,False,True,False,False,True,False,True,False,True,False
334.33,5761.0,41,2022,1,False,False,False,False,False,True,False,True,False,True,False
334.33,9278.0,41,2022,1,False,False,False,False,False,True,False,True,False,True,False
67.2,2246.0,8,2022,0,False,False,False,True,False,True,False,False,True,True,False
67.2,7540.0,8,2022,0,False,False,False,True,False,True,False,True,False,True,False
92.54,2246.0,8,2022,0,False,True,False,False,False,True,False,False,True,True,False
92.54,7540.0,8,2022,0,False,True,False,False,False,True,False,True,False,True,False
344.04,2246.0,8,2022,0,False,True,False,False,False,True,False,False,True,True,False
344.04,7540.0,8,2022,0,False,True,False,False,False,True,False,True,False,True,False
431.79,2246.0,8,2022,0,False,False,False,False,False,True,False,False,True,True,False
431.79,7540.0,8,2022,0,False,False,False,False,False,True,False,True,False,True,False
121.62,2246.0,8,2022,0,False,False,True,False,False,True,False,False,True,True,False
121.62,7540.0,8,2022,0,False,False,True,False,False,True,False,True,False,True,False
124.02,2246.0,8,2022,0,True,False,False,False,False,True,False,False,True,True,False
124.02,7540.0,8,2022,0,True,False,False,False,False,True,False,True,False,True,False
444.06,2246.0,8,2022,0,False,False,False,True,False,True,False,False,True,True,False
444.06,7540.0,8,2022,0,False,False,False,True,False,True,False,True,False,True,False
164.11,9487.0,37,2022,1,False,False,False,True,False,True,False,False,True,False,True
97.23,9487.0,37,2022,1,False,False,True,False,False,True,False,False,True,False,True
281.73,9487.0,37,2022,1,False,False,False,False,False,True,False,False,True,False,True
154.09,9487.0,37,2022,1,False,False,True,False,False,True,False,False,True,False,True
254.22,9487.0,37,2022,1,False,False,False,False,False,True,False,False,True,False,True
382.15,9979.0,39,2022,0,False,False,True,False,False,False,False,False,True,True,False
382.15,8180.0,39,2022,0,False,False,True,False,False,False,False,False,True,True,False
477.83,9979.0,39,2022,0,False,False,True,False,False,False,False,False,True,True,False
477.83,8180.0,39,2022,0,False,False,True,False,False,False,False,False,True,True,False
19.8,9979.0,39,2022,0,False,False,False,True,False,False,False,False,True,True,False
19.8,8180.0,39,2022,0,False,False,False,True,False,False,False,False,True,True,False
125.66,9979.0,39,2022,0,False,False,True,False,False,False,False,False,True,True,False
125.66,8180.0,39,2022,0,False,False,True,False,False,False,False,False,True,True,False
11.82,9979.0,39,2022,0,True,False,False,False,False,False,False,False,True,True,False
11.82,8180.0,39,2022,0,True,False,False,False,False,False,False,False,True,True,False
345.75,9094.0,16,2022,0,False,False,False,True,True,False,False,True,False,False,True
191.96,9094.0,16,2022,0,False,True,False,False,True,False,False,True,False,False,True
324.99,9094.0,16,2022,0,True,False,False,False,True,False,False,True,False,False,True
488.22,9094.0,16,2022,0,True,False,False,False,True,False,False,True,False,False,True
39.34,9094.0,16,2022,0,False,False,False,True,True,False,False,True,False,False,True
485.84,9094.0,16,2022,0,True,False,False,False,True,False,False,True,False,False,True
122.1,9094.0,16,2022,0,False,False,False,True,True,False,False,True,False,False,True
315.55,9094.0,16,2022,0,False,False,True,False,True,False,False,True,False,False,True
462.1,9094.0,16,2022,0,False,False,False,False,True,False,False,True,False,False,True
97.31,-1.0,18,2022,0,False,False,False,False,False,False,True,False,False,False,True
217.3,-1.0,18,2022,0,False,False,False,True,False,False,True,False,False,False,True
64.35,-1.0,18,2022,0,False,False,False,False,False,False,True,False,False,False,True
153.58,-1.0,18,2022,0,False,False,False,False,False,False,True,False,False,False,True
380.48,-1.0,18,2022,0,False,False,False,True,False,False,True,False,False,False,True
247.99,2931.0,42,2022,0,False,False,True,False,False,True,False,True,False,False,False
247.99,6355.0,42,2022,0,False,False,True,False,False,True,False,True,False,False,False
463.48,2931.0,42,2022,0,False,False,False,True,False,True,False,True,False,False,False
463.48,6355.0,42,2022,0,False,False,False,True,False,True,False,True,False,False,False
218.65,2931.0,42,2022,0,True,False,False,False,False,True,False,True,False,False,False
218.65,6355.0,42,2022,0,True,False,False,False,False,True,False,True,False,False,False
89.96,2931.0,42,2022,0,False,False,True,False,False,True,False,True,False,False,False
89.96,6355.0,42,2022,0,False,False,True,False,False,True,False,True,False,False,False
402.9,2931.0,42,2022,0,False,False,False,False,False,True,False,True,False,False,False
402.9,6355.0,42,2022,0,False,False,False,False,False,True,False,True,False,False,False
159.75,2931.0,42,2022,0,False,False,True,False,False,True,False,True,False,False,False
159.75,6355.0,42,2022,0,False,False,True,False,False,True,False,True,False,False,False
345.79,4991.0,19,2022,0,False,False,False,True,False,False,False,False,True,False,False
345.79,6401.0,19,2022,0,False,False,False,True,False,False,False,True,False,False,False
457.01,4991.0,19,2022,0,False,False,False,False,False,False,False,False,True,False,False
457.01,6401.0,19,2022,0,False,False,False,False,False,False,False,True,False,False,False
273.08,4991.0,19,2022,0,False,False,False,True,False,False,False,False,True,False,False
273.08,6401.0,19,2022,0,False,False,False,True,False,False,False,True,False,False,False
414.86,4991.0,19,2022,0,False,False,False,False,False,False,False,False,True,False,False
414.86,6401.0,19,2022,0,False,False,False,False,False,False,False,True,False,False,False
76.78,2733.0,12,2022,0,True,False,False,False,False,False,False,True,False,False,False
128.8,2733.0,12,2022,0,False,False,False,False,False,False,False,True,False,False,False
431.03,2733.0,12,2022,0,False,False,True,False,False,False,False,True,False,False,False
485.5,2733.0,12,2022,0,False,False,False,True,False,False,False,True,False,False,False
21.11,2733.0,12,2022,0,True,False,False,False,False,False,False,True,False,False,False
330.41,8432.0,27,2022,0,False,False,False,True,True,False,False,True,False,False,False
392.9,8432.0,27,2022,0,False,False,False,False,True,False,False,True,False,False,False
41.46,8432.0,27,2022,0,False,False,False,True,True,False,False,True,False,False,False
318.48,3912.0,45,2022,1,False,False,False,False,False,False,False,True,False,False,False
45.91,3912.0,45,2022,1,False,False,True,False,False,False,False,True,False,False,False
207.37,3912.0,45,2022,1,True,False,False,False,False,False,False,True,False,False,False
288.66,9414.0,22,2022,0,False,False,False,False,True,False,False,False,True,False,False
344.59,9414.0,22,2022,0,False,False,True,False,True,False,False,False,True,False,False
390.78,9414.0,22,2022,0,False,True,False,False,True,False,False,False,True,False,False
415.81,9414.0,22,2022,0,False,True,False,False,True,False,False,False,True,False,False
191.92,9414.0,22,2022,0,True,False,False,False,True,False,False,False,True,False,False
172.02,9414.0,22,2022,0,False,False,False,True,True,False,False,False,True,False,False
348.97,9414.0,22,2022,0,True,False,False,False,True,False,False,False,True,False,False
57.85,9414.0,22,2022,0,False,False,False,True,True,False,False,False,True,False,False
56.85,4174.0,42,2022,0,False,True,False,False,False,False,False,False,True,True,False
56.85,2029.0,42,2022,0,False,True,False,False,False,True,False,False,True,True,False
329.36,4174.0,42,2022,0,False,False,False,False,False,False,False,False,True,True,False
329.36,2029.0,42,2022,0,False,False,False,False,False,True,False,False,True,True,False
467.92,4174.0,42,2022,0,False,True,False,False,False,False,False,False,True,True,False
467.92,2029.0,42,2022,0,False,True,False,False,False,True,False,False,True,True,False
339.61,4174.0,42,2022,0,False,False,True,False,False,False,False,False,True,True,False
339.61,2029.0,42,2022,0,False,False,True,False,False,True,False,False,True,True,False
325.01,4174.0,42,2022,0,False,True,False,False,False,False,False,False,True,True,False
325.01,2029.0,42,2022,0,False,True,False,False,False,True,False,False,True,True,False
183.51,4174.0,42,2022,0,False,True,False,False,False,False,False,False,True,True,False
183.51,2029.0,42,2022,0,False,True,False,False,False,True,False,False,True,True,False
438.71,8538.0,34,2022,0,False,False,False,False,False,True,False,True,False,False,True
438.71,3691.0,34,2022,0,False,False,False,False,True,False,False,False,True,False,True
25.15,8538.0,34,2022,0,True,False,False,False,False,True,False,True,False,False,True
25.15,3691.0,34,2022,0,True,False,False,False,True,False,False,False,True,False,True
389.21,8538.0,34,2022,0,True,False,False,False,False,True,False,True,False,False,True
389.21,3691.0,34,2022,0,True,False,False,False,True,False,False,False,True,False,True
257.88,3289.0,38,2022,0,False,False,False,False,False,False,False,True,False,False,True
257.88,4606.0,38,2022,0,False,False,False,False,False,False,False,False,True,False,True
448.78,3289.0,38,2022,0,False,True,False,False,False,False,False,True,False,False,True
448.78,4606.0,38,2022,0,False,True,False,False,False,False,False,False,True,False,True
314.38,6635.0,23,2022,0,True,False,False,False,False,True,False,True,False,True,False
314.38,5130.0,23,2022,0,True,False,False,False,False,False,False,True,False,True,False
101.96,6635.0,23,2022,0,False,False,True,False,False,True,False,True,False,True,False
101.96,5130.0,23,2022,0,False,False,True,False,False,False,False,True,False,True,False
184.39,6635.0,23,2022,0,True,False,False,False,False,True,False,True,False,True,False
184.39,5130.0,23,2022,0,True,False,False,False,False,False,False,True,False,True,False
194.45,6635.0,23,2022,0,False,False,False,False,False,True,False,True,False,True,False
194.45,5130.0,23,2022,0,False,False,False,False,False,False,False,True,False,True,False
313.38,6635.0,23,2022,0,False,False,False,False,False,True,False,True,False,True,False
313.38,5130.0,23,2022,0,False,False,False,False,False,False,False,True,False,True,False
460.5,-1.0,48,2022,0,False,False,False,True,False,False,True,False,False,False,False
315.06,-1.0,48,2022,0,False,True,False,False,False,False,True,False,False,False,False
111.98,-1.0,48,2022,0,False,False,False,True,False,False,True,False,False,False,False
127.97,-1.0,48,2022,0,False,False,False,False,False,False,True,False,False,False,False
210.01,-1.0,48,2022,0,True,False,False,False,False,False,True,False,False,False,False
356.54,8219.0,24,2022,1,True,False,False,False,True,False,False,True,False,False,False
332.46,8219.0,24,2022,1,False,False,False,True,True,False,False,True,False,False,False
383.48,7853.0,44,2022,0,True,False,False,False,True,False,False,True,False,True,False
383.48,5032.0,44,2022,0,True,False,False,False,True,False,False,False,True,True,False
242.66,7853.0,44,2022,0,False,False,True,False,True,False,False,True,False,True,False
242.66,5032.0,44,2022,0,False,False,True,False,True,False,False,False,True,True,False
240.24,7853.0,44,2022,0,True,False,False,False,True,False,False,True,False,True,False
240.24,5032.0,44,2022,0,True,False,False,False,True,False,False,False,True,True,False
111.43,7853.0,44,2022,0,False,False,True,False,True,False,False,True,False,True,False
111.43,5032.0,44,2022,0,False,False,True,False,True,False,False,False,True,True,False
51.23,7853.0,44,2022,0,False,True,False,False,True,False,False,True,False,True,False
51.23,5032.0,44,2022,0,False,True,False,False,True,False,False,False,True,True,False
269.06,7853.0,44,2022,0,False,False,False,False,True,False,False,True,False,True,False
269.06,5032.0,44,2022,0,False,False,False,False,True,False,False,False,True,True,False
76.57,7853.0,44,2022,0,True,False,False,False,True,False,False,True,False,True,False
76.57,5032.0,44,2022,0,True,False,False,False,True,False,False,False,True,True,False
298.83,7853.0,44,2022,0,True,False,False,False,True,False,False,True,False,True,False
298.83,5032.0,44,2022,0,True,False,False,False,True,False,False,False,True,True,False
212.9,7853.0,44,2022,0,False,True,False,False,True,False,False,True,False,True,False
212.9,5032.0,44,2022,0,False,True,False,False,True,False,False,False,True,True,False
135.67,6454.0,19,2022,0,False,False,True,False,False,False,False,False,True,False,False
471.59,6454.0,19,2022,0,False,False,False,False,False,False,False,False,True,False,False
172.58,6454.0,19,2022,0,False,True,False,False,False,False,False,False,True,False,False
97.55,4092.0,6,2022,0,False,True,False,False,True,False,False,True,False,True,False
72.0,4092.0,6,2022,0,False,True,False,False,True,False,False,True,False,True,False
445.86,4092.0,6,2022,0,False,False,False,True,True,False,False,True,False,True,False
54.72,4092.0,6,2022,0,False,True,False,False,True,False,False,True,False,True,False
452.54,4092.0,6,2022,0,False,False,False,False,True,False,False,True,False,True,False
198.88,4092.0,6,2022,0,True,False,False,False,True,False,False,True,False,True,False
487.83,9496.0,3,2022,0,True,False,False,False,False,False,False,True,False,True,False
489.73,9496.0,3,2022,0,True,False,False,False,False,False,False,True,False,True,False
288.97,9496.0,3,2022,0,True,False,False,False,False,False,False,True,False,True,False
426.1,9496.0,3,2022,0,False,False,True,False,False,False,False,True,False,True,False
413.56,9496.0,3,2022,0,False,False,True,False,False,False,False,True,False,True,False
269.85,9496.0,3,2022,0,True,False,False,False,False,False,False,True,False,True,False
495.59,9496.0,3,2022,0,False,False,False,False,False,False,False,True,False,True,False
95.14,9496.0,3,2022,0,False,False,False,True,False,False,False,True,False,True,False
200.11,9496.0,3,2022,0,False,False,True,False,False,False,False,True,False,True,False
431.43,5906.0,47,2022,0,False,False,False,False,False,True,False,True,False,True,False
24.88,5906.0,47,2022,0,False,False,False,True,False,True,False,True,False,True,False
418.55,5906.0,47,2022,0,False,False,False,True,False,True,False,True,False,True,False
439.79,-1.0,26,2022,0,False,True,False,False,False,False,True,False,False,True,False
12.77,-1.0,26,2022,0,False,False,False,True,False,False,True,False,False,True,False
90.54,-1.0,26,2022,0,False,True,False,False,False,False,True,False,False,True,False
332.93,-1.0,26,2022,0,False,False,True,False,False,False,True,False,False,True,False
315.91,-1.0,26,2022,0,False,False,True,False,False,False,True,False,False,True,False
312.32,7375.0,20,2022,0,False,True,False,False,False,False,False,True,False,False,True
339.69,7375.0,20,2022,0,False,False,True,False,False,False,False,True,False,False,True
100.36,7375.0,20,2022,0,False,True,False,False,False,False,False,True,False,False,True
281.66,7375.0,20,2022,0,False,False,False,True,False,False,False,True,False,False,True
310.6,7375.0,20,2022,0,False,False,False,True,False,False,False,True,False,False,True
81.78,7375.0,20,2022,0,False,False,True,False,False,False,False,True,False,False,True
151.94,7375.0,20,2022,0,False,False,False,True,False,False,False,True,False,False,True
329.86,5924.0,38,2022,1,False,False,True,False,False,True,False,False,True,False,False
33.36,5924.0,38,2022,1,True,False,False,False,False,True,False,False,True,False,False
93.75,-1.0,10,2022,0,False,False,False,False,False,False,True,False,False,False,False
110.57,-1.0,10,2022,0,False,False,False,False,False,False,True,False,False,False,False
326.29,-1.0,10,2022,0,False,False,False,True,False,False,True,False,False,False,False
218.4,4688.0,25,2022,0,False,False,False,True,False,True,False,False,True,False,False
218.4,2976.0,25,2022,0,False,False,False,True,False,True,False,True,False,False,False
305.2,4688.0,25,2022,0,True,False,False,False,False,True,False,False,True,False,False
305.2,2976.0,25,2022,0,True,False,False,False,False,True,False,True,False,False,False
380.34,4688.0,25,2022,0,False,False,False,True,False,True,False,False,True,False,False
380.34,2976.0,25,2022,0,False,False,False,True,False,True,False,True,False,False,False
256.88,4688.0,25,2022,0,True,False,False,False,False,True,False,False,True,False,False
256.88,2976.0,25,2022,0,True,False,False,False,False,True,False,True,False,False,False
325.4,4688.0,25,2022,0,False,True,False,False,False,True,False,False,True,False,False
325.4,2976.0,25,2022,0,False,True,False,False,False,True,False,True,False,False,False
396.79,4688.0,25,2022,0,False,False,False,False,False,True,False,False,True,False,False
396.79,2976.0,25,2022,0,False,False,False,False,False,True,False,True,False,False,False
330.62,4688.0,25,2022,0,True,False,False,False,False,True,False,False,True,False,False
330.62,2976.0,25,2022,0,True,False,False,False,False,True,False,True,False,False,False
423.71,5996.0,35,2022,0,False,False,False,True,True,False,False,False,True,False,False
227.58,5996.0,35,2022,0,False,True,False,False,True,False,False,False,True,False,False
36.53,5996.0,35,2022,0,False,False,False,True,True,False,False,False,True,False,False
300.42,7946.0,49,2022,0,False,False,False,True,False,False,False,False,True,True,False
134.67,-1.0,24,2022,1,False,True,False,False,False,False,True,False,False,True,False
283.35,-1.0,21,2022,0,False,False,True,False,False,False,True,False,False,False,True
154.22,-1.0,21,2022,0,False,False,True,False,False,False,True,False,False,False,True
180.48,-1.0,21,2022,0,False,False,False,True,False,False,True,False,False,False,True
49.88,-1.0,21,2022,0,False,True,False,False,False,False,True,False,False,False,True
303.45,-1.0,21,2022,0,True,False,False,False,False,False,True,False,False,False,True
158.06,-1.0,21,2022,0,False,False,False,False,False,False,True,False,False,False,True
336.93,-1.0,21,2022,0,False,False,True,False,False,False,True,False,False,False,True
316.09,-1.0,34,2022,0,False,False,False,False,False,False,True,False,False,False,True
118.52,-1.0,34,2022,0,True,False,False,False,False,False,True,False,False,False,True
170.22,-1.0,34,2022,0,False,True,False,False,False,False,True,False,False,False,True
429.87,-1.0,34,2022,0,False,False,True,False,False,False,True,False,False,False,True
191.81,-1.0,34,2022,0,False,False,False,True,False,False,True,False,False,False,True
72.34,-1.0,34,2022,0,False,False,False,False,False,False,True,False,False,False,True
298.44,-1.0,34,2022,0,False,True,False,False,False,False,True,False,False,False,True
223.89,-1.0,18,2022,0,False,True,False,False,False,False,True,False,False,True,False
62.73,-1.0,18,2022,0,False,False,False,False,False,False,True,False,False,True,False
354.86,-1.0,18,2022,0,False,False,False,True,False,False,True,False,False,True,False
413.93,8594.0,19,2022,0,False,False,False,True,False,False,False,False,True,True,False
413.93,3511.0,19,2022,0,False,False,False,True,True,False,False,False,True,True,False
469.96,8594.0,19,2022,0,False,False,False,True,False,False,False,False,True,True,False
469.96,3511.0,19,2022,0,False,False,False,True,True,False,False,False,True,True,False
361.72,8594.0,19,2022,0,True,False,False,False,False,False,False,False,True,True,False
361.72,3511.0,19,2022,0,True,False,False,False,True,False,False,False,True,True,False
269.01,8594.0,19,2022,0,False,False,True,False,False,False,False,False,True,True,False
269.01,3511.0,19,2022,0,False,False,True,False,True,False,False,False,True,True,False
23.42,-1.0,3,2022,1,False,False,False,False,False,False,True,False,False,False,False
476.36,-1.0,3,2022,1,False,True,False,False,False,False,True,False,False,False,False
50.08,-1.0,3,2022,1,False,False,True,False,False,False,True,False,False,False,False
401.25,-1.0,6,2022,0,False,False,False,True,False,False,True,False,False,False,False
218.92,-1.0,20,2022,0,False,False,True,False,False,False,True,False,False,False,False
420.01,-1.0,20,2022,0,False,False,False,False,False,False,True,False,False,False,False
34.48,-1.0,20,2022,0,False,False,False,True,False,False,True,False,False,False,False
195.81,-1.0,20,2022,0,False,False,False,True,False,False,True,False,False,False,False
64.35,-1.0,20,2022,0,False,False,False,True,False,False,True,False,False,False,False
252.85,-1.0,20,2022,0,False,False,False,False,False,False,True,False,False,False,False
68.92,-1.0,20,2022,0,True,False,False,False,False,False,True,False,False,False,False
178.11,7895.0,22,2022,0,False,False,False,True,True,False,False,True,False,True,False
178.11,9831.0,22,2022,0,False,False,False,True,False,False,False,True,False,True,False
283.1,7895.0,22,2022,0,False,False,False,False,True,False,False,True,False,True,False
283.1,9831.0,22,2022,0,False,False,False,False,False,False,False,True,False,True,False
101.59,-1.0,33,2022,0,True,False,False,False,False,False,True,False,False,False,True
433.0,-1.0,33,2022,0,False,False,True,False,False,False,True,False,False,False,True
125.76,-1.0,33,2022,0,False,False,False,True,False,False,True,False,False,False,True
127.82,-1.0,33,2022,0,True,False,False,False,False,False,True,False,False,False,True
341.18,-1.0,33,2022,0,False,False,True,False,False,False,True,False,False,False,True
138.07,-1.0,14,2022,0,False,False,False,True,False,False,True,False,False,False,False
365.65,-1.0,14,2022,0,False,False,False,False,False,False,True,False,False,False,False
462.05,-1.0,14,2022,0,False,True,False,False,False,False,True,False,False,False,False
255.32,-1.0,14,2022,0,True,False,False,False,False,False,True,False,False,False,False
222.37,-1.0,14,2022,0,False,False,False,False,False,False,True,False,False,False,False
295.23,3525.0,44,2022,0,False,True,False,False,False,False,False,False,True,True,False
86.35,3525.0,44,2022,0,False,False,False,False,False,False,False,False,True,True,False
216.17,3525.0,44,2022,0,False,False,False,True,False,False,False,False,True,True,False
445.85,5295.0,9,2022,0,True,False,False,False,False,True,False,False,True,True,False
445.85,4341.0,9,2022,0,True,False,False,False,False,False,False,False,True,True,False
356.52,5295.0,9,2022,0,False,True,False,False,False,True,False,False,True,True,False
356.52,4341.0,9,2022,0,False,True,False,False,False,False,False,False,True,True,False
326.58,5295.0,9,2022,0,True,False,False,False,False,True,False,False,True,True,False
326.58,4341.0,9,2022,0,True,False,False,False,False,False,False,False,True,True,False
314.01,5295.0,9,2022,0,False,False,False,False,False,True,False,False,True,True,False
314.01,4341.0,9,2022,0,False,False,False,False,False,False,False,False,True,True,False
467.63,5295.0,9,2022,0,True,False,False,False,False,True,False,False,True,True,False
467.63,4341.0,9,2022,0,True,False,False,False,False,False,False,False,True,True,False
305.23,5295.0,9,2022,0,False,False,False,True,False,True,False,False,True,True,False
305.23,4341.0,9,2022,0,False,False,False,True,False,False,False,False,True,True,False
139.62,-1.0,45,2022,0,False,True,False,False,False,False,True,False,False,True,False
51.58,-1.0,45,2022,0,False,True,False,False,False,False,True,False,False,True,False
101.31,-1.0,45,2022,0,False,False,True,False,False,False,True,False,False,True,False
10.61,6180.0,25,2022,0,False,True,False,False,True,False,False,True,False,False,False
10.61,9473.0,25,2022,0,False,True,False,False,True,False,False,False,True,False,False
94.75,6180.0,25,2022,0,True,False,False,False,True,False,False,True,False,False,False
94.75,9473.0,25,2022,0,True,False,False,False,True,False,False,False,True,False,False
457.37,6180.0,25,2022,0,False,False,False,True,True,False,False,True,False,False,False
457.37,9473.0,25,2022,0,False,False,False,True,True,False,False,False,True,False,False
218.36,6180.0,25,2022,0,False,False,False,False,True,False,False,True,False,False,False
218.36,9473.0,25,2022,0,False,False,False,False,True,False,False,False,True,False,False
252.72,4959.0,47,2022,1,False,False,True,False,False,False,False,True,False,False,True
308.15,4959.0,47,2022,1,False,True,False,False,False,False,False,True,False,False,True
118.1,4959.0,47,2022,1,False,True,False,False,False,False,False,True,False,False,True
91.91,9191.0,16,2022,0,False,False,False,False,False,True,False,True,False,False,False
91.91,5275.0,16,2022,0,False,False,False,False,False,False,False,True,False,False,False
116.15,9191.0,16,2022,0,False,False,False,True,False,True,False,True,False,False,False
116.15,5275.0,16,2022,0,False,False,False,True,False,False,False,True,False,False,False
272.02,9191.0,16,2022,0,True,False,False,False,False,True,False,True,False,False,False
272.02,5275.0,16,2022,0,True,False,False,False,False,False,False,True,False,False,False
359.92,9191.0,16,2022,0,False,True,False,False,False,True,False,True,False,False,False
359.92,5275.0,16,2022,0,False,True,False,False,False,False,False,True,False,False,False
387.43,-1.0,7,2022,0,False,False,False,True,False,False,True,False,False,False,False
68.98,-1.0,7,2022,0,False,True,False,False,False,False,True,False,False,False,False
189.74,-1.0,7,2022,0,False,False,False,False,False,False,True,False,False,False,False
436.58,-1.0,7,2022,0,True,False,False,False,False,False,True,False,False,False,False
115.73,-1.0,7,2022,0,False,False,True,False,False,False,True,False,False,False,False
328.22,-1.0,7,2022,0,False,False,False,True,False,False,True,False,False,False,False
324.69,-1.0,7,2022,0,False,False,True,False,False,False,True,False,False,False,False
229.33,-1.0,7,2022,0,False,False,True,False,False,False,True,False,False,False,False
124.41,-1.0,7,2022,0,False,False,True,False,False,False,True,False,False,False,False
286.35,-1.0,11,2022,0,False,False,True,False,False,False,True,False,False,True,False
184.28,-1.0,11,2022,0,False,True,False,False,False,False,True,False,False,True,False
494.58,-1.0,11,2022,0,True,False,False,False,False,False,True,False,False,True,False
118.54,-1.0,27,2022,0,False,False,False,True,False,False,True,False,False,False,False
195.94,-1.0,27,2022,0,False,True,False,False,False,False,True,False,False,False,False
165.51,-1.0,27,2022,0,False,False,False,True,False,False,True,False,False,False,False
417.53,-1.0,27,2022,0,False,True,False,False,False,False,True,False,False,False,False
462.37,-1.0,27,2022,0,False,False,True,False,False,False,True,False,False,False,False
209.63,-1.0,40,2022,0,False,False,False,True,False,False,True,False,False,True,False
202.31,-1.0,40,2022,0,True,False,False,False,False,False,True,False,False,True,False
78.23,-1.0,40,2022,0,True,False,False,False,False,False,True,False,False,True,False
176.53,-1.0,40,2022,0,False,False,False,False,False,False,True,False,False,True,False
165.81,-1.0,40,2022,0,False,False,False,True,False,False,True,False,False,True,False
19.43,-1.0,40,2022,0,False,False,False,True,False,False,True,False,False,True,False
407.13,-1.0,40,2022,0,False,True,False,False,False,False,True,False,False,True,False
150.04,-1.0,40,2022,0,False,True,False,False,False,False,True,False,False,True,False
84.61,2826.0,17,2022,0,True,False,False,False,False,True,False,True,False,True,False
84.61,8888.0,17,2022,0,True,False,False,False,False,True,False,True,False,True,False
285.49,2826.0,17,2022,0,True,False,False,False,False,True,False,True,False,True,False
285.49,8888.0,17,2022,0,True,False,False,False,False,True,False,True,False,True,False
30.24,2826.0,17,2022,0,False,False,False,False,False,True,False,True,False,True,False
30.24,8888.0,17,2022,0,False,False,False,False,False,True,False,True,False,True,False
301.42,2826.0,17,2022,0,True,False,False,False,False,True,False,True,False,True,False
301.42,8888.0,17,2022,0,True,False,False,False,False,True,False,True,False,True,False
57.28,6970.0,5,2022,1,False,True,False,False,False,False,False,False,True,False,True
57.28,9825.0,5,2022,1,False,True,False,False,False,True,False,False,True,False,True
363.53,6970.0,5,2022,1,False,False,False,True,False,False,False,False,True,False,True
363.53,9825.0,5,2022,1,False,False,False,True,False,True,False,False,True,False,True
237.01,6970.0,5,2022,1,False,False,False,False,False,False,False,False,True,False,True
237.01,9825.0,5,2022,1,False,False,False,False,False,True,False,False,True,False,True
228.66,6970.0,5,2022,1,True,False,False,False,False,False,False,False,True,False,True
228.66,9825.0,5,2022,1,True,False,False,False,False,True,False,False,True,False,True
191.33,2127.0,29,2022,0,False,False,False,False,True,False,False,True,False,False,False
293.62,2127.0,29,2022,0,False,False,True,False,True,False,False,True,False,False,False
421.42,2127.0,29,2022,0,False,False,False,False,True,False,False,True,False,False,False
132.16,2127.0,29,2022,0,True,False,False,False,True,False,False,True,False,False,False
404.42,-1.0,10,2022,0,False,False,True,False,False,False,True,False,False,False,False
406.93,-1.0,10,2022,0,False,True,False,False,False,False,True,False,False,False,False
363.4,-1.0,10,2022,0,True,False,False,False,False,False,True,False,False,False,False
401.39,-1.0,10,2022,0,False,False,True,False,False,False,True,False,False,False,False
284.85,-1.0,10,2022,0,True,False,False,False,False,False,True,False,False,False,False
492.36,-1.0,10,2022,0,False,False,False,False,False,False,True,False,False,False,False
100.63,-1.0,10,2022,0,False,False,True,False,False,False,True,False,False,False,False
166.05,7774.0,47,2022,1,False,False,False,True,False,True,False,False,True,True,False
166.05,8178.0,47,2022,1,False,False,False,True,True,False,False,True,False,True,False
172.53,7774.0,47,2022,1,False,False,False,True,False,True,False,False,True,True,False
172.53,8178.0,47,2022,1,False,False,False,True,True,False,False,True,False,True,False
136.01,7774.0,47,2022,1,True,False,False,False,False,True,False,False,True,True,False
136.01,8178.0,47,2022,1,True,False,False,False,True,False,False,True,False,True,False
331.07,4838.0,25,2022,1,False,True,False,False,False,False,False,False,True,True,False
331.07,8975.0,25,2022,1,False,True,False,False,False,False,False,True,False,True,False
184.84,4838.0,25,2022,1,True,False,False,False,False,False,False,False,True,True,False
184.84,8975.0,25,2022,1,True,False,False,False,False,False,False,True,False,True,False
388.6,4838.0,25,2022,1,True,False,False,False,False,False,False,False,True,True,False
388.6,8975.0,25,2022,1,True,False,False,False,False,False,False,True,False,True,False
20.1,4838.0,25,2022,1,True,False,False,False,False,False,False,False,True,True,False
20.1,8975.0,25,2022,1,True,False,False,False,False,False,False,True,False,True,False
40.85,4838.0,25,2022,1,False,True,False,False,False,False,False,False,True,True,False
40.85,8975.0,25,2022,1,False,True,False,False,False,False,False,True,False,True,False
114.94,4838.0,25,2022,1,False,False,False,True,False,False,False,False,True,True,False
114.94,8975.0,25,2022,1,False,False,False,True,False,False,False,True,False,True,False
236.95,4011.0,24,2022,1,True,False,False,False,False,True,False,True,False,True,False
424.06,4011.0,24,2022,1,False,False,False,True,False,True,False,True,False,True,False
160.7,4011.0,24,2022,1,False,False,False,True,False,True,False,True,False,True,False
102.27,4011.0,24,2022,1,False,True,False,False,False,True,False,True,False,True,False
451.24,4011.0,24,2022,1,True,False,False,False,False,True,False,True,False,True,False
298.68,4011.0,24,2022,1,True,False,False,False,False,True,False,True,False,True,False
137.62,4011.0,24,2022,1,True,False,False,False,False,True,False,True,False,True,False
211.69,4011.0,24,2022,1,False,True,False,False,False,True,False,True,False,True,False
231.01,4011.0,24,2022,1,False,True,False,False,False,True,False,True,False,True,False
270.26,7342.0,44,2022,0,False,False,True,False,False,False,False,True,False,False,False
236.75,7342.0,44,2022,0,True,False,False,False,False,False,False,True,False,False,False
317.21,7342.0,44,2022,0,False,True,False,False,False,False,False,True,False,False,False
412.42,7342.0,44,2022,0,True,False,False,False,False,False,False,True,False,False,False
443.75,7342.0,44,2022,0,False,False,False,True,False,False,False,True,False,False,False
136.43,7342.0,44,2022,0,True,False,False,False,False,False,False,True,False,False,False
208.07,7342.0,44,2022,0,False,False,True,False,False,False,False,True,False,False,False
58.9,7342.0,44,2022,0,False,False,False,False,False,False,False,True,False,False,False
214.25,7751.0,12,2022,1,False,False,True,False,False,True,False,True,False,False,False
57.03,7751.0,12,2022,1,True,False,False,False,False,True,False,True,False,False,False
238.78,7751.0,12,2022,1,False,True,False,False,False,True,False,True,False,False,False
259.91,7751.0,12,2022,1,False,False,False,False,False,True,False,True,False,False,False
470.61,2857.0,5,2022,1,False,False,False,False,False,True,False,True,False,False,True
470.61,8428.0,5,2022,1,False,False,False,False,False,False,False,False,True,False,True
54.93,2857.0,5,2022,1,False,False,False,False,False,True,False,True,False,False,True
54.93,8428.0,5,2022,1,False,False,False,False,False,False,False,False,True,False,True
287.15,2857.0,5,2022,1,True,False,False,False,False,True,False,True,False,False,True
287.15,8428.0,5,2022,1,True,False,False,False,False,False,False,False,True,False,True
71.23,2857.0,5,2022,1,True,False,False,False,False,True,False,True,False,False,True
71.23,8428.0,5,2022,1,True,False,False,False,False,False,False,False,True,False,True
253.82,-1.0,29,2022,0,False,False,True,False,False,False,True,False,False,True,False
226.68,-1.0,29,2022,0,True,False,False,False,False,False,True,False,False,True,False
256.72,-1.0,29,2022,0,True,False,False,False,False,False,True,False,False,True,False
460.67,-1.0,29,2022,0,True,False,False,False,False,False,True,False,False,True,False
12.77,-1.0,29,2022,0,False,False,True,False,False,False,True,False,False,True,False
229.06,-1.0,29,2022,0,True,False,False,False,False,False,True,False,False,True,False
239.0,-1.0,29,2022,0,False,False,False,False,False,False,True,False,False,True,False
118.34,-1.0,29,2022,0,False,False,False,False,False,False,True,False,False,True,False
377.08,6946.0,35,2022,0,False,False,False,True,False,True,False,False,True,False,False
78.58,6946.0,35,2022,0,True,False,False,False,False,True,False,False,True,False,False
361.23,6946.0,35,2022,0,False,False,False,True,False,True,False,False,True,False,False
23.87,4328.0,23,2022,1,False,False,False,False,False,False,False,True,False,True,False
463.19,4328.0,23,2022,1,False,False,False,False,False,False,False,True,False,True,False
444.26,4328.0,23,2022,1,False,False,True,False,False,False,False,True,False,True,False
110.82,-1.0,32,2022,0,False,False,True,False,False,False,True,False,False,False,False
145.39,-1.0,40,2022,1,False,False,True,False,False,False,True,False,False,False,True
340.38,-1.0,40,2022,1,False,False,False,False,False,False,True,False,False,False,True
142.09,-1.0,40,2022,1,False,False,True,False,False,False,True,False,False,False,True
494.59,-1.0,40,2022,1,True,False,False,False,False,False,True,False,False,False,True
337.72,-1.0,40,2022,1,False,False,False,True,False,False,True,False,False,False,True
481.02,-1.0,40,2022,1,True,False,False,False,False,False,True,False,False,False,True
97.01,-1.0,40,2022,1,False,False,False,True,False,False,True,False,False,False,True
143.57,-1.0,40,2022,1,False,False,False,False,False,False,True,False,False,False,True
232.38,-1.0,19,2022,0,True,False,False,False,False,False,True,False,False,False,False
233.29,9746.0,25,2022,0,False,False,False,False,True,False,False,False,True,False,False
233.29,5867.0,25,2022,0,False,False,False,False,True,False,False,False,True,False,False
42.55,9746.0,25,2022,0,False,False,False,True,True,False,False,False,True,False,False
42.55,5867.0,25,2022,0,False,False,False,True,True,False,False,False,True,False,False
458.03,9746.0,25,2022,0,True,False,False,False,True,False,False,False,True,False,False
458.03,5867.0,25,2022,0,True,False,False,False,True,False,False,False,True,False,False
116.25,9746.0,25,2022,0,False,False,False,True,True,False,False,False,True,False,False
116.25,5867.0,25,2022,0,False,False,False,True,True,False,False,False,True,False,False
404.4,9746.0,25,2022,0,False,True,False,False,True,False,False,False,True,False,False
404.4,5867.0,25,2022,0,False,True,False,False,True,False,False,False,True,False,False
165.4,9746.0,25,2022,0,True,False,False,False,True,False,False,False,True,False,False
165.4,5867.0,25,2022,0,True,False,False,False,True,False,False,False,True,False,False
220.53,-1.0,45,2022,0,False,False,True,False,False,False,True,False,False,True,False
351.3,-1.0,45,2022,0,False,False,True,False,False,False,True,False,False,True,False
273.85,-1.0,45,2022,0,True,False,False,False,False,False,True,False,False,True,False
477.4,-1.0,45,2022,0,False,False,False,True,False,False,True,False,False,True,False
222.83,-1.0,45,2022,0,False,False,False,False,False,False,True,False,False,True,False
105.33,-1.0,37,2022,0,False,False,False,True,False,False,True,False,False,False,False
64.14,-1.0,37,2022,0,False,False,False,False,False,False,True,False,False,False,False
309.33,-1.0,37,2022,0,True,False,False,False,False,False,True,False,False,False,False
368.18,-1.0,37,2022,0,False,False,True,False,False,False,True,False,False,False,False
131.06,-1.0,37,2022,0,False,False,False,False,False,False,True,False,False,False,False
224.81,-1.0,37,2022,0,False,False,False,True,False,False,True,False,False,False,False
164.36,-1.0,37,2022,0,False,False,False,True,False,False,True,False,False,False,False
125.27,-1.0,37,2022,0,True,False,False,False,False,False,True,False,False,False,False
197.6,-1.0,37,2022,0,False,False,True,False,False,False,True,False,False,False,False
9.19,-1.0,1,2022,0,False,False,False,True,False,False,True,False,False,False,True
452.17,-1.0,1,2022,0,False,False,False,True,False,False,True,False,False,False,True
144.41,-1.0,1,2022,0,False,True,False,False,False,False,True,False,False,False,True
391.62,-1.0,1,2022,0,True,False,False,False,False,False,True,False,False,False,True
275.83,-1.0,1,2022,0,True,False,False,False,False,False,True,False,False,False,True
293.81,-1.0,1,2022,0,True,False,False,False,False,False,True,False,False,False,True
107.63,-1.0,1,2022,0,False,False,False,True,False,False,True,False,False,False,True
280.78,6132.0,43,2022,0,False,False,True,False,False,True,False,True,False,False,True
280.78,7449.0,43,2022,0,False,False,True,False,False,False,False,False,True,False,True
48.02,6132.0,43,2022,0,False,False,False,False,False,True,False,True,False,False,True
48.02,7449.0,43,2022,0,False,False,False,False,False,False,False,False,True,False,True
472.13,6132.0,43,2022,0,False,True,False,False,False,True,False,True,False,False,True
472.13,7449.0,43,2022,0,False,True,False,False,False,False,False,False,True,False,True
462.52,6132.0,43,2022,0,True,False,False,False,False,True,False,True,False,False,True
462.52,7449.0,43,2022,0,True,False,False,False,False,False,False,False,True,False,True
148.39,6132.0,43,2022,0,True,False,False,False,False,True,False,True,False,False,True
148.39,7449.0,43,2022,0,True,False,False,False,False,False,False,False,True,False,True
224.36,-1.0,13,2022,0,True,False,False,False,False,False,True,False,False,True,False
222.98,-1.0,13,2022,0,False,False,False,True,False,False,True,False,False,True,False
463.89,-1.0,12,2022,0,False,True,False,False,False,False,True,False,False,False,False
55.81,-1.0,12,2022,0,False,False,False,True,False,False,True,False,False,False,False
276.11,-1.0,12,2022,0,False,True,False,False,False,False,True,False,False,False,False
177.45,-1.0,12,2022,0,False,False,False,True,False,False,True,False,False,False,False
168.1,-1.0,12,2022,0,False,True,False,False,False,False,True,False,False,False,False
480.04,-1.0,12,2022,0,True,False,False,False,False,False,True,False,False,False,False
330.59,-1.0,12,2022,0,False,False,True,False,False,False,True,False,False,False,False
137.12,7718.0,47,2022,0,False,False,False,False,False,True,False,True,False,True,False
271.07,7718.0,47,2022,0,True,False,False,False,False,True,False,True,False,True,False
266.03,7718.0,47,2022,0,False,False,True,False,False,True,False,True,False,True,False
433.71,7718.0,47,2022,0,True,False,False,False,False,True,False,True,False,True,False
115.5,7718.0,47,2022,0,False,False,False,True,False,True,False,True,False,True,False
6.53,7718.0,47,2022,0,False,False,False,False,False,True,False,True,False,True,False
32.66,3852.0,43,2022,0,False,True,False,False,False,True,False,False,True,False,False
32.66,8238.0,43,2022,0,False,True,False,False,True,False,False,True,False,False,False
179.38,3852.0,43,2022,0,False,False,False,False,False,True,False,False,True,False,False
179.38,8238.0,43,2022,0,False,False,False,False,True,False,False,True,False,False,False
116.1,3852.0,43,2022,0,True,False,False,False,False,True,False,False,True,False,False
116.1,8238.0,43,2022,0,True,False,False,False,True,False,False,True,False,False,False
384.82,3852.0,43,2022,0,False,False,True,False,False,True,False,False,True,False,False
384.82,8238.0,43,2022,0,False,False,True,False,True,False,False,True,False,False,False
8.02,3852.0,43,2022,0,False,False,True,False,False,True,False,False,True,False,False
8.02,8238.0,43,2022,0,False,False,True,False,True,False,False,True,False,False,False
32.98,3852.0,43,2022,0,False,False,False,False,False,True,False,False,True,False,False
32.98,8238.0,43,2022,0,False,False,False,False,True,False,False,True,False,False,False
486.45,3852.0,43,2022,0,False,False,False,False,False,True,False,False,True,False,False
486.45,8238.0,43,2022,0,False,False,False,False,True,False,False,True,False,False,False
80.42,3852.0,43,2022,0,True,False,False,False,False,True,False,False,True,False,False
80.42,8238.0,43,2022,0,True,False,False,False,True,False,False,True,False,False,False
483.91,3852.0,43,2022,0,False,False,False,True,False,True,False,False,True,False,False
483.91,8238.0,43,2022,0,False,False,False,True,True,False,False,True,False,False,False
287.91,7698.0,37,2022,0,False,False,False,True,True,False,False,False,True,False,False
287.91,6988.0,37,2022,0,False,False,False,True,False,True,False,True,False,False,False
396.47,7698.0,37,2022,0,False,False,False,True,True,False,False,False,True,False,False
396.47,6988.0,37,2022,0,False,False,False,True,False,True,False,True,False,False,False
432.99,7698.0,37,2022,0,False,True,False,False,True,False,False,False,True,False,False
432.99,6988.0,37,2022,0,False,True,False,False,False,True,False,True,False,False,False
78.22,7698.0,37,2022,0,False,False,False,True,True,False,False,False,True,False,False
78.22,6988.0,37,2022,0,False,False,False,True,False,True,False,True,False,False,False
187.74,7698.0,37,2022,0,True,False,False,False,True,False,False,False,True,False,False
187.74,6988.0,37,2022,0,True,False,False,False,False,True,False,True,False,False,False
407.1,7698.0,37,2022,0,False,False,True,False,True,False,False,False,True,False,False
407.1,6988.0,37,2022,0,False,False,True,False,False,True,False,True,False,False,False
74.37,7698.0,37,2022,0,False,False,True,False,True,False,False,False,True,False,False
74.37,6988.0,37,2022,0,False,False,True,False,False,True,False,True,False,False,False
400.48,7698.0,37,2022,0,False,False,False,False,True,False,False,False,True,False,False
400.48,6988.0,37,2022,0,False,False,False,False,False,True,False,True,False,False,False
43.8,9266.0,42,2022,0,False,False,False,False,False,False,False,True,False,False,False
43.8,2922.0,42,2022,0,False,False,False,False,False,False,False,True,False,False,False
359.19,9266.0,42,2022,0,False,False,False,True,False,False,False,True,False,False,False
359.19,2922.0,42,2022,0,False,False,False,True,False,False,False,True,False,False,False
182.01,9266.0,42,2022,0,False,True,False,False,False,False,False,True,False,False,False
182.01,2922.0,42,2022,0,False,True,False,False,False,False,False,True,False,False,False
138.08,9266.0,42,2022,0,False,False,False,True,False,False,False,True,False,False,False
138.08,2922.0,42,2022,0,False,False,False,True,False,False,False,True,False,False,False
124.99,9266.0,42,2022,0,False,False,False,False,False,False,False,True,False,False,False
124.99,2922.0,42,2022,0,False,False,False,False,False,False,False,True,False,False,False
296.87,-1.0,41,2022,0,False,False,True,False,False,False,True,False,False,False,True
386.49,-1.0,41,2022,0,False,False,True,False,False,False,True,False,False,False,True
430.25,-1.0,41,2022,0,False,True,False,False,False,False,True,False,False,False,True
123.78,5828.0,12,2022,0,False,False,True,False,False,False,False,True,False,True,False
229.9,5828.0,12,2022,0,False,False,False,True,False,False,False,True,False,True,False
323.59,5828.0,12,2022,0,True,False,False,False,False,False,False,True,False,True,False
161.84,5701.0,36,2022,0,False,True,False,False,False,False,False,False,True,False,False
161.84,8412.0,36,2022,0,False,True,False,False,False,False,False,False,True,False,False
398.53,5336.0,38,2022,0,False,False,True,False,False,True,False,True,False,False,True
398.53,8734.0,38,2022,0,False,False,True,False,False,False,False,True,False,False,True
155.12,5336.0,38,2022,0,False,False,True,False,False,True,False,True,False,False,True
155.12,8734.0,38,2022,0,False,False,True,False,False,False,False,True,False,False,True
134.58,7770.0,9,2022,0,False,False,False,True,True,False,False,True,False,False,False
243.02,7770.0,9,2022,0,False,True,False,False,True,False,False,True,False,False,False
286.81,7770.0,9,2022,0,True,False,False,False,True,False,False,True,False,False,False
87.76,7770.0,9,2022,0,False,False,False,False,True,False,False,True,False,False,False
141.59,7770.0,9,2022,0,False,True,False,False,True,False,False,True,False,False,False
23.13,-1.0,14,2022,0,False,False,False,False,False,False,True,False,False,True,False
475.22,-1.0,14,2022,0,False,False,False,True,False,False,True,False,False,True,False
192.43,-1.0,14,2022,0,True,False,False,False,False,False,True,False,False,True,False
147.43,-1.0,14,2022,0,False,True,False,False,False,False,True,False,False,True,False
51.54,-1.0,14,2022,0,False,False,False,True,False,False,True,False,False,True,False
370.31,6015.0,45,2022,1,True,False,False,False,True,False,False,True,False,True,False
370.31,9923.0,45,2022,1,True,False,False,False,False,False,False,True,False,True,False
271.57,6015.0,45,2022,1,False,False,False,True,True,False,False,True,False,True,False
271.57,9923.0,45,2022,1,False,False,False,True,False,False,False,True,False,True,False
453.32,6015.0,45,2022,1,False,False,False,True,True,False,False,True,False,True,False
453.32,9923.0,45,2022,1,False,False,False,True,False,False,False,True,False,True,False
13.36,6015.0,45,2022,1,True,False,False,False,True,False,False,True,False,True,False
13.36,9923.0,45,2022,1,True,False,False,False,False,False,False,True,False,True,False
492.35,8080.0,35,2022,0,False,False,False,True,True,False,False,False,True,True,False
492.35,8740.0,35,2022,0,False,False,False,True,False,True,False,True,False,True,False
132.38,7740.0,32,2022,0,True,False,False,False,True,False,False,True,False,True,False
132.38,9363.0,32,2022,0,True,False,False,False,False,False,False,False,True,True,False
413.93,7740.0,32,2022,0,False,True,False,False,True,False,False,True,False,True,False
413.93,9363.0,32,2022,0,False,True,False,False,False,False,False,False,True,True,False
119.17,7740.0,32,2022,0,False,False,True,False,True,False,False,True,False,True,False
119.17,9363.0,32,2022,0,False,False,True,False,False,False,False,False,True,True,False
481.44,7740.0,32,2022,0,False,False,False,True,True,False,False,True,False,True,False
481.44,9363.0,32,2022,0,False,False,False,True,False,False,False,False,True,True,False
455.56,7740.0,32,2022,0,False,True,False,False,True,False,False,True,False,True,False
455.56,9363.0,32,2022,0,False,True,False,False,False,False,False,False,True,True,False
427.48,7740.0,32,2022,0,False,False,False,True,True,False,False,True,False,True,False
427.48,9363.0,32,2022,0,False,False,False,True,False,False,False,False,True,True,False
436.92,4829.0,46,2022,0,True,False,False,False,True,False,False,True,False,False,False
436.92,9008.0,46,2022,0,True,False,False,False,True,False,False,True,False,False,False
469.32,4829.0,46,2022,0,False,False,True,False,True,False,False,True,False,False,False
469.32,9008.0,46,2022,0,False,False,True,False,True,False,False,True,False,False,False
230.4,4829.0,46,2022,0,False,True,False,False,True,False,False,True,False,False,False
230.4,9008.0,46,2022,0,False,True,False,False,True,False,False,True,False,False,False
88.35,4829.0,46,2022,0,False,False,False,False,True,False,False,True,False,False,False
88.35,9008.0,46,2022,0,False,False,False,False,True,False,False,True,False,False,False
149.95,4829.0,46,2022,0,False,True,False,False,True,False,False,True,False,False,False
149.95,9008.0,46,2022,0,False,True,False,False,True,False,False,True,False,False,False
306.25,4829.0,46,2022,0,False,False,True,False,True,False,False,True,False,False,False
306.25,9008.0,46,2022,0,False,False,True,False,True,False,False,True,False,False,False
244.38,4829.0,46,2022,0,False,False,True,False,True,False,False,True,False,False,False
244.38,9008.0,46,2022,0,False,False,True,False,True,False,False,True,False,False,False
303.76,4829.0,46,2022,0,True,False,False,False,True,False,False,True,False,False,False
303.76,9008.0,46,2022,0,True,False,False,False,True,False,False,True,False,False,False
68.4,4829.0,46,2022,0,False,False,False,False,True,False,False,True,False,False,False
68.4,9008.0,46,2022,0,False,False,False,False,True,False,False,True,False,False,False
128.84,4863.0,3,2022,1,False,True,False,False,False,True,False,False,True,True,False
128.84,4455.0,3,2022,1,False,True,False,False,False,True,False,True,False,True,False
407.66,4863.0,3,2022,1,True,False,False,False,False,True,False,False,True,True,False
407.66,4455.0,3,2022,1,True,False,False,False,False,True,False,True,False,True,False
125.87,4863.0,3,2022,1,False,True,False,False,False,True,False,False,True,True,False
125.87,4455.0,3,2022,1,False,True,False,False,False,True,False,True,False,True,False
127.1,4863.0,3,2022,1,False,True,False,False,False,True,False,False,True,True,False
127.1,4455.0,3,2022,1,False,True,False,False,False,True,False,True,False,True,False
483.57,4863.0,3,2022,1,False,False,False,True,False,True,False,False,True,True,False
483.57,4455.0,3,2022,1,False,False,False,True,False,True,False,True,False,True,False
468.59,4863.0,3,2022,1,False,True,False,False,False,True,False,False,True,True,False
468.59,4455.0,3,2022,1,False,True,False,False,False,True,False,True,False,True,False
124.52,4863.0,3,2022,1,False,False,True,False,False,True,False,False,True,True,False
124.52,4455.0,3,2022,1,False,False,True,False,False,True,False,True,False,True,False
397.53,4863.0,3,2022,1,False,True,False,False,False,True,False,False,True,True,False
397.53,4455.0,3,2022,1,False,True,False,False,False,True,False,True,False,True,False
403.16,4863.0,3,2022,1,True,False,False,False,False,True,False,False,True,True,False
403.16,4455.0,3,2022,1,True,False,False,False,False,True,False,True,False,True,False
289.24,2978.0,30,2022,0,False,False,True,False,False,True,False,False,True,False,True
289.24,3694.0,30,2022,0,False,False,True,False,False,True,False,False,True,False,True
121.88,2978.0,30,2022,0,True,False,False,False,False,True,False,False,True,False,True
121.88,3694.0,30,2022,0,True,False,False,False,False,True,False,False,True,False,True
444.57,2978.0,30,2022,0,False,False,True,False,False,True,False,False,True,False,True
444.57,3694.0,30,2022,0,False,False,True,False,False,True,False,False,True,False,True
281.05,2978.0,30,2022,0,False,False,False,True,False,True,False,False,True,False,True
281.05,3694.0,30,2022,0,False,False,False,True,False,True,False,False,True,False,True
366.4,2978.0,30,2022,0,False,False,False,True,False,True,False,False,True,False,True
366.4,3694.0,30,2022,0,False,False,False,True,False,True,False,False,True,False,True
74.68,2978.0,30,2022,0,False,False,True,False,False,True,False,False,True,False,True
74.68,3694.0,30,2022,0,False,False,True,False,False,True,False,False,True,False,True
242.17,2978.0,30,2022,0,True,False,False,False,False,True,False,False,True,False,True
242.17,3694.0,30,2022,0,True,False,False,False,False,True,False,False,True,False,True
43.61,2978.0,30,2022,0,False,False,True,False,False,True,False,False,True,False,True
43.61,3694.0,30,2022,0,False,False,True,False,False,True,False,False,True,False,True
131.3,4817.0,49,2022,0,False,False,True,False,False,False,False,False,True,False,False
131.3,4530.0,49,2022,0,False,False,True,False,False,True,False,True,False,False,False
244.22,4817.0,49,2022,0,True,False,False,False,False,False,False,False,True,False,False
244.22,4530.0,49,2022,0,True,False,False,False,False,True,False,True,False,False,False
499.56,4817.0,49,2022,0,False,False,False,True,False,False,False,False,True,False,False
499.56,4530.0,49,2022,0,False,False,False,True,False,True,False,True,False,False,False
213.51,-1.0,7,2022,1,True,False,False,False,False,False,True,False,False,True,False
9.93,-1.0,7,2022,1,False,False,True,False,False,False,True,False,False,True,False
267.23,-1.0,7,2022,1,False,False,False,False,False,False,True,False,False,True,False
101.29,-1.0,7,2022,1,False,False,False,True,False,False,True,False,False,True,False
469.37,-1.0,7,2022,1,True,False,False,False,False,False,True,False,False,True,False
481.43,-1.0,7,2022,1,False,False,True,False,False,False,True,False,False,True,False
365.58,3662.0,1,2022,1,False,False,False,False,True,False,False,False,True,False,False
365.58,4622.0,1,2022,1,False,False,False,False,False,True,False,False,True,False,False
128.73,3662.0,1,2022,1,True,False,False,False,True,False,False,False,True,False,False
128.73,4622.0,1,2022,1,True,False,False,False,False,True,False,False,True,False,False
284.74,5524.0,20,2022,0,False,False,True,False,False,True,False,False,True,False,False
284.74,5828.0,20,2022,0,False,False,True,False,False,False,False,False,True,False,False
312.51,5524.0,20,2022,0,False,True,False,False,False,True,False,False,True,False,False
312.51,5828.0,20,2022,0,False,True,False,False,False,False,False,False,True,False,False
15.53,5524.0,20,2022,0,False,False,False,True,False,True,False,False,True,False,False
15.53,5828.0,20,2022,0,False,False,False,True,False,False,False,False,True,False,False
183.84,5524.0,20,2022,0,False,False,False,False,False,True,False,False,True,False,False
183.84,5828.0,20,2022,0,False,False,False,False,False,False,False,False,True,False,False
129.28,5524.0,20,2022,0,True,False,False,False,False,True,False,False,True,False,False
129.28,5828.0,20,2022,0,True,False,False,False,False,False,False,False,True,False,False
348.8,5524.0,20,2022,0,False,False,False,False,False,True,False,False,True,False,False
348.8,5828.0,20,2022,0,False,False,False,False,False,False,False,False,True,False,False
301.71,3216.0,25,2022,1,True,False,False,False,False,True,False,True,False,False,True
301.71,6525.0,25,2022,1,True,False,False,False,True,False,False,True,False,False,True
356.25,3216.0,25,2022,1,False,True,False,False,False,True,False,True,False,False,True
356.25,6525.0,25,2022,1,False,True,False,False,True,False,False,True,False,False,True
65.04,3216.0,25,2022,1,False,False,False,False,False,True,False,True,False,False,True
65.04,6525.0,25,2022,1,False,False,False,False,True,False,False,True,False,False,True
262.74,8650.0,33,2022,1,False,False,True,False,False,True,False,False,True,False,True
350.44,8650.0,33,2022,1,False,False,False,False,False,True,False,False,True,False,True
223.78,8229.0,35,2022,0,True,False,False,False,False,True,False,True,False,False,True
188.01,8229.0,35,2022,0,False,False,True,False,False,True,False,True,False,False,True
338.38,8229.0,35,2022,0,False,False,False,False,False,True,False,True,False,False,True
213.16,7298.0,44,2022,0,False,True,False,False,False,False,False,False,True,True,False
470.73,7298.0,44,2022,0,False,False,False,False,False,False,False,False,True,True,False
101.31,7298.0,44,2022,0,True,False,False,False,False,False,False,False,True,True,False
27.17,7298.0,44,2022,0,False,True,False,False,False,False,False,False,True,True,False
441.91,7298.0,44,2022,0,False,False,True,False,False,False,False,False,True,True,False
479.5,7298.0,44,2022,0,False,False,True,False,False,False,False,False,True,True,False
100.23,7298.0,44,2022,0,False,False,False,False,False,False,False,False,True,True,False
393.41,-1.0,24,2022,0,False,False,True,False,False,False,True,False,False,False,True
147.57,-1.0,24,2022,0,True,False,False,False,False,False,True,False,False,False,True
288.3,-1.0,24,2022,0,True,False,False,False,False,False,True,False,False,False,True
42.8,-1.0,24,2022,0,False,False,False,False,False,False,True,False,False,False,True
146.51,-1.0,24,2022,0,False,False,False,True,False,False,True,False,False,False,True
476.62,-1.0,24,2022,0,False,True,False,False,False,False,True,False,False,False,True
288.43,-1.0,24,2022,0,False,True,False,False,False,False,True,False,False,False,True
349.64,-1.0,24,2022,0,False,False,False,False,False,False,True,False,False,False,True
37.93,-1.0,14,2022,0,False,False,True,False,False,False,True,False,False,False,False
150.08,-1.0,14,2022,0,False,False,False,False,False,False,True,False,False,False,False
275.8,-1.0,14,2022,0,False,True,False,False,False,False,True,False,False,False,False
60.98,-1.0,14,2022,0,True,False,False,False,False,False,True,False,False,False,False
128.83,-1.0,14,2022,0,True,False,False,False,False,False,True,False,False,False,False
76.68,3200.0,39,2022,0,False,False,False,False,False,False,False,True,False,False,False
364.59,3200.0,39,2022,0,False,False,False,False,False,False,False,True,False,False,False
234.95,3200.0,39,2022,0,False,True,False,False,False,False,False,True,False,False,False
157.45,3200.0,39,2022,0,False,False,False,False,False,False,False,True,False,False,False
185.09,3200.0,39,2022,0,False,False,False,False,False,False,False,True,False,False,False
136.24,3200.0,39,2022,0,False,True,False,False,False,False,False,True,False,False,False
349.28,3200.0,39,2022,0,False,False,True,False,False,False,False,True,False,False,False
236.46,-1.0,44,2022,0,False,True,False,False,False,False,True,False,False,True,False
212.02,-1.0,44,2022,0,True,False,False,False,False,False,True,False,False,True,False
405.37,4052.0,34,2022,0,False,True,False,False,False,True,False,False,True,True,False
158.16,4052.0,34,2022,0,False,True,False,False,False,True,False,False,True,True,False
310.94,4052.0,34,2022,0,True,False,False,False,False,True,False,False,True,True,False
333.37,4052.0,34,2022,0,False,False,True,False,False,True,False,False,True,True,False
346.98,4052.0,34,2022,0,False,False,False,False,False,True,False,False,True,True,False
70.57,4052.0,34,2022,0,True,False,False,False,False,True,False,False,True,True,False
312.99,3991.0,18,2022,1,True,False,False,False,False,False,False,True,False,False,False
312.99,3986.0,18,2022,1,True,False,False,False,True,False,False,True,False,False,False
275.22,3991.0,18,2022,1,False,False,False,True,False,False,False,True,False,False,False
275.22,3986.0,18,2022,1,False,False,False,True,True,False,False,True,False,False,False
215.99,3991.0,18,2022,1,False,False,False,True,False,False,False,True,False,False,False
215.99,3986.0,18,2022,1,False,False,False,True,True,False,False,True,False,False,False
255.14,3991.0,18,2022,1,False,True,False,False,False,False,False,True,False,False,False
255.14,3986.0,18,2022,1,False,True,False,False,True,False,False,True,False,False,False
380.8,3991.0,18,2022,1,False,False,False,True,False,False,False,True,False,False,False
380.8,3986.0,18,2022,1,False,False,False,True,True,False,False,True,False,False,False
157.43,3991.0,18,2022,1,False,False,False,False,False,False,False,True,False,False,False
157.43,3986.0,18,2022,1,False,False,False,False,True,False,False,True,False,False,False
353.31,3991.0,18,2022,1,True,False,False,False,False,False,False,True,False,False,False
353.31,3986.0,18,2022,1,True,False,False,False,True,False,False,True,False,False,False
61.45,3991.0,18,2022,1,False,False,True,False,False,False,False,True,False,False,False
61.45,3986.0,18,2022,1,False,False,True,False,True,False,False,True,False,False,False
58.03,6920.0,2,2022,0,False,False,False,False,True,False,False,False,True,True,False
58.03,3817.0,2,2022,0,False,False,False,False,False,False,False,True,False,True,False
364.93,6920.0,2,2022,0,False,False,False,False,True,False,False,False,True,True,False
364.93,3817.0,2,2022,0,False,False,False,False,False,False,False,True,False,True,False
142.75,6920.0,2,2022,0,False,True,False,False,True,False,False,False,True,True,False
142.75,3817.0,2,2022,0,False,True,False,False,False,False,False,True,False,True,False
453.15,6920.0,2,2022,0,False,True,False,False,True,False,False,False,True,True,False
453.15,3817.0,2,2022,0,False,True,False,False,False,False,False,True,False,True,False
54.9,6920.0,2,2022,0,False,False,False,False,True,False,False,False,True,True,False
54.9,3817.0,2,2022,0,False,False,False,False,False,False,False,True,False,True,False
95.03,6920.0,2,2022,0,False,False,False,True,True,False,False,False,True,True,False
95.03,3817.0,2,2022,0,False,False,False,True,False,False,False,True,False,True,False
27.84,9255.0,38,2022,0,False,False,True,False,False,False,False,False,True,False,False
27.84,8238.0,38,2022,0,False,False,True,False,False,False,False,True,False,False,False
109.55,9255.0,38,2022,0,False,False,True,False,False,False,False,False,True,False,False
109.55,8238.0,38,2022,0,False,False,True,False,False,False,False,True,False,False,False
492.28,9255.0,38,2022,0,False,False,False,False,False,False,False,False,True,False,False
492.28,8238.0,38,2022,0,False,False,False,False,False,False,False,True,False,False,False
325.01,9255.0,38,2022,0,True,False,False,False,False,False,False,False,True,False,False
325.01,8238.0,38,2022,0,True,False,False,False,False,False,False,True,False,False,False
118.33,9255.0,38,2022,0,False,False,False,True,False,False,False,False,True,False,False
118.33,8238.0,38,2022,0,False,False,False,True,False,False,False,True,False,False,False
491.19,2723.0,17,2022,1,False,False,False,True,True,False,False,True,False,False,False
433.38,2723.0,17,2022,1,False,True,False,False,True,False,False,True,False,False,False
467.17,2723.0,17,2022,1,False,False,False,False,True,False,False,True,False,False,False
318.36,2723.0,17,2022,1,True,False,False,False,True,False,False,True,False,False,False
49.64,2723.0,17,2022,1,False,False,True,False,True,False,False,True,False,False,False
341.2,2723.0,17,2022,1,False,False,False,True,True,False,False,True,False,False,False
278.53,2723.0,17,2022,1,False,False,False,True,True,False,False,True,False,False,False
6.3,2723.0,17,2022,1,False,True,False,False,True,False,False,True,False,False,False
439.75,2723.0,17,2022,1,True,False,False,False,True,False,False,True,False,False,False
442.76,7104.0,23,2022,1,False,True,False,False,False,True,False,True,False,False,False
442.76,4351.0,23,2022,1,False,True,False,False,False,True,False,True,False,False,False
375.92,7104.0,23,2022,1,False,False,False,True,False,True,False,True,False,False,False
375.92,4351.0,23,2022,1,False,False,False,True,False,True,False,True,False,False,False
119.9,7104.0,23,2022,1,False,False,False,True,False,True,False,True,False,False,False
119.9,4351.0,23,2022,1,False,False,False,True,False,True,False,True,False,False,False
116.2,5299.0,33,2022,0,False,False,True,False,True,False,False,True,False,False,True
116.2,6920.0,33,2022,0,False,False,True,False,False,True,False,True,False,False,True
401.66,5299.0,33,2022,0,False,False,False,False,True,False,False,True,False,False,True
401.66,6920.0,33,2022,0,False,False,False,False,False,True,False,True,False,False,True
410.34,5299.0,33,2022,0,False,True,False,False,True,False,False,True,False,False,True
410.34,6920.0,33,2022,0,False,True,False,False,False,True,False,True,False,False,True
318.29,5299.0,33,2022,0,False,False,False,False,True,False,False,True,False,False,True
318.29,6920.0,33,2022,0,False,False,False,False,False,True,False,True,False,False,True
226.06,5299.0,33,2022,0,True,False,False,False,True,False,False,True,False,False,True
226.06,6920.0,33,2022,0,True,False,False,False,False,True,False,True,False,False,True
317.32,5299.0,33,2022,0,True,False,False,False,True,False,False,True,False,False,True
317.32,6920.0,33,2022,0,True,False,False,False,False,True,False,True,False,False,True
494.01,5299.0,33,2022,0,False,True,False,False,True,False,False,True,False,False,True
494.01,6920.0,33,2022,0,False,True,False,False,False,True,False,True,False,False,True
374.94,-1.0,28,2022,0,False,True,False,False,False,False,True,False,False,True,False
369.95,-1.0,28,2022,0,False,False,False,True,False,False,True,False,False,True,False
27.36,-1.0,15,2022,0,False,False,True,False,False,False,True,False,False,False,True
456.04,-1.0,15,2022,0,True,False,False,False,False,False,True,False,False,False,True
447.39,-1.0,15,2022,0,True,False,False,False,False,False,True,False,False,False,True
215.41,-1.0,15,2022,0,True,False,False,False,False,False,True,False,False,False,True
10.61,-1.0,15,2022,0,True,False,False,False,False,False,True,False,False,False,True
391.77,-1.0,15,2022,0,False,False,False,True,False,False,True,False,False,False,True
208.23,-1.0,15,2022,0,False,False,False,False,False,False,True,False,False,False,True
403.3,-1.0,15,2022,0,False,False,False,True,False,False,True,False,False,False,True
162.91,-1.0,15,2022,0,False,False,False,True,False,False,True,False,False,False,True
318.24,2493.0,11,2022,0,False,False,True,False,True,False,False,True,False,False,True
290.28,2493.0,11,2022,0,False,False,False,True,True,False,False,True,False,False,True
86.67,2493.0,11,2022,0,False,False,False,True,True,False,False,True,False,False,True
478.44,2493.0,11,2022,0,False,False,True,False,True,False,False,True,False,False,True
488.18,2493.0,11,2022,0,True,False,False,False,True,False,False,True,False,False,True
166.5,2493.0,11,2022,0,False,False,False,True,True,False,False,True,False,False,True
89.47,2493.0,11,2022,0,False,False,True,False,True,False,False,True,False,False,True
58.39,2493.0,11,2022,0,False,True,False,False,True,False,False,True,False,False,True
482.75,8780.0,23,2022,1,True,False,False,False,False,False,False,True,False,False,True
482.75,9671.0,23,2022,1,True,False,False,False,False,False,False,False,True,False,True
147.45,8780.0,23,2022,1,False,False,False,False,False,False,False,True,False,False,True
147.45,9671.0,23,2022,1,False,False,False,False,False,False,False,False,True,False,True
127.65,6991.0,13,2022,0,False,False,False,True,False,True,False,True,False,False,True
115.9,6991.0,13,2022,0,False,False,False,False,False,True,False,True,False,False,True
391.42,8482.0,47,2022,0,False,True,False,False,True,False,False,False,True,False,False
160.81,8482.0,47,2022,0,False,True,False,False,True,False,False,False,True,False,False
182.65,4112.0,11,2022,0,False,False,False,False,False,True,False,True,False,False,True
389.5,4112.0,11,2022,0,False,True,False,False,False,True,False,True,False,False,True
450.67,4112.0,11,2022,0,False,False,True,False,False,True,False,True,False,False,True
344.06,4112.0,11,2022,0,False,False,False,False,False,True,False,True,False,False,True
425.15,4112.0,11,2022,0,False,False,False,True,False,True,False,True,False,False,True
401.03,4112.0,11,2022,0,False,True,False,False,False,True,False,True,False,False,True
297.13,4112.0,11,2022,0,True,False,False,False,False,True,False,True,False,False,True
236.51,4112.0,11,2022,0,False,True,False,False,False,True,False,True,False,False,True
405.19,-1.0,36,2022,0,False,False,False,False,False,False,True,False,False,False,True
224.86,-1.0,36,2022,0,True,False,False,False,False,False,True,False,False,False,True
48.9,-1.0,36,2022,0,False,True,False,False,False,False,True,False,False,False,True
11.23,-1.0,36,2022,0,False,False,False,True,False,False,True,False,False,False,True
376.94,-1.0,36,2022,0,False,False,False,True,False,False,True,False,False,False,True
230.72,-1.0,36,2022,0,False,True,False,False,False,False,True,False,False,False,True
309.14,-1.0,36,2022,0,False,False,False,True,False,False,True,False,False,False,True
248.79,-1.0,36,2022,0,False,True,False,False,False,False,True,False,False,False,True
24.17,-1.0,36,2022,0,False,False,True,False,False,False,True,False,False,False,True
109.98,2039.0,38,2022,0,False,False,False,True,False,True,False,True,False,False,False
333.98,2039.0,38,2022,0,False,True,False,False,False,True,False,True,False,False,False
376.77,2039.0,38,2022,0,False,False,False,True,False,True,False,True,False,False,False
75.54,2039.0,38,2022,0,False,True,False,False,False,True,False,True,False,False,False
93.12,8616.0,27,2022,0,False,False,False,True,False,True,False,False,True,False,False
159.17,8616.0,27,2022,0,False,False,False,True,False,True,False,False,True,False,False
369.06,8616.0,27,2022,0,False,False,True,False,False,True,False,False,True,False,False
478.02,8616.0,27,2022,0,False,True,False,False,False,True,False,False,True,False,False
213.92,8616.0,27,2022,0,True,False,False,False,False,True,False,False,True,False,False
256.79,8616.0,27,2022,0,True,False,False,False,False,True,False,False,True,False,False
69.09,-1.0,18,2022,0,False,True,False,False,False,False,True,False,False,False,False
372.66,-1.0,18,2022,0,False,False,False,False,False,False,True,False,False,False,False
228.16,-1.0,40,2022,0,False,False,False,False,False,False,True,False,False,False,False
191.7,-1.0,40,2022,0,False,False,True,False,False,False,True,False,False,False,False
431.47,-1.0,38,2022,1,False,True,False,False,False,False,True,False,False,True,False
402.2,8812.0,34,2022,0,False,False,True,False,False,True,False,False,True,True,False
234.41,8812.0,34,2022,0,False,True,False,False,False,True,False,False,True,True,False
397.8,8812.0,34,2022,0,False,False,False,False,False,True,False,False,True,True,False
352.46,8812.0,34,2022,0,True,False,False,False,False,True,False,False,True,True,False
120.37,8812.0,34,2022,0,True,False,False,False,False,True,False,False,True,True,False
498.24,8812.0,34,2022,0,True,False,False,False,False,True,False,False,True,True,False
461.47,8812.0,34,2022,0,False,True,False,False,False,True,False,False,True,True,False
337.7,8812.0,34,2022,0,False,False,False,False,False,True,False,False,True,True,False
280.48,3558.0,22,2022,0,False,True,False,False,True,False,False,True,False,False,True
280.48,9257.0,22,2022,0,False,True,False,False,False,True,False,False,True,False,True
198.5,3558.0,22,2022,0,False,True,False,False,True,False,False,True,False,False,True
198.5,9257.0,22,2022,0,False,True,False,False,False,True,False,False,True,False,True
461.27,3558.0,22,2022,0,False,True,False,False,True,False,False,True,False,False,True
461.27,9257.0,22,2022,0,False,True,False,False,False,True,False,False,True,False,True
356.74,3558.0,22,2022,0,True,False,False,False,True,False,False,True,False,False,True
356.74,9257.0,22,2022,0,True,False,False,False,False,True,False,False,True,False,True
207.97,3558.0,22,2022,0,False,True,False,False,True,False,False,True,False,False,True
207.97,9257.0,22,2022,0,False,True,False,False,False,True,False,False,True,False,True
493.64,3558.0,22,2022,0,False,True,False,False,True,False,False,True,False,False,True
493.64,9257.0,22,2022,0,False,True,False,False,False,True,False,False,True,False,True
46.89,3558.0,22,2022,0,True,False,False,False,True,False,False,True,False,False,True
46.89,9257.0,22,2022,0,True,False,False,False,False,True,False,False,True,False,True
445.89,3028.0,18,2022,0,False,False,False,True,True,False,False,True,False,False,False
88.04,3028.0,18,2022,0,True,False,False,False,True,False,False,True,False,False,False
490.3,3028.0,18,2022,0,True,False,False,False,True,False,False,True,False,False,False
142.43,9304.0,41,2022,0,False,False,True,False,False,False,False,True,False,True,False
142.43,8929.0,41,2022,0,False,False,True,False,False,False,False,True,False,True,False
472.91,9304.0,41,2022,0,True,False,False,False,False,False,False,True,False,True,False
472.91,8929.0,41,2022,0,True,False,False,False,False,False,False,True,False,True,False
151.5,9304.0,41,2022,0,False,False,False,True,False,False,False,True,False,True,False
151.5,8929.0,41,2022,0,False,False,False,True,False,False,False,True,False,True,False
426.75,9304.0,41,2022,0,True,False,False,False,False,False,False,True,False,True,False
426.75,8929.0,41,2022,0,True,False,False,False,False,False,False,True,False,True,False
485.11,9304.0,41,2022,0,False,False,False,True,False,False,False,True,False,True,False
485.11,8929.0,41,2022,0,False,False,False,True,False,False,False,True,False,True,False
323.48,9304.0,41,2022,0,False,True,False,False,False,False,False,True,False,True,False
323.48,8929.0,41,2022,0,False,True,False,False,False,False,False,True,False,True,False
481.57,9304.0,41,2022,0,False,True,False,False,False,False,False,True,False,True,False
481.57,8929.0,41,2022,0,False,True,False,False,False,False,False,True,False,True,False
345.04,3619.0,18,2022,0,False,False,False,False,True,False,False,False,True,False,False
306.78,3619.0,18,2022,0,False,False,False,True,True,False,False,False,True,False,False
157.67,3619.0,18,2022,0,True,False,False,False,True,False,False,False,True,False,False
186.63,3619.0,18,2022,0,False,False,False,False,True,False,False,False,True,False,False
395.87,3619.0,18,2022,0,True,False,False,False,True,False,False,False,True,False,False
144.28,7823.0,13,2022,0,False,False,False,False,False,True,False,True,False,False,True
198.99,7823.0,13,2022,0,False,False,False,False,False,True,False,True,False,False,True
419.85,7937.0,39,2022,1,False,True,False,False,False,True,False,True,False,True,False
410.66,3367.0,16,2022,0,False,False,False,False,False,False,False,False,True,True,False
410.66,7804.0,16,2022,0,False,False,False,False,True,False,False,False,True,True,False
339.16,3367.0,16,2022,0,False,False,True,False,False,False,False,False,True,True,False
339.16,7804.0,16,2022,0,False,False,True,False,True,False,False,False,True,True,False
75.7,3367.0,16,2022,0,False,False,False,False,False,False,False,False,True,True,False
75.7,7804.0,16,2022,0,False,False,False,False,True,False,False,False,True,True,False
484.18,3367.0,16,2022,0,False,False,False,False,False,False,False,False,True,True,False
484.18,7804.0,16,2022,0,False,False,False,False,True,False,False,False,True,True,False
459.0,3367.0,16,2022,0,False,False,False,False,False,False,False,False,True,True,False
459.0,7804.0,16,2022,0,False,False,False,False,True,False,False,False,True,True,False
249.26,-1.0,8,2022,0,False,False,True,False,False,False,True,False,False,False,False
34.12,-1.0,8,2022,0,True,False,False,False,False,False,True,False,False,False,False
405.03,-1.0,8,2022,0,True,False,False,False,False,False,True,False,False,False,False
267.25,-1.0,8,2022,0,False,True,False,False,False,False,True,False,False,False,False
418.07,-1.0,8,2022,0,False,False,False,True,False,False,True,False,False,False,False
128.42,7815.0,34,2022,0,False,False,True,False,False,False,False,False,True,False,False
128.42,4454.0,34,2022,0,False,False,True,False,True,False,False,True,False,False,False
186.82,7815.0,34,2022,0,True,False,False,False,False,False,False,False,True,False,False
186.82,4454.0,34,2022,0,True,False,False,False,True,False,False,True,False,False,False
387.19,7815.0,34,2022,0,True,False,False,False,False,False,False,False,True,False,False
387.19,4454.0,34,2022,0,True,False,False,False,True,False,False,True,False,False,False
489.82,7815.0,34,2022,0,True,False,False,False,False,False,False,False,True,False,False
489.82,4454.0,34,2022,0,True,False,False,False,True,False,False,True,False,False,False
203.23,7815.0,34,2022,0,False,False,False,False,False,False,False,False,True,False,False
203.23,4454.0,34,2022,0,False,False,False,False,True,False,False,True,False,False,False
346.68,7815.0,34,2022,0,False,False,False,True,False,False,False,False,True,False,False
346.68,4454.0,34,2022,0,False,False,False,True,True,False,False,True,False,False,False
439.53,7815.0,34,2022,0,False,False,False,True,False,False,False,False,True,False,False
439.53,4454.0,34,2022,0,False,False,False,True,True,False,False,True,False,False,False
78.65,7815.0,34,2022,0,True,False,False,False,False,False,False,False,True,False,False
78.65,4454.0,34,2022,0,True,False,False,False,True,False,False,True,False,False,False
13.04,5013.0,29,2022,0,False,False,False,True,False,True,False,False,True,False,True
13.04,5034.0,29,2022,0,False,False,False,True,False,False,False,True,False,False,True
444.84,8121.0,6,2022,0,False,False,False,False,False,False,False,True,False,True,False
398.49,-1.0,38,2022,0,False,False,True,False,False,False,True,False,False,False,False
174.35,-1.0,38,2022,0,True,False,False,False,False,False,True,False,False,False,False
19.9,-1.0,38,2022,0,True,False,False,False,False,False,True,False,False,False,False
290.43,-1.0,38,2022,0,False,False,False,False,False,False,True,False,False,False,False
129.94,-1.0,38,2022,0,False,False,False,True,False,False,True,False,False,False,False
87.74,-1.0,38,2022,0,False,True,False,False,False,False,True,False,False,False,False
32.37,-1.0,38,2022,0,False,True,False,False,False,False,True,False,False,False,False
60.04,-1.0,38,2022,0,False,False,False,False,False,False,True,False,False,False,False
334.2,6378.0,36,2022,0,False,False,True,False,True,False,False,False,True,False,False
334.2,5962.0,36,2022,0,False,False,True,False,False,True,False,True,False,False,False
22.57,-1.0,48,2022,0,False,True,False,False,False,False,True,False,False,False,False
177.93,-1.0,48,2022,0,False,False,True,False,False,False,True,False,False,False,False
64.75,-1.0,48,2022,0,False,False,True,False,False,False,True,False,False,False,False
104.43,-1.0,48,2022,0,False,False,False,True,False,False,True,False,False,False,False
336.59,-1.0,48,2022,0,False,False,True,False,False,False,True,False,False,False,False
395.38,-1.0,48,2022,0,False,False,False,True,False,False,True,False,False,False,False
347.15,-1.0,48,2022,0,False,True,False,False,False,False,True,False,False,False,False
185.34,8112.0,42,2022,0,False,False,False,True,False,False,False,False,True,True,False
385.58,8112.0,42,2022,0,False,False,False,True,False,False,False,False,True,True,False
246.37,8112.0,42,2022,0,True,False,False,False,False,False,False,False,True,True,False
485.08,8112.0,42,2022,0,False,False,False,False,False,False,False,False,True,True,False
432.79,8112.0,42,2022,0,False,False,True,False,False,False,False,False,True,True,False
373.09,-1.0,26,2022,0,False,False,False,False,False,False,True,False,False,False,False
243.07,-1.0,26,2022,0,False,False,False,False,False,False,True,False,False,False,False
73.02,-1.0,26,2022,0,False,True,False,False,False,False,True,False,False,False,False
445.69,-1.0,26,2022,0,True,False,False,False,False,False,True,False,False,False,False
258.55,-1.0,26,2022,0,False,True,False,False,False,False,True,False,False,False,False
118.45,-1.0,26,2022,0,False,False,False,False,False,False,True,False,False,False,False
241.68,-1.0,26,2022,0,False,False,False,False,False,False,True,False,False,False,False
348.91,7261.0,18,2022,0,False,True,False,False,False,False,False,True,False,False,True
348.91,9291.0,18,2022,0,False,True,False,False,False,False,False,True,False,False,True
35.38,7261.0,18,2022,0,True,False,False,False,False,False,False,True,False,False,True
35.38,9291.0,18,2022,0,True,False,False,False,False,False,False,True,False,False,True
388.8,7261.0,18,2022,0,False,False,False,True,False,False,False,True,False,False,True
388.8,9291.0,18,2022,0,False,False,False,True,False,False,False,True,False,False,True
29.66,7261.0,18,2022,0,False,False,False,False,False,False,False,True,False,False,True
29.66,9291.0,18,2022,0,False,False,False,False,False,False,False,True,False,False,True
38.65,7261.0,18,2022,0,False,False,False,True,False,False,False,True,False,False,True
38.65,9291.0,18,2022,0,False,False,False,True,False,False,False,True,False,False,True
430.59,7261.0,18,2022,0,False,True,False,False,False,False,False,True,False,False,True
430.59,9291.0,18,2022,0,False,True,False,False,False,False,False,True,False,False,True
177.59,7261.0,18,2022,0,True,False,False,False,False,False,False,True,False,False,True
177.59,9291.0,18,2022,0,True,False,False,False,False,False,False,True,False,False,True
433.5,7261.0,18,2022,0,True,False,False,False,False,False,False,True,False,False,True
433.5,9291.0,18,2022,0,True,False,False,False,False,False,False,True,False,False,True
108.73,-1.0,11,2022,0,False,False,False,False,False,False,True,False,False,False,False
213.27,-1.0,11,2022,0,False,True,False,False,False,False,True,False,False,False,False
44.73,-1.0,11,2022,0,False,False,False,False,False,False,True,False,False,False,False
49.77,-1.0,11,2022,0,False,False,True,False,False,False,True,False,False,False,False
91.31,-1.0,11,2022,0,False,False,False,True,False,False,True,False,False,False,False
154.69,-1.0,11,2022,0,False,False,False,True,False,False,True,False,False,False,False
40.42,-1.0,11,2022,0,False,False,False,False,False,False,True,False,False,False,False
496.79,-1.0,27,2022,0,False,False,False,True,False,False,True,False,False,False,False
127.19,-1.0,27,2022,0,False,False,False,False,False,False,True,False,False,False,False
434.22,-1.0,27,2022,0,True,False,False,False,False,False,True,False,False,False,False
493.54,-1.0,27,2022,0,False,False,False,True,False,False,True,False,False,False,False
325.98,-1.0,27,2022,0,False,False,False,True,False,False,True,False,False,False,False
377.72,-1.0,27,2022,0,True,False,False,False,False,False,True,False,False,False,False
157.24,-1.0,27,2022,0,False,False,True,False,False,False,True,False,False,False,False
408.06,-1.0,30,2022,0,False,True,False,False,False,False,True,False,False,True,False
8.89,-1.0,30,2022,0,False,False,False,False,False,False,True,False,False,True,False
29.7,-1.0,30,2022,0,False,False,False,True,False,False,True,False,False,True,False
194.97,-1.0,30,2022,0,False,False,True,False,False,False,True,False,False,True,False
258.83,-1.0,30,2022,0,True,False,False,False,False,False,True,False,False,True,False
191.97,-1.0,30,2022,0,False,False,False,False,False,False,True,False,False,True,False
378.87,-1.0,30,2022,0,False,False,True,False,False,False,True,False,False,True,False
25.75,7740.0,18,2022,0,False,True,False,False,False,False,False,False,True,False,True
25.75,6253.0,18,2022,0,False,True,False,False,False,True,False,False,True,False,True
169.4,8843.0,43,2022,1,False,True,False,False,False,True,False,False,True,True,False
169.4,5590.0,43,2022,1,False,True,False,False,False,False,False,True,False,True,False
326.0,8843.0,43,2022,1,False,False,False,False,False,True,False,False,True,True,False
326.0,5590.0,43,2022,1,False,False,False,False,False,False,False,True,False,True,False
398.92,8843.0,43,2022,1,False,False,False,True,False,True,False,False,True,True,False
398.92,5590.0,43,2022,1,False,False,False,True,False,False,False,True,False,True,False
271.46,8843.0,43,2022,1,False,False,True,False,False,True,False,False,True,True,False
271.46,5590.0,43,2022,1,False,False,True,False,False,False,False,True,False,True,False
50.47,8843.0,43,2022,1,False,True,False,False,False,True,False,False,True,True,False
50.47,5590.0,43,2022,1,False,True,False,False,False,False,False,True,False,True,False
217.0,8843.0,43,2022,1,False,False,True,False,False,True,False,False,True,True,False
217.0,5590.0,43,2022,1,False,False,True,False,False,False,False,True,False,True,False
196.98,8843.0,43,2022,1,False,False,False,True,False,True,False,False,True,True,False
196.98,5590.0,43,2022,1,False,False,False,True,False,False,False,True,False,True,False
422.9,8843.0,43,2022,1,False,False,False,False,False,True,False,False,True,True,False
422.9,5590.0,43,2022,1,False,False,False,False,False,False,False,True,False,True,False
349.33,2424.0,4,2022,0,False,False,True,False,False,False,False,False,True,False,False
263.08,2424.0,4,2022,0,True,False,False,False,False,False,False,False,True,False,False
226.07,2424.0,4,2022,0,False,True,False,False,False,False,False,False,True,False,False
378.98,2424.0,4,2022,0,False,False,False,True,False,False,False,False,True,False,False
367.1,2424.0,4,2022,0,False,True,False,False,False,False,False,False,True,False,False
399.28,2424.0,4,2022,0,False,True,False,False,False,False,False,False,True,False,False
82.91,4723.0,6,2022,0,False,False,True,False,True,False,False,False,True,False,False
82.91,5523.0,6,2022,0,False,False,True,False,False,False,False,True,False,False,False
290.67,4723.0,6,2022,0,False,False,False,False,True,False,False,False,True,False,False
290.67,5523.0,6,2022,0,False,False,False,False,False,False,False,True,False,False,False
52.3,4723.0,6,2022,0,True,False,False,False,True,False,False,False,True,False,False
52.3,5523.0,6,2022,0,True,False,False,False,False,False,False,True,False,False,False
259.3,3288.0,22,2022,0,False,True,False,False,True,False,False,True,False,False,False
259.3,6272.0,22,2022,0,False,True,False,False,False,True,False,False,True,False,False
313.26,3288.0,22,2022,0,False,False,False,False,True,False,False,True,False,False,False
313.26,6272.0,22,2022,0,False,False,False,False,False,True,False,False,True,False,False
492.32,3288.0,22,2022,0,True,False,False,False,True,False,False,True,False,False,False
492.32,6272.0,22,2022,0,True,False,False,False,False,True,False,False,True,False,False
184.49,3470.0,2,2022,1,False,False,False,False,True,False,False,True,False,False,True
184.18,3470.0,2,2022,1,False,False,True,False,True,False,False,True,False,False,True
303.76,3470.0,2,2022,1,True,False,False,False,True,False,False,True,False,False,True
53.41,3470.0,2,2022,1,False,False,True,False,True,False,False,True,False,False,True
229.65,3470.0,2,2022,1,False,False,False,False,True,False,False,True,False,False,True
181.34,-1.0,47,2022,0,True,False,False,False,False,False,True,False,False,False,False
25.9,7587.0,48,2022,0,False,False,True,False,True,False,False,True,False,True,False
297.64,7587.0,48,2022,0,False,True,False,False,True,False,False,True,False,True,False
488.7,7587.0,48,2022,0,False,False,True,False,True,False,False,True,False,True,False
311.07,7587.0,48,2022,0,False,False,False,False,True,False,False,True,False,True,False
118.19,7587.0,48,2022,0,False,False,True,False,True,False,False,True,False,True,False
452.48,8076.0,40,2022,0,False,False,False,False,True,False,False,True,False,False,True
297.02,8076.0,40,2022,0,False,True,False,False,True,False,False,True,False,False,True
449.96,8076.0,40,2022,0,False,False,True,False,True,False,False,True,False,False,True
483.63,8076.0,40,2022,0,False,False,False,True,True,False,False,True,False,False,True
148.79,8076.0,40,2022,0,True,False,False,False,True,False,False,True,False,False,True
152.24,8076.0,40,2022,0,False,False,False,True,True,False,False,True,False,False,True
229.04,8076.0,40,2022,0,False,False,True,False,True,False,False,True,False,False,True
143.19,8076.0,40,2022,0,False,False,False,False,True,False,False,True,False,False,True
388.28,6346.0,32,2022,1,False,False,True,False,False,False,False,False,True,False,True
388.28,7928.0,32,2022,1,False,False,True,False,False,False,False,True,False,False,True
210.19,6346.0,32,2022,1,False,True,False,False,False,False,False,False,True,False,True
210.19,7928.0,32,2022,1,False,True,False,False,False,False,False,True,False,False,True
361.37,6346.0,32,2022,1,False,False,False,False,False,False,False,False,True,False,True
361.37,7928.0,32,2022,1,False,False,False,False,False,False,False,True,False,False,True
167.09,6346.0,32,2022,1,False,True,False,False,False,False,False,False,True,False,True
167.09,7928.0,32,2022,1,False,True,False,False,False,False,False,True,False,False,True
336.01,7811.0,39,2022,0,False,False,True,False,False,True,False,False,True,False,False
199.62,7811.0,39,2022,0,False,False,False,False,False,True,False,False,True,False,False
266.32,7811.0,39,2022,0,False,False,True,False,False,True,False,False,True,False,False
408.04,7811.0,39,2022,0,False,False,False,True,False,True,False,False,True,False,False
356.13,7811.0,39,2022,0,False,False,True,False,False,True,False,False,True,False,False
428.65,7811.0,39,2022,0,True,False,False,False,False,True,False,False,True,False,False
20.04,7811.0,39,2022,0,False,False,True,False,False,True,False,False,True,False,False
85.25,7811.0,39,2022,0,False,False,True,False,False,True,False,False,True,False,False
64.69,7811.0,39,2022,0,False,False,True,False,False,True,False,False,True,False,False
122.82,8380.0,21,2022,1,False,False,False,False,False,True,False,False,True,False,True
355.6,8380.0,21,2022,1,True,False,False,False,False,True,False,False,True,False,True
366.77,8380.0,21,2022,1,False,False,False,False,False,True,False,False,True,False,True
107.06,8380.0,21,2022,1,True,False,False,False,False,True,False,False,True,False,True
302.03,8380.0,21,2022,1,False,False,False,False,False,True,False,False,True,False,True
20.97,8380.0,21,2022,1,False,False,False,True,False,True,False,False,True,False,True
173.08,8380.0,21,2022,1,False,True,False,False,False,True,False,False,True,False,True
244.37,6649.0,8,2022,0,False,False,False,False,True,False,False,True,False,False,False
230.56,6649.0,8,2022,0,False,False,False,True,True,False,False,True,False,False,False
426.22,6649.0,8,2022,0,False,True,False,False,True,False,False,True,False,False,False
446.7,6649.0,8,2022,0,False,False,False,False,True,False,False,True,False,False,False
477.4,6649.0,8,2022,0,False,False,True,False,True,False,False,True,False,False,False
444.97,6649.0,8,2022,0,False,False,False,True,True,False,False,True,False,False,False
262.49,6649.0,8,2022,0,True,False,False,False,True,False,False,True,False,False,False
435.24,2760.0,25,2022,0,False,False,False,True,False,False,False,False,True,False,True
435.24,7078.0,25,2022,0,False,False,False,True,False,True,False,True,False,False,True
184.38,2760.0,25,2022,0,False,False,True,False,False,False,False,False,True,False,True
184.38,7078.0,25,2022,0,False,False,True,False,False,True,False,True,False,False,True
131.59,2760.0,25,2022,0,False,False,True,False,False,False,False,False,True,False,True
131.59,7078.0,25,2022,0,False,False,True,False,False,True,False,True,False,False,True
422.53,2760.0,25,2022,0,False,True,False,False,False,False,False,False,True,False,True
422.53,7078.0,25,2022,0,False,True,False,False,False,True,False,True,False,False,True
357.22,2760.0,25,2022,0,False,False,True,False,False,False,False,False,True,False,True
357.22,7078.0,25,2022,0,False,False,True,False,False,True,False,True,False,False,True
441.8,2760.0,25,2022,0,False,True,False,False,False,False,False,False,True,False,True
441.8,7078.0,25,2022,0,False,True,False,False,False,True,False,True,False,False,True
238.69,2218.0,41,2022,0,False,True,False,False,False,True,False,True,False,False,False
257.99,2218.0,41,2022,0,False,False,False,False,False,True,False,True,False,False,False
109.41,2218.0,41,2022,0,False,False,False,False,False,True,False,True,False,False,False
217.52,3144.0,36,2022,1,False,True,False,False,False,False,False,False,True,False,False
99.6,3144.0,36,2022,1,False,False,True,False,False,False,False,False,True,False,False
202.38,3144.0,36,2022,1,True,False,False,False,False,False,False,False,True,False,False
457.32,3144.0,36,2022,1,False,False,False,False,False,False,False,False,True,False,False
367.77,3144.0,36,2022,1,False,False,False,False,False,False,False,False,True,False,False
9.83,3144.0,36,2022,1,False,False,False,False,False,False,False,False,True,False,False
447.04,3144.0,36,2022,1,False,False,False,False,False,False,False,False,True,False,False
71.74,6976.0,4,2022,0,False,False,False,False,False,True,False,True,False,False,True
71.74,9904.0,4,2022,0,False,False,False,False,False,True,False,False,True,False,True
135.1,6976.0,4,2022,0,False,False,True,False,False,True,False,True,False,False,True
135.1,9904.0,4,2022,0,False,False,True,False,False,True,False,False,True,False,True
62.04,6976.0,4,2022,0,False,False,False,True,False,True,False,True,False,False,True
62.04,9904.0,4,2022,0,False,False,False,True,False,True,False,False,True,False,True
264.9,6976.0,4,2022,0,False,False,False,False,False,True,False,True,False,False,True
264.9,9904.0,4,2022,0,False,False,False,False,False,True,False,False,True,False,True
155.9,6976.0,4,2022,0,False,True,False,False,False,True,False,True,False,False,True
155.9,9904.0,4,2022,0,False,True,False,False,False,True,False,False,True,False,True
179.18,6976.0,4,2022,0,False,False,False,False,False,True,False,True,False,False,True
179.18,9904.0,4,2022,0,False,False,False,False,False,True,False,False,True,False,True
350.04,6976.0,4,2022,0,False,True,False,False,False,True,False,True,False,False,True
350.04,9904.0,4,2022,0,False,True,False,False,False,True,False,False,True,False,True
106.22,-1.0,15,2022,1,False,False,False,False,False,False,True,False,False,False,True
144.06,-1.0,15,2022,1,True,False,False,False,False,False,True,False,False,False,True
121.27,-1.0,15,2022,1,True,False,False,False,False,False,True,False,False,False,True
74.53,-1.0,15,2022,1,False,False,False,True,False,False,True,False,False,False,True
27.14,-1.0,15,2022,1,True,False,False,False,False,False,True,False,False,False,True
463.56,-1.0,15,2022,1,False,False,True,False,False,False,True,False,False,False,True
429.79,8684.0,28,2022,0,False,True,False,False,False,True,False,False,True,False,True
224.68,-1.0,20,2022,0,True,False,False,False,False,False,True,False,False,False,True
469.67,-1.0,20,2022,0,False,False,False,True,False,False,True,False,False,False,True
47.28,-1.0,20,2022,0,False,False,False,True,False,False,True,False,False,False,True
322.61,-1.0,38,2022,0,False,False,False,True,False,False,True,False,False,False,True
89.97,-1.0,38,2022,0,False,True,False,False,False,False,True,False,False,False,True
265.48,-1.0,6,2022,0,False,False,False,True,False,False,True,False,False,True,False
485.2,-1.0,6,2022,0,True,False,False,False,False,False,True,False,False,True,False
43.2,-1.0,6,2022,0,False,True,False,False,False,False,True,False,False,True,False
416.95,-1.0,6,2022,0,False,False,False,False,False,False,True,False,False,True,False
124.42,-1.0,6,2022,0,False,False,False,False,False,False,True,False,False,True,False
368.25,-1.0,6,2022,0,False,False,False,True,False,False,True,False,False,True,False
282.43,-1.0,6,2022,0,False,False,False,True,False,False,True,False,False,True,False
444.52,-1.0,30,2022,0,True,False,False,False,False,False,True,False,False,False,False
271.16,-1.0,30,2022,0,True,False,False,False,False,False,True,False,False,False,False
480.14,4508.0,32,2022,0,False,False,True,False,False,True,False,True,False,True,False
480.14,2805.0,32,2022,0,False,False,True,False,False,True,False,True,False,True,False
359.68,4508.0,32,2022,0,True,False,False,False,False,True,False,True,False,True,False
359.68,2805.0,32,2022,0,True,False,False,False,False,True,False,True,False,True,False
90.94,4508.0,32,2022,0,False,True,False,False,False,True,False,True,False,True,False
90.94,2805.0,32,2022,0,False,True,False,False,False,True,False,True,False,True,False
392.0,4508.0,32,2022,0,False,True,False,False,False,True,False,True,False,True,False
392.0,2805.0,32,2022,0,False,True,False,False,False,True,False,True,False,True,False
168.89,4508.0,32,2022,0,False,False,False,False,False,True,False,True,False,True,False
168.89,2805.0,32,2022,0,False,False,False,False,False,True,False,True,False,True,False
431.98,4856.0,49,2022,1,False,False,False,True,False,True,False,True,False,True,False
410.31,4856.0,49,2022,1,False,False,False,True,False,True,False,True,False,True,False
293.15,4856.0,49,2022,1,False,False,False,True,False,True,False,True,False,True,False
16.77,-1.0,41,2022,0,False,False,False,True,False,False,True,False,False,True,False
80.42,-1.0,41,2022,0,False,False,True,False,False,False,True,False,False,True,False
264.5,4063.0,4,2022,0,False,False,False,True,False,False,False,True,False,True,False
264.5,5937.0,4,2022,0,False,False,False,True,False,True,False,True,False,True,False
150.66,4063.0,4,2022,0,True,False,False,False,False,False,False,True,False,True,False
150.66,5937.0,4,2022,0,True,False,False,False,False,True,False,True,False,True,False
287.09,4063.0,4,2022,0,False,False,True,False,False,False,False,True,False,True,False
287.09,5937.0,4,2022,0,False,False,True,False,False,True,False,True,False,True,False
449.79,4063.0,4,2022,0,False,False,False,True,False,False,False,True,False,True,False
449.79,5937.0,4,2022,0,False,False,False,True,False,True,False,True,False,True,False
7.21,4063.0,4,2022,0,False,True,False,False,False,False,False,True,False,True,False
7.21,5937.0,4,2022,0,False,True,False,False,False,True,False,True,False,True,False
125.64,4063.0,4,2022,0,True,False,False,False,False,False,False,True,False,True,False
125.64,5937.0,4,2022,0,True,False,False,False,False,True,False,True,False,True,False
64.86,-1.0,35,2022,0,False,False,True,False,False,False,True,False,False,False,False
233.53,-1.0,35,2022,0,False,False,True,False,False,False,True,False,False,False,False
162.48,-1.0,35,2022,0,True,False,False,False,False,False,True,False,False,False,False
20.24,2619.0,30,2022,0,False,False,False,False,False,False,False,True,False,False,False
20.24,8439.0,30,2022,0,False,False,False,False,True,False,False,True,False,False,False
493.02,2619.0,30,2022,0,True,False,False,False,False,False,False,True,False,False,False
493.02,8439.0,30,2022,0,True,False,False,False,True,False,False,True,False,False,False
310.55,6012.0,49,2022,0,False,False,False,False,False,True,False,False,True,False,False
310.55,4802.0,49,2022,0,False,False,False,False,True,False,False,True,False,False,False
225.4,6012.0,49,2022,0,False,True,False,False,False,True,False,False,True,False,False
225.4,4802.0,49,2022,0,False,True,False,False,True,False,False,True,False,False,False
97.95,6012.0,49,2022,0,False,False,True,False,False,True,False,False,True,False,False
97.95,4802.0,49,2022,0,False,False,True,False,True,False,False,True,False,False,False
252.74,6012.0,49,2022,0,False,False,False,True,False,True,False,False,True,False,False
252.74,4802.0,49,2022,0,False,False,False,True,True,False,False,True,False,False,False
424.94,6012.0,49,2022,0,True,False,False,False,False,True,False,False,True,False,False
424.94,4802.0,49,2022,0,True,False,False,False,True,False,False,True,False,False,False
456.67,6012.0,49,2022,0,False,False,True,False,False,True,False,False,True,False,False
456.67,4802.0,49,2022,0,False,False,True,False,True,False,False,True,False,False,False
155.02,6689.0,41,2022,0,False,False,True,False,False,True,False,False,True,False,False
155.02,8963.0,41,2022,0,False,False,True,False,True,False,False,True,False,False,False
388.89,6689.0,41,2022,0,False,False,False,False,False,True,False,False,True,False,False
388.89,8963.0,41,2022,0,False,False,False,False,True,False,False,True,False,False,False
30.56,6689.0,41,2022,0,True,False,False,False,False,True,False,False,True,False,False
30.56,8963.0,41,2022,0,True,False,False,False,True,False,False,True,False,False,False
216.1,6980.0,22,2022,1,False,True,False,False,False,True,False,False,True,False,True
283.29,6980.0,22,2022,1,False,False,False,True,False,True,False,False,True,False,True
262.13,6980.0,22,2022,1,False,False,False,True,False,True,False,False,True,False,True
399.7,6980.0,22,2022,1,False,False,False,True,False,True,False,False,True,False,True
62.29,6980.0,22,2022,1,False,True,False,False,False,True,False,False,True,False,True
70.07,6980.0,22,2022,1,False,False,False,True,False,True,False,False,True,False,True
124.39,6980.0,22,2022,1,False,False,False,False,False,True,False,False,True,False,True
318.77,8422.0,2,2022,0,False,False,False,False,False,True,False,False,True,False,True
318.77,4119.0,2,2022,0,False,False,False,False,True,False,False,True,False,False,True
130.68,8422.0,2,2022,0,False,True,False,False,False,True,False,False,True,False,True
130.68,4119.0,2,2022,0,False,True,False,False,True,False,False,True,False,False,True
404.61,8422.0,2,2022,0,False,False,True,False,False,True,False,False,True,False,True
404.61,4119.0,2,2022,0,False,False,True,False,True,False,False,True,False,False,True
326.09,8422.0,2,2022,0,False,True,False,False,False,True,False,False,True,False,True
326.09,4119.0,2,2022,0,False,True,False,False,True,False,False,True,False,False,True
317.56,8422.0,2,2022,0,True,False,False,False,False,True,False,False,True,False,True
317.56,4119.0,2,2022,0,True,False,False,False,True,False,False,True,False,False,True
114.83,8422.0,2,2022,0,False,False,False,True,False,True,False,False,True,False,True
114.83,4119.0,2,2022,0,False,False,False,True,True,False,False,True,False,False,True
330.11,8422.0,2,2022,0,False,False,False,True,False,True,False,False,True,False,True
330.11,4119.0,2,2022,0,False,False,False,True,True,False,False,True,False,False,True
350.28,8017.0,12,2022,0,False,False,True,False,False,False,False,False,True,False,True
350.28,5018.0,12,2022,0,False,False,True,False,True,False,False,True,False,False,True
369.77,8017.0,12,2022,0,False,True,False,False,False,False,False,False,True,False,True
369.77,5018.0,12,2022,0,False,True,False,False,True,False,False,True,False,False,True
452.48,8017.0,12,2022,0,False,True,False,False,False,False,False,False,True,False,True
452.48,5018.0,12,2022,0,False,True,False,False,True,False,False,True,False,False,True
270.34,2699.0,34,2022,0,True,False,False,False,False,True,False,False,True,False,True
270.34,5725.0,34,2022,0,True,False,False,False,True,False,False,True,False,False,True
364.98,-1.0,34,2022,0,False,False,False,False,False,False,True,False,False,False,True
145.6,-1.0,34,2022,0,False,False,True,False,False,False,True,False,False,False,True
289.38,-1.0,34,2022,0,True,False,False,False,False,False,True,False,False,False,True
226.47,-1.0,34,2022,0,True,False,False,False,False,False,True,False,False,False,True
362.54,-1.0,34,2022,0,False,False,True,False,False,False,True,False,False,False,True
362.75,5708.0,14,2022,0,False,False,False,True,True,False,False,True,False,False,True
362.75,4327.0,14,2022,0,False,False,False,True,False,True,False,False,True,False,True
243.5,5708.0,14,2022,0,False,True,False,False,True,False,False,True,False,False,True
243.5,4327.0,14,2022,0,False,True,False,False,False,True,False,False,True,False,True
361.18,5708.0,14,2022,0,False,False,False,False,True,False,False,True,False,False,True
361.18,4327.0,14,2022,0,False,False,False,False,False,True,False,False,True,False,True
267.54,5708.0,14,2022,0,False,False,False,True,True,False,False,True,False,False,True
267.54,4327.0,14,2022,0,False,False,False,True,False,True,False,False,True,False,True
208.97,5708.0,14,2022,0,False,False,False,False,True,False,False,True,False,False,True
208.97,4327.0,14,2022,0,False,False,False,False,False,True,False,False,True,False,True
267.77,5708.0,14,2022,0,False,True,False,False,True,False,False,True,False,False,True
267.77,4327.0,14,2022,0,False,True,False,False,False,True,False,False,True,False,True
236.98,7851.0,39,2022,0,False,True,False,False,False,False,False,False,True,False,True
236.98,3155.0,39,2022,0,False,True,False,False,False,True,False,False,True,False,True
109.14,7851.0,39,2022,0,False,False,True,False,False,False,False,False,True,False,True
109.14,3155.0,39,2022,0,False,False,True,False,False,True,False,False,True,False,True
103.62,7851.0,39,2022,0,False,True,False,False,False,False,False,False,True,False,True
103.62,3155.0,39,2022,0,False,True,False,False,False,True,False,False,True,False,True
466.37,7851.0,39,2022,0,False,False,False,True,False,False,False,False,True,False,True
466.37,3155.0,39,2022,0,False,False,False,True,False,True,False,False,True,False,True
236.93,7851.0,39,2022,0,False,False,False,False,False,False,False,False,True,False,True
236.93,3155.0,39,2022,0,False,False,False,False,False,True,False,False,True,False,True
134.62,7851.0,39,2022,0,False,False,False,True,False,False,False,False,True,False,True
134.62,3155.0,39,2022,0,False,False,False,True,False,True,False,False,True,False,True
491.25,7851.0,39,2022,0,True,False,False,False,False,False,False,False,True,False,True
491.25,3155.0,39,2022,0,True,False,False,False,False,True,False,False,True,False,True
355.25,7851.0,39,2022,0,False,True,False,False,False,False,False,False,True,False,True
355.25,3155.0,39,2022,0,False,True,False,False,False,True,False,False,True,False,True
304.64,9159.0,39,2022,1,False,False,False,False,False,True,False,False,True,True,False
304.64,9411.0,39,2022,1,False,False,False,False,False,False,False,True,False,True,False
49.43,9159.0,39,2022,1,False,False,False,False,False,True,False,False,True,True,False
49.43,9411.0,39,2022,1,False,False,False,False,False,False,False,True,False,True,False
255.56,9159.0,39,2022,1,False,True,False,False,False,True,False,False,True,True,False
255.56,9411.0,39,2022,1,False,True,False,False,False,False,False,True,False,True,False
315.8,9159.0,39,2022,1,False,False,True,False,False,True,False,False,True,True,False
315.8,9411.0,39,2022,1,False,False,True,False,False,False,False,True,False,True,False
84.67,-1.0,45,2022,0,False,False,False,False,False,False,True,False,False,True,False
48.52,-1.0,45,2022,0,False,False,False,False,False,False,True,False,False,True,False
260.54,-1.0,45,2022,0,False,False,False,False,False,False,True,False,False,True,False
210.88,-1.0,45,2022,0,False,False,True,False,False,False,True,False,False,True,False
179.79,-1.0,45,2022,0,False,False,False,False,False,False,True,False,False,True,False
457.76,-1.0,45,2022,0,True,False,False,False,False,False,True,False,False,True,False
219.09,-1.0,45,2022,0,False,True,False,False,False,False,True,False,False,True,False
114.54,9349.0,6,2022,0,False,False,False,False,False,False,False,False,True,False,True
114.54,3639.0,6,2022,0,False,False,False,False,True,False,False,True,False,False,True
221.19,9349.0,6,2022,0,False,False,False,True,False,False,False,False,True,False,True
221.19,3639.0,6,2022,0,False,False,False,True,True,False,False,True,False,False,True
290.31,9349.0,6,2022,0,False,True,False,False,False,False,False,False,True,False,True
290.31,3639.0,6,2022,0,False,True,False,False,True,False,False,True,False,False,True
240.01,9349.0,6,2022,0,False,False,False,False,False,False,False,False,True,False,True
240.01,3639.0,6,2022,0,False,False,False,False,True,False,False,True,False,False,True
60.51,9349.0,6,2022,0,False,True,False,False,False,False,False,False,True,False,True
60.51,3639.0,6,2022,0,False,True,False,False,True,False,False,True,False,False,True
343.69,9349.0,6,2022,0,False,True,False,False,False,False,False,False,True,False,True
343.69,3639.0,6,2022,0,False,True,False,False,True,False,False,True,False,False,True
150.23,9678.0,8,2022,0,False,False,False,True,False,False,False,True,False,True,False
150.23,4226.0,8,2022,0,False,False,False,True,False,True,False,True,False,True,False
478.77,9678.0,8,2022,0,False,False,True,False,False,False,False,True,False,True,False
478.77,4226.0,8,2022,0,False,False,True,False,False,True,False,True,False,True,False
464.52,9678.0,8,2022,0,False,False,True,False,False,False,False,True,False,True,False
464.52,4226.0,8,2022,0,False,False,True,False,False,True,False,True,False,True,False
391.41,9678.0,8,2022,0,False,False,False,True,False,False,False,True,False,True,False
391.41,4226.0,8,2022,0,False,False,False,True,False,True,False,True,False,True,False
86.29,9678.0,8,2022,0,False,False,False,True,False,False,False,True,False,True,False
86.29,4226.0,8,2022,0,False,False,False,True,False,True,False,True,False,True,False
130.84,9678.0,8,2022,0,False,False,False,False,False,False,False,True,False,True,False
130.84,4226.0,8,2022,0,False,False,False,False,False,True,False,True,False,True,False
390.4,5856.0,27,2022,1,True,False,False,False,True,False,False,False,True,True,False
390.4,3875.0,27,2022,1,True,False,False,False,False,True,False,True,False,True,False
119.38,5856.0,27,2022,1,False,False,False,True,True,False,False,False,True,True,False
119.38,3875.0,27,2022,1,False,False,False,True,False,True,False,True,False,True,False
446.8,5856.0,27,2022,1,False,False,False,False,True,False,False,False,True,True,False
446.8,3875.0,27,2022,1,False,False,False,False,False,True,False,True,False,True,False
336.18,8000.0,12,2022,0,False,True,False,False,False,True,False,True,False,False,False
336.18,2886.0,12,2022,0,False,True,False,False,True,False,False,True,False,False,False
324.7,3069.0,21,2022,0,False,False,False,True,False,False,False,True,False,False,True
324.7,5895.0,21,2022,0,False,False,False,True,False,False,False,True,False,False,True
288.64,3069.0,21,2022,0,False,True,False,False,False,False,False,True,False,False,True
288.64,5895.0,21,2022,0,False,True,False,False,False,False,False,True,False,False,True
437.63,3069.0,21,2022,0,False,True,False,False,False,False,False,True,False,False,True
437.63,5895.0,21,2022,0,False,True,False,False,False,False,False,True,False,False,True
313.57,3069.0,21,2022,0,False,False,False,False,False,False,False,True,False,False,True
313.57,5895.0,21,2022,0,False,False,False,False,False,False,False,True,False,False,True
25.51,3069.0,21,2022,0,False,False,True,False,False,False,False,True,False,False,True
25.51,5895.0,21,2022,0,False,False,True,False,False,False,False,True,False,False,True
377.85,3069.0,21,2022,0,False,False,True,False,False,False,False,True,False,False,True
377.85,5895.0,21,2022,0,False,False,True,False,False,False,False,True,False,False,True
379.03,6838.0,38,2022,0,False,False,False,False,True,False,False,False,True,True,False
379.03,6534.0,38,2022,0,False,False,False,False,True,False,False,True,False,True,False
75.11,6838.0,38,2022,0,False,False,True,False,True,False,False,False,True,True,False
75.11,6534.0,38,2022,0,False,False,True,False,True,False,False,True,False,True,False
204.64,-1.0,4,2022,0,True,False,False,False,False,False,True,False,False,False,False
341.65,-1.0,4,2022,0,False,False,False,True,False,False,True,False,False,False,False
183.07,-1.0,4,2022,0,False,False,False,False,False,False,True,False,False,False,False
12.61,-1.0,4,2022,0,False,False,False,True,False,False,True,False,False,False,False
99.58,-1.0,25,2022,0,True,False,False,False,False,False,True,False,False,False,False
415.96,-1.0,43,2022,0,False,True,False,False,False,False,True,False,False,False,True
79.46,-1.0,43,2022,0,False,False,False,True,False,False,True,False,False,False,True
191.44,-1.0,43,2022,0,True,False,False,False,False,False,True,False,False,False,True
158.59,-1.0,43,2022,0,False,True,False,False,False,False,True,False,False,False,True
360.82,-1.0,43,2022,0,False,False,False,False,False,False,True,False,False,False,True
121.84,-1.0,43,2022,0,False,False,False,True,False,False,True,False,False,False,True
365.01,-1.0,43,2022,0,False,False,False,True,False,False,True,False,False,False,True
106.05,-1.0,43,2022,0,False,False,False,False,False,False,True,False,False,False,True
334.69,-1.0,24,2022,0,True,False,False,False,False,False,True,False,False,True,False
102.2,-1.0,24,2022,0,True,False,False,False,False,False,True,False,False,True,False
235.33,-1.0,12,2022,0,False,False,True,False,False,False,True,False,False,False,False
442.61,-1.0,12,2022,0,False,False,False,True,False,False,True,False,False,False,False
193.31,-1.0,12,2022,0,True,False,False,False,False,False,True,False,False,False,False
456.81,-1.0,12,2022,0,False,True,False,False,False,False,True,False,False,False,False
48.96,-1.0,29,2022,0,True,False,False,False,False,False,True,False,False,True,False
381.46,-1.0,29,2022,0,True,False,False,False,False,False,True,False,False,True,False
331.77,-1.0,29,2022,0,False,False,False,True,False,False,True,False,False,True,False
250.54,-1.0,29,2022,0,False,False,False,True,False,False,True,False,False,True,False
345.58,-1.0,29,2022,0,False,False,True,False,False,False,True,False,False,True,False
185.36,-1.0,29,2022,0,False,True,False,False,False,False,True,False,False,True,False
183.6,-1.0,29,2022,0,False,True,False,False,False,False,True,False,False,True,False
95.81,-1.0,35,2022,0,False,False,False,False,False,False,True,False,False,True,False
261.24,-1.0,35,2022,0,True,False,False,False,False,False,True,False,False,True,False
321.63,-1.0,35,2022,0,False,False,False,False,False,False,True,False,False,True,False
194.33,-1.0,35,2022,0,False,False,True,False,False,False,True,False,False,True,False
343.11,-1.0,35,2022,0,False,False,True,False,False,False,True,False,False,True,False
6.09,-1.0,35,2022,0,True,False,False,False,False,False,True,False,False,True,False
39.59,9483.0,37,2022,0,False,True,False,False,True,False,False,True,False,False,True
78.32,9483.0,37,2022,0,True,False,False,False,True,False,False,True,False,False,True
415.77,9483.0,37,2022,0,False,False,True,False,True,False,False,True,False,False,True
57.72,9483.0,37,2022,0,False,False,False,True,True,False,False,True,False,False,True
349.82,9483.0,37,2022,0,False,False,False,True,True,False,False,True,False,False,True
60.7,9483.0,37,2022,0,False,True,False,False,True,False,False,True,False,False,True
45.69,9483.0,37,2022,0,False,False,False,False,True,False,False,True,False,False,True
350.61,2422.0,30,2022,1,False,False,False,True,False,False,False,True,False,False,True
403.19,2422.0,30,2022,1,False,True,False,False,False,False,False,True,False,False,True
241.51,2422.0,30,2022,1,False,True,False,False,False,False,False,True,False,False,True
179.05,2422.0,30,2022,1,False,True,False,False,False,False,False,True,False,False,True
117.24,2422.0,30,2022,1,False,True,False,False,False,False,False,True,False,False,True
396.02,2422.0,30,2022,1,False,False,False,False,False,False,False,True,False,False,True
405.27,2422.0,30,2022,1,False,True,False,False,False,False,False,True,False,False,True
357.49,-1.0,41,2022,0,False,False,False,False,False,False,True,False,False,True,False
376.61,-1.0,41,2022,0,False,True,False,False,False,False,True,False,False,True,False
123.37,5360.0,42,2022,0,True,False,False,False,False,False,False,False,True,True,False
123.37,3223.0,42,2022,0,True,False,False,False,False,True,False,False,True,True,False
452.15,5360.0,42,2022,0,False,False,False,False,False,False,False,False,True,True,False
452.15,3223.0,42,2022,0,False,False,False,False,False,True,False,False,True,True,False
410.57,5360.0,42,2022,0,False,False,False,False,False,False,False,False,True,True,False
410.57,3223.0,42,2022,0,False,False,False,False,False,True,False,False,True,True,False
133.82,5360.0,42,2022,0,True,False,False,False,False,False,False,False,True,True,False
133.82,3223.0,42,2022,0,True,False,False,False,False,True,False,False,True,True,False
217.0,5360.0,42,2022,0,False,False,False,True,False,False,False,False,True,True,False
217.0,3223.0,42,2022,0,False,False,False,True,False,True,False,False,True,True,False
6.79,5360.0,42,2022,0,False,False,True,False,False,False,False,False,True,True,False
6.79,3223.0,42,2022,0,False,False,True,False,False,True,False,False,True,True,False
440.74,6378.0,35,2022,0,False,False,False,True,True,False,False,True,False,False,False
440.74,2510.0,35,2022,0,False,False,False,True,True,False,False,True,False,False,False
294.67,6378.0,35,2022,0,True,False,False,False,True,False,False,True,False,False,False
294.67,2510.0,35,2022,0,True,False,False,False,True,False,False,True,False,False,False
290.67,6378.0,35,2022,0,False,True,False,False,True,False,False,True,False,False,False
290.67,2510.0,35,2022,0,False,True,False,False,True,False,False,True,False,False,False
350.4,6378.0,35,2022,0,True,False,False,False,True,False,False,True,False,False,False
350.4,2510.0,35,2022,0,True,False,False,False,True,False,False,True,False,False,False
194.38,6378.0,35,2022,0,False,True,False,False,True,False,False,True,False,False,False
194.38,2510.0,35,2022,0,False,True,False,False,True,False,False,True,False,False,False
184.45,6798.0,1,2022,1,False,False,True,False,True,False,False,False,True,True,False
350.5,6798.0,1,2022,1,True,False,False,False,True,False,False,False,True,True,False
360.24,6798.0,1,2022,1,False,False,False,False,True,False,False,False,True,True,False
195.47,6798.0,1,2022,1,False,False,True,False,True,False,False,False,True,True,False
453.54,6798.0,1,2022,1,True,False,False,False,True,False,False,False,True,True,False
298.87,6798.0,1,2022,1,False,False,True,False,True,False,False,False,True,True,False
298.23,6798.0,1,2022,1,False,True,False,False,True,False,False,False,True,True,False
435.48,6798.0,1,2022,1,True,False,False,False,True,False,False,False,True,True,False
356.41,-1.0,40,2022,0,False,False,False,True,False,False,True,False,False,False,False
315.78,-1.0,40,2022,0,True,False,False,False,False,False,True,False,False,False,False
480.54,-1.0,40,2022,0,True,False,False,False,False,False,True,False,False,False,False
104.15,-1.0,40,2022,0,False,True,False,False,False,False,True,False,False,False,False
199.37,-1.0,40,2022,0,False,False,False,False,False,False,True,False,False,False,False
186.47,-1.0,40,2022,0,False,False,False,True,False,False,True,False,False,False,False
123.85,-1.0,40,2022,0,False,False,False,False,False,False,True,False,False,False,False
427.53,-1.0,26,2022,0,False,False,True,False,False,False,True,False,False,True,False
444.83,-1.0,26,2022,0,False,False,True,False,False,False,True,False,False,True,False
440.96,-1.0,26,2022,0,True,False,False,False,False,False,True,False,False,True,False
311.0,-1.0,26,2022,0,False,False,False,True,False,False,True,False,False,True,False
337.99,-1.0,35,2022,0,False,True,False,False,False,False,True,False,False,True,False
267.71,-1.0,35,2022,0,False,False,False,False,False,False,True,False,False,True,False
424.76,-1.0,35,2022,0,False,True,False,False,False,False,True,False,False,True,False
394.23,8943.0,42,2022,1,False,True,False,False,False,False,False,True,False,False,False
386.79,8943.0,42,2022,1,False,False,False,False,False,False,False,True,False,False,False
463.74,8943.0,42,2022,1,False,False,True,False,False,False,False,True,False,False,False
32.53,8943.0,42,2022,1,False,False,True,False,False,False,False,True,False,False,False
379.85,-1.0,7,2022,0,False,False,False,False,False,False,True,False,False,False,True
178.87,-1.0,7,2022,0,False,True,False,False,False,False,True,False,False,False,True
221.61,-1.0,7,2022,0,False,False,True,False,False,False,True,False,False,False,True
50.08,-1.0,7,2022,0,False,False,False,True,False,False,True,False,False,False,True
75.74,-1.0,7,2022,0,False,False,False,True,False,False,True,False,False,False,True
332.8,-1.0,7,2022,0,False,False,False,False,False,False,True,False,False,False,True
463.5,-1.0,7,2022,0,False,False,False,True,False,False,True,False,False,False,True
393.62,6254.0,4,2022,0,False,False,False,True,False,True,False,True,False,True,False
453.05,6254.0,4,2022,0,True,False,False,False,False,True,False,True,False,True,False
48.25,6254.0,4,2022,0,False,False,False,True,False,True,False,True,False,True,False
216.12,6254.0,4,2022,0,True,False,False,False,False,True,False,True,False,True,False
295.93,6254.0,4,2022,0,False,True,False,False,False,True,False,True,False,True,False
329.29,6254.0,4,2022,0,False,False,False,True,False,True,False,True,False,True,False
444.1,-1.0,5,2022,0,False,False,True,False,False,False,True,False,False,False,True
11.41,-1.0,5,2022,0,True,False,False,False,False,False,True,False,False,False,True
230.95,-1.0,5,2022,0,False,False,False,False,False,False,True,False,False,False,True
97.68,-1.0,5,2022,0,False,False,False,True,False,False,True,False,False,False,True
498.29,-1.0,5,2022,0,False,False,False,True,False,False,True,False,False,False,True
387.8,-1.0,5,2022,0,False,False,True,False,False,False,True,False,False,False,True
495.5,-1.0,5,2022,0,False,True,False,False,False,False,True,False,False,False,True
354.59,-1.0,5,2022,0,False,False,False,True,False,False,True,False,False,False,True
358.06,2585.0,39,2022,0,False,True,False,False,True,False,False,False,True,True,False
358.06,2241.0,39,2022,0,False,True,False,False,True,False,False,True,False,True,False
363.23,2585.0,39,2022,0,False,False,False,False,True,False,False,False,True,True,False
363.23,2241.0,39,2022,0,False,False,False,False,True,False,False,True,False,True,False
425.34,2585.0,39,2022,0,False,False,False,False,True,False,False,False,True,True,False
425.34,2241.0,39,2022,0,False,False,False,False,True,False,False,True,False,True,False
453.23,2585.0,39,2022,0,False,True,False,False,True,False,False,False,True,True,False
453.23,2241.0,39,2022,0,False,True,False,False,True,False,False,True,False,True,False
114.1,2585.0,39,2022,0,False,True,False,False,True,False,False,False,True,True,False
114.1,2241.0,39,2022,0,False,True,False,False,True,False,False,True,False,True,False
156.55,2585.0,39,2022,0,False,True,False,False,True,False,False,False,True,True,False
156.55,2241.0,39,2022,0,False,True,False,False,True,False,False,True,False,True,False
289.76,2585.0,39,2022,0,False,False,True,False,True,False,False,False,True,True,False
289.76,2241.0,39,2022,0,False,False,True,False,True,False,False,True,False,True,False
490.02,2585.0,39,2022,0,False,False,False,False,True,False,False,False,True,True,False
490.02,2241.0,39,2022,0,False,False,False,False,True,False,False,True,False,True,False
334.23,6208.0,11,2022,0,True,False,False,False,True,False,False,False,True,False,False
17.88,6208.0,11,2022,0,True,False,False,False,True,False,False,False,True,False,False
20.17,6208.0,11,2022,0,False,False,True,False,True,False,False,False,True,False,False
163.75,6208.0,11,2022,0,False,False,False,False,True,False,False,False,True,False,False
121.24,6208.0,11,2022,0,False,True,False,False,True,False,False,False,True,False,False
410.81,6208.0,11,2022,0,False,False,True,False,True,False,False,False,True,False,False
393.1,6208.0,11,2022,0,True,False,False,False,True,False,False,False,True,False,False
436.82,-1.0,15,2022,1,False,False,False,True,False,False,True,False,False,True,False
11.28,-1.0,15,2022,1,True,False,False,False,False,False,True,False,False,True,False
362.96,-1.0,15,2022,1,False,True,False,False,False,False,True,False,False,True,False
224.83,-1.0,15,2022,1,False,False,True,False,False,False,True,False,False,True,False
44.98,-1.0,15,2022,1,False,False,False,False,False,False,True,False,False,True,False
73.36,-1.0,15,2022,1,True,False,False,False,False,False,True,False,False,True,False
96.12,-1.0,15,2022,1,False,True,False,False,False,False,True,False,False,True,False
238.01,4403.0,32,2022,0,False,False,True,False,False,True,False,False,True,False,True
238.01,5711.0,32,2022,0,False,False,True,False,True,False,False,True,False,False,True
447.99,4403.0,32,2022,0,False,False,False,False,False,True,False,False,True,False,True
447.99,5711.0,32,2022,0,False,False,False,False,True,False,False,True,False,False,True
253.02,4403.0,32,2022,0,False,False,False,False,False,True,False,False,True,False,True
253.02,5711.0,32,2022,0,False,False,False,False,True,False,False,True,False,False,True
415.79,4403.0,32,2022,0,False,False,False,True,False,True,False,False,True,False,True
415.79,5711.0,32,2022,0,False,False,False,True,True,False,False,True,False,False,True
332.94,4403.0,32,2022,0,False,False,False,False,False,True,False,False,True,False,True
332.94,5711.0,32,2022,0,False,False,False,False,True,False,False,True,False,False,True
497.61,4403.0,32,2022,0,False,True,False,False,False,True,False,False,True,False,True
497.61,5711.0,32,2022,0,False,True,False,False,True,False,False,True,False,False,True
146.08,5875.0,37,2022,0,False,False,False,False,False,True,False,False,True,False,True
411.94,5875.0,37,2022,0,False,False,False,False,False,True,False,False,True,False,True
259.2,5875.0,37,2022,0,False,False,False,True,False,True,False,False,True,False,True
200.33,5875.0,37,2022,0,False,False,True,False,False,True,False,False,True,False,True
202.57,5875.0,37,2022,0,True,False,False,False,False,True,False,False,True,False,True
261.67,5875.0,37,2022,0,False,False,False,True,False,True,False,False,True,False,True
346.02,5875.0,37,2022,0,True,False,False,False,False,True,False,False,True,False,True
240.19,5875.0,37,2022,0,False,False,True,False,False,True,False,False,True,False,True
491.03,5875.0,37,2022,0,True,False,False,False,False,True,False,False,True,False,True
421.5,9131.0,9,2022,1,True,False,False,False,False,False,False,False,True,True,False
421.5,4772.0,9,2022,1,True,False,False,False,False,False,False,True,False,True,False
263.05,9131.0,9,2022,1,False,True,False,False,False,False,False,False,True,True,False
263.05,4772.0,9,2022,1,False,True,False,False,False,False,False,True,False,True,False
481.72,9131.0,9,2022,1,True,False,False,False,False,False,False,False,True,True,False
481.72,4772.0,9,2022,1,True,False,False,False,False,False,False,True,False,True,False
202.0,9131.0,9,2022,1,False,False,False,False,False,False,False,False,True,True,False
202.0,4772.0,9,2022,1,False,False,False,False,False,False,False,True,False,True,False
67.94,9131.0,9,2022,1,True,False,False,False,False,False,False,False,True,True,False
67.94,4772.0,9,2022,1,True,False,False,False,False,False,False,True,False,True,False
31.86,9131.0,9,2022,1,False,False,False,False,False,False,False,False,True,True,False
31.86,4772.0,9,2022,1,False,False,False,False,False,False,False,True,False,True,False
347.94,-1.0,47,2022,1,False,False,False,False,False,False,True,False,False,True,False
449.55,-1.0,47,2022,1,True,False,False,False,False,False,True,False,False,True,False
427.65,-1.0,47,2022,1,False,False,False,False,False,False,True,False,False,True,False
128.28,-1.0,47,2022,1,False,False,False,True,False,False,True,False,False,True,False
38.55,5340.0,32,2022,0,False,False,True,False,True,False,False,False,True,True,False
38.55,2718.0,32,2022,0,False,False,True,False,True,False,False,False,True,True,False
236.33,5340.0,32,2022,0,False,False,False,True,True,False,False,False,True,True,False
236.33,2718.0,32,2022,0,False,False,False,True,True,False,False,False,True,True,False
196.51,5340.0,32,2022,0,False,True,False,False,True,False,False,False,True,True,False
196.51,2718.0,32,2022,0,False,True,False,False,True,False,False,False,True,True,False
217.36,5340.0,32,2022,0,True,False,False,False,True,False,False,False,True,True,False
217.36,2718.0,32,2022,0,True,False,False,False,True,False,False,False,True,True,False
263.34,5340.0,32,2022,0,False,False,True,False,True,False,False,False,True,True,False
263.34,2718.0,32,2022,0,False,False,True,False,True,False,False,False,True,True,False
440.13,5340.0,32,2022,0,False,False,True,False,True,False,False,False,True,True,False
440.13,2718.0,32,2022,0,False,False,True,False,True,False,False,False,True,True,False
485.11,5340.0,32,2022,0,False,True,False,False,True,False,False,False,True,True,False
485.11,2718.0,32,2022,0,False,True,False,False,True,False,False,False,True,True,False
204.86,5340.0,32,2022,0,False,False,False,True,True,False,False,False,True,True,False
204.86,2718.0,32,2022,0,False,False,False,True,True,False,False,False,True,True,False
284.72,6203.0,33,2022,0,False,True,False,False,False,True,False,True,False,False,True
284.72,7230.0,33,2022,0,False,True,False,False,False,True,False,True,False,False,True
69.76,6203.0,33,2022,0,False,False,False,False,False,True,False,True,False,False,True
69.76,7230.0,33,2022,0,False,False,False,False,False,True,False,True,False,False,True
462.94,6203.0,33,2022,0,True,False,False,False,False,True,False,True,False,False,True
462.94,7230.0,33,2022,0,True,False,False,False,False,True,False,True,False,False,True
162.56,-1.0,23,2022,1,False,False,True,False,False,False,True,False,False,True,False
50.6,-1.0,23,2022,1,False,False,False,True,False,False,True,False,False,True,False
115.18,-1.0,23,2022,1,False,False,True,False,False,False,True,False,False,True,False
302.69,-1.0,23,2022,1,False,True,False,False,False,False,True,False,False,True,False
150.62,-1.0,23,2022,1,False,False,False,False,False,False,True,False,False,True,False
466.05,-1.0,23,2022,1,False,False,False,True,False,False,True,False,False,True,False
119.48,-1.0,23,2022,1,False,True,False,False,False,False,True,False,False,True,False
209.52,-1.0,23,2022,1,True,False,False,False,False,False,True,False,False,True,False
279.74,4938.0,15,2022,0,False,True,False,False,True,False,False,False,True,False,False
279.74,6706.0,15,2022,0,False,True,False,False,True,False,False,False,True,False,False
475.22,4938.0,15,2022,0,False,True,False,False,True,False,False,False,True,False,False
475.22,6706.0,15,2022,0,False,True,False,False,True,False,False,False,True,False,False
15.54,4938.0,15,2022,0,False,True,False,False,True,False,False,False,True,False,False
15.54,6706.0,15,2022,0,False,True,False,False,True,False,False,False,True,False,False
343.69,4973.0,30,2022,1,True,False,False,False,True,False,False,True,False,True,False
343.69,6982.0,30,2022,1,True,False,False,False,False,False,False,True,False,True,False
257.05,4973.0,30,2022,1,False,True,False,False,True,False,False,True,False,True,False
257.05,6982.0,30,2022,1,False,True,False,False,False,False,False,True,False,True,False
299.58,4973.0,30,2022,1,False,False,True,False,True,False,False,True,False,True,False
299.58,6982.0,30,2022,1,False,False,True,False,False,False,False,True,False,True,False
323.12,4973.0,30,2022,1,False,True,False,False,True,False,False,True,False,True,False
323.12,6982.0,30,2022,1,False,True,False,False,False,False,False,True,False,True,False
149.68,4973.0,30,2022,1,False,True,False,False,True,False,False,True,False,True,False
149.68,6982.0,30,2022,1,False,True,False,False,False,False,False,True,False,True,False
109.87,4973.0,30,2022,1,True,False,False,False,True,False,False,True,False,True,False
109.87,6982.0,30,2022,1,True,False,False,False,False,False,False,True,False,True,False
398.99,-1.0,16,2022,1,False,True,False,False,False,False,True,False,False,True,False
216.64,5806.0,22,2022,1,False,False,False,False,False,True,False,False,True,False,False
312.21,5806.0,22,2022,1,False,False,False,True,False,True,False,False,True,False,False
233.59,5806.0,22,2022,1,False,False,False,True,False,True,False,False,True,False,False
158.43,6086.0,43,2022,1,False,False,False,False,False,False,False,False,True,False,False
115.9,6086.0,43,2022,1,False,False,True,False,False,False,False,False,True,False,False
471.72,6086.0,43,2022,1,False,True,False,False,False,False,False,False,True,False,False
83.09,6086.0,43,2022,1,False,True,False,False,False,False,False,False,True,False,False
366.67,6086.0,43,2022,1,False,True,False,False,False,False,False,False,True,False,False
309.18,6086.0,43,2022,1,False,True,False,False,False,False,False,False,True,False,False
202.06,6086.0,43,2022,1,False,False,False,False,False,False,False,False,True,False,False
462.86,6086.0,43,2022,1,False,False,True,False,False,False,False,False,True,False,False
484.93,6086.0,43,2022,1,False,True,False,False,False,False,False,False,True,False,False
401.08,7609.0,30,2022,0,False,False,False,True,False,False,False,True,False,True,False
458.39,7609.0,30,2022,0,False,False,False,True,False,False,False,True,False,True,False
125.96,4335.0,1,2022,0,False,False,False,True,False,False,False,True,False,False,False
27.6,4335.0,1,2022,0,False,False,False,False,False,False,False,True,False,False,False
127.06,4335.0,1,2022,0,False,True,False,False,False,False,False,True,False,False,False
409.19,4335.0,1,2022,0,False,True,False,False,False,False,False,True,False,False,False
314.17,4335.0,1,2022,0,False,False,False,False,False,False,False,True,False,False,False
182.18,4335.0,1,2022,0,True,False,False,False,False,False,False,True,False,False,False
256.72,4335.0,1,2022,0,True,False,False,False,False,False,False,True,False,False,False
444.16,4335.0,1,2022,0,True,False,False,False,False,False,False,True,False,False,False
298.89,4335.0,1,2022,0,True,False,False,False,False,False,False,True,False,False,False
134.74,8216.0,35,2022,1,False,True,False,False,True,False,False,True,False,True,False
134.74,2632.0,35,2022,1,False,True,False,False,False,False,False,False,True,True,False
484.62,8216.0,35,2022,1,True,False,False,False,True,False,False,True,False,True,False
484.62,2632.0,35,2022,1,True,False,False,False,False,False,False,False,True,True,False
107.37,8216.0,35,2022,1,False,False,False,True,True,False,False,True,False,True,False
107.37,2632.0,35,2022,1,False,False,False,True,False,False,False,False,True,True,False
160.29,3059.0,18,2022,0,True,False,False,False,False,True,False,False,True,False,True
458.27,3059.0,18,2022,0,False,False,False,False,False,True,False,False,True,False,True
447.53,3059.0,18,2022,0,False,False,False,False,False,True,False,False,True,False,True
22.91,3059.0,18,2022,0,True,False,False,False,False,True,False,False,True,False,True
379.69,3059.0,18,2022,0,True,False,False,False,False,True,False,False,True,False,True
438.95,3059.0,18,2022,0,False,False,False,True,False,True,False,False,True,False,True
44.12,3059.0,18,2022,0,False,False,False,True,False,True,False,False,True,False,True
149.35,3059.0,18,2022,0,False,False,False,False,False,True,False,False,True,False,True
261.07,3059.0,18,2022,0,False,True,False,False,False,True,False,False,True,False,True
467.07,2046.0,15,2022,0,True,False,False,False,False,False,False,False,True,True,False
467.07,7082.0,15,2022,0,True,False,False,False,False,False,False,False,True,True,False
24.71,2046.0,15,2022,0,False,True,False,False,False,False,False,False,True,True,False
24.71,7082.0,15,2022,0,False,True,False,False,False,False,False,False,True,True,False
78.06,2046.0,15,2022,0,True,False,False,False,False,False,False,False,True,True,False
78.06,7082.0,15,2022,0,True,False,False,False,False,False,False,False,True,True,False
332.66,2046.0,15,2022,0,True,False,False,False,False,False,False,False,True,True,False
332.66,7082.0,15,2022,0,True,False,False,False,False,False,False,False,True,True,False
115.21,2046.0,15,2022,0,False,False,True,False,False,False,False,False,True,True,False
115.21,7082.0,15,2022,0,False,False,True,False,False,False,False,False,True,True,False
309.6,2046.0,15,2022,0,False,False,False,True,False,False,False,False,True,True,False
309.6,7082.0,15,2022,0,False,False,False,True,False,False,False,False,True,True,False
322.59,2046.0,15,2022,0,False,True,False,False,False,False,False,False,True,True,False
322.59,7082.0,15,2022,0,False,True,False,False,False,False,False,False,True,True,False
394.18,-1.0,21,2022,0,True,False,False,False,False,False,True,False,False,True,False
459.71,-1.0,21,2022,0,False,False,True,False,False,False,True,False,False,True,False
170.28,-1.0,21,2022,0,False,False,False,True,False,False,True,False,False,True,False
453.87,-1.0,21,2022,0,True,False,False,False,False,False,True,False,False,True,False
382.68,-1.0,21,2022,0,False,False,False,False,False,False,True,False,False,True,False
344.58,-1.0,21,2022,0,False,False,False,True,False,False,True,False,False,True,False
175.4,-1.0,21,2022,0,False,False,False,False,False,False,True,False,False,True,False
170.1,-1.0,21,2022,0,False,True,False,False,False,False,True,False,False,True,False
414.29,-1.0,21,2022,0,False,False,True,False,False,False,True,False,False,True,False
481.33,2590.0,40,2022,0,False,True,False,False,False,True,False,True,False,False,False
346.82,2590.0,40,2022,0,False,False,True,False,False,True,False,True,False,False,False
253.19,2590.0,40,2022,0,True,False,False,False,False,True,False,True,False,False,False
89.8,2590.0,40,2022,0,True,False,False,False,False,True,False,True,False,False,False
154.02,2016.0,2,2022,0,False,True,False,False,True,False,False,True,False,True,False
154.02,5434.0,2,2022,0,False,True,False,False,False,False,False,True,False,True,False
114.96,2016.0,2,2022,0,False,True,False,False,True,False,False,True,False,True,False
114.96,5434.0,2,2022,0,False,True,False,False,False,False,False,True,False,True,False
406.81,2016.0,2,2022,0,True,False,False,False,True,False,False,True,False,True,False
406.81,5434.0,2,2022,0,True,False,False,False,False,False,False,True,False,True,False
259.07,2016.0,2,2022,0,True,False,False,False,True,False,False,True,False,True,False
259.07,5434.0,2,2022,0,True,False,False,False,False,False,False,True,False,True,False
485.95,2016.0,2,2022,0,True,False,False,False,True,False,False,True,False,True,False
485.95,5434.0,2,2022,0,True,False,False,False,False,False,False,True,False,True,False
22.47,2016.0,2,2022,0,False,False,False,True,True,False,False,True,False,True,False
22.47,5434.0,2,2022,0,False,False,False,True,False,False,False,True,False,True,False
444.4,2016.0,2,2022,0,True,False,False,False,True,False,False,True,False,True,False
444.4,5434.0,2,2022,0,True,False,False,False,False,False,False,True,False,True,False
204.89,9511.0,30,2022,1,False,False,True,False,False,False,False,False,True,True,False
414.89,9511.0,30,2022,1,False,False,False,False,False,False,False,False,True,True,False
405.75,9511.0,30,2022,1,False,False,False,True,False,False,False,False,True,True,False
379.88,9511.0,30,2022,1,True,False,False,False,False,False,False,False,True,True,False
113.73,9511.0,30,2022,1,False,False,True,False,False,False,False,False,True,True,False
356.39,7243.0,40,2022,0,False,False,False,False,False,False,False,False,True,False,True
400.78,9779.0,32,2022,0,False,False,False,False,False,True,False,True,False,False,True
27.98,9779.0,32,2022,0,True,False,False,False,False,True,False,True,False,False,True
90.66,9779.0,32,2022,0,False,True,False,False,False,True,False,True,False,False,True
353.55,9779.0,32,2022,0,False,True,False,False,False,True,False,True,False,False,True
281.14,9779.0,32,2022,0,False,False,True,False,False,True,False,True,False,False,True
166.39,9779.0,32,2022,0,False,False,False,True,False,True,False,True,False,False,True
286.86,9779.0,32,2022,0,False,False,False,True,False,True,False,True,False,False,True
251.56,7921.0,28,2022,1,False,False,False,True,False,False,False,True,False,False,True
217.4,7921.0,28,2022,1,False,False,True,False,False,False,False,True,False,False,True
204.24,7921.0,28,2022,1,False,True,False,False,False,False,False,True,False,False,True
346.3,7921.0,28,2022,1,False,False,False,False,False,False,False,True,False,False,True
295.09,7921.0,28,2022,1,True,False,False,False,False,False,False,True,False,False,True
280.13,7921.0,28,2022,1,False,False,False,False,False,False,False,True,False,False,True
374.07,7921.0,28,2022,1,False,False,True,False,False,False,False,True,False,False,True
308.11,-1.0,11,2022,1,True,False,False,False,False,False,True,False,False,True,False
8.69,-1.0,11,2022,1,False,False,False,True,False,False,True,False,False,True,False
489.77,-1.0,11,2022,1,False,False,False,True,False,False,True,False,False,True,False
174.14,-1.0,11,2022,1,False,False,False,True,False,False,True,False,False,True,False
479.69,7241.0,7,2022,0,False,True,False,False,False,False,False,True,False,True,False
103.82,7241.0,7,2022,0,False,False,True,False,False,False,False,True,False,True,False
447.08,7241.0,7,2022,0,False,False,False,False,False,False,False,True,False,True,False
179.77,7241.0,7,2022,0,True,False,False,False,False,False,False,True,False,True,False
108.75,7241.0,7,2022,0,True,False,False,False,False,False,False,True,False,True,False
444.41,7813.0,1,2022,1,False,False,False,True,False,False,False,False,True,False,False
444.41,7136.0,1,2022,1,False,False,False,True,False,True,False,True,False,False,False
40.58,7813.0,1,2022,1,False,False,False,False,False,False,False,False,True,False,False
40.58,7136.0,1,2022,1,False,False,False,False,False,True,False,True,False,False,False
201.0,7813.0,1,2022,1,False,False,True,False,False,False,False,False,True,False,False
201.0,7136.0,1,2022,1,False,False,True,False,False,True,False,True,False,False,False
163.23,7813.0,1,2022,1,False,True,False,False,False,False,False,False,True,False,False
163.23,7136.0,1,2022,1,False,True,False,False,False,True,False,True,False,False,False
274.4,7813.0,1,2022,1,False,False,True,False,False,False,False,False,True,False,False
274.4,7136.0,1,2022,1,False,False,True,False,False,True,False,True,False,False,False
36.71,7813.0,1,2022,1,False,True,False,False,False,False,False,False,True,False,False
36.71,7136.0,1,2022,1,False,True,False,False,False,True,False,True,False,False,False
337.91,7813.0,1,2022,1,True,False,False,False,False,False,False,False,True,False,False
337.91,7136.0,1,2022,1,True,False,False,False,False,True,False,True,False,False,False
231.85,7813.0,1,2022,1,False,False,False,False,False,False,False,False,True,False,False
231.85,7136.0,1,2022,1,False,False,False,False,False,True,False,True,False,False,False
490.17,7813.0,1,2022,1,False,True,False,False,False,False,False,False,True,False,False
490.17,7136.0,1,2022,1,False,True,False,False,False,True,False,True,False,False,False
381.38,3218.0,43,2022,0,False,False,True,False,False,False,False,False,True,False,False
495.75,3218.0,43,2022,0,False,False,True,False,False,False,False,False,True,False,False
14.8,3218.0,43,2022,0,True,False,False,False,False,False,False,False,True,False,False
360.88,3218.0,43,2022,0,False,False,True,False,False,False,False,False,True,False,False
490.36,3218.0,43,2022,0,False,True,False,False,False,False,False,False,True,False,False
476.74,3218.0,43,2022,0,False,False,False,False,False,False,False,False,True,False,False
452.78,3218.0,43,2022,0,False,False,False,False,False,False,False,False,True,False,False
208.67,9859.0,28,2022,0,False,False,False,True,False,True,False,True,False,False,False
208.67,3326.0,28,2022,0,False,False,False,True,True,False,False,False,True,False,False
92.62,4141.0,39,2022,0,False,False,True,False,False,True,False,True,False,False,True
403.78,7607.0,19,2022,0,False,False,False,True,False,False,False,False,True,False,False
403.78,5207.0,19,2022,0,False,False,False,True,True,False,False,True,False,False,False
108.43,7607.0,19,2022,0,False,False,False,True,False,False,False,False,True,False,False
108.43,5207.0,19,2022,0,False,False,False,True,True,False,False,True,False,False,False
276.42,7607.0,19,2022,0,True,False,False,False,False,False,False,False,True,False,False
276.42,5207.0,19,2022,0,True,False,False,False,True,False,False,True,False,False,False
44.22,7607.0,19,2022,0,False,False,False,True,False,False,False,False,True,False,False
44.22,5207.0,19,2022,0,False,False,False,True,True,False,False,True,False,False,False
336.72,4771.0,39,2022,0,False,False,True,False,True,False,False,True,False,True,False
367.84,4771.0,39,2022,0,True,False,False,False,True,False,False,True,False,True,False
45.1,4771.0,39,2022,0,False,False,False,False,True,False,False,True,False,True,False
136.69,4771.0,39,2022,0,False,False,True,False,True,False,False,True,False,True,False
137.39,4771.0,39,2022,0,False,True,False,False,True,False,False,True,False,True,False
445.93,4771.0,39,2022,0,False,False,False,False,True,False,False,True,False,True,False
326.35,4118.0,32,2022,1,False,False,True,False,False,True,False,True,False,False,True
454.65,4118.0,32,2022,1,False,False,False,False,False,True,False,True,False,False,True
406.11,4118.0,32,2022,1,False,False,True,False,False,True,False,True,False,False,True
73.27,4118.0,32,2022,1,True,False,False,False,False,True,False,True,False,False,True
382.53,4118.0,32,2022,1,False,False,True,False,False,True,False,True,False,False,True
132.46,4118.0,32,2022,1,False,True,False,False,False,True,False,True,False,False,True
467.01,4118.0,32,2022,1,False,False,False,True,False,True,False,True,False,False,True
153.34,4118.0,32,2022,1,True,False,False,False,False,True,False,True,False,False,True
489.07,2095.0,49,2022,1,True,False,False,False,False,False,False,False,True,True,False
389.3,8719.0,30,2022,1,False,False,False,False,True,False,False,False,True,False,True
389.3,8652.0,30,2022,1,False,False,False,False,True,False,False,False,True,False,True
114.63,8719.0,30,2022,1,False,False,False,True,True,False,False,False,True,False,True
114.63,8652.0,30,2022,1,False,False,False,True,True,False,False,False,True,False,True
269.19,8719.0,30,2022,1,False,False,True,False,True,False,False,False,True,False,True
269.19,8652.0,30,2022,1,False,False,True,False,True,False,False,False,True,False,True
373.09,8719.0,30,2022,1,False,False,False,False,True,False,False,False,True,False,True
373.09,8652.0,30,2022,1,False,False,False,False,True,False,False,False,True,False,True
339.95,8719.0,30,2022,1,False,False,False,True,True,False,False,False,True,False,True
339.95,8652.0,30,2022,1,False,False,False,True,True,False,False,False,True,False,True
38.6,8719.0,30,2022,1,False,False,True,False,True,False,False,False,True,False,True
38.6,8652.0,30,2022,1,False,False,True,False,True,False,False,False,True,False,True
474.7,8719.0,30,2022,1,False,True,False,False,True,False,False,False,True,False,True
474.7,8652.0,30,2022,1,False,True,False,False,True,False,False,False,True,False,True
468.35,8719.0,30,2022,1,True,False,False,False,True,False,False,False,True,False,True
468.35,8652.0,30,2022,1,True,False,False,False,True,False,False,False,True,False,True
472.78,8719.0,30,2022,1,True,False,False,False,True,False,False,False,True,False,True
472.78,8652.0,30,2022,1,True,False,False,False,True,False,False,False,True,False,True
13.04,2855.0,2,2022,0,False,False,False,True,False,False,False,True,False,False,True
13.04,5948.0,2,2022,0,False,False,False,True,True,False,False,True,False,False,True
207.81,4497.0,44,2022,0,False,True,False,False,False,True,False,True,False,True,False
317.21,4497.0,44,2022,0,False,False,False,False,False,True,False,True,False,True,False
95.34,-1.0,43,2022,0,False,False,True,False,False,False,True,False,False,True,False
294.83,-1.0,43,2022,0,False,False,False,True,False,False,True,False,False,True,False
223.77,-1.0,43,2022,0,False,False,False,True,False,False,True,False,False,True,False
404.47,-1.0,43,2022,0,False,False,False,False,False,False,True,False,False,True,False
493.46,-1.0,43,2022,0,True,False,False,False,False,False,True,False,False,True,False
459.39,6179.0,37,2022,0,False,False,False,False,False,True,False,True,False,True,False
208.45,4126.0,19,2022,0,False,False,False,False,False,True,False,False,True,True,False
34.16,4126.0,19,2022,0,True,False,False,False,False,True,False,False,True,True,False
218.75,4126.0,19,2022,0,False,True,False,False,False,True,False,False,True,True,False
214.39,-1.0,26,2022,0,False,False,False,False,False,False,True,False,False,False,False
166.83,-1.0,26,2022,0,False,False,False,False,False,False,True,False,False,False,False
164.96,-1.0,26,2022,0,True,False,False,False,False,False,True,False,False,False,False
298.18,-1.0,26,2022,0,False,True,False,False,False,False,True,False,False,False,False
251.8,-1.0,26,2022,0,False,True,False,False,False,False,True,False,False,False,False
380.93,6563.0,1,2022,0,False,False,False,False,True,False,False,False,True,False,False
380.93,7076.0,1,2022,0,False,False,False,False,True,False,False,True,False,False,False
341.58,6563.0,1,2022,0,False,False,True,False,True,False,False,False,True,False,False
341.58,7076.0,1,2022,0,False,False,True,False,True,False,False,True,False,False,False
335.38,6563.0,1,2022,0,False,True,False,False,True,False,False,False,True,False,False
335.38,7076.0,1,2022,0,False,True,False,False,True,False,False,True,False,False,False
131.9,6563.0,1,2022,0,False,True,False,False,True,False,False,False,True,False,False
131.9,7076.0,1,2022,0,False,True,False,False,True,False,False,True,False,False,False
20.92,6563.0,1,2022,0,False,True,False,False,True,False,False,False,True,False,False
20.92,7076.0,1,2022,0,False,True,False,False,True,False,False,True,False,False,False
196.16,6563.0,1,2022,0,True,False,False,False,True,False,False,False,True,False,False
196.16,7076.0,1,2022,0,True,False,False,False,True,False,False,True,False,False,False
495.06,6563.0,1,2022,0,False,False,False,False,True,False,False,False,True,False,False
495.06,7076.0,1,2022,0,False,False,False,False,True,False,False,True,False,False,False
78.45,6563.0,1,2022,0,False,False,True,False,True,False,False,False,True,False,False
78.45,7076.0,1,2022,0,False,False,True,False,True,False,False,True,False,False,False
143.49,6563.0,1,2022,0,False,False,False,False,True,False,False,False,True,False,False
143.49,7076.0,1,2022,0,False,False,False,False,True,False,False,True,False,False,False
199.25,6095.0,42,2022,0,False,False,True,False,False,True,False,False,True,False,False
58.28,6095.0,42,2022,0,False,False,True,False,False,True,False,False,True,False,False
477.21,6095.0,42,2022,0,False,False,False,False,False,True,False,False,True,False,False
305.18,-1.0,28,2022,1,False,False,True,False,False,False,True,False,False,True,False
203.01,-1.0,28,2022,1,False,False,False,False,False,False,True,False,False,True,False
357.78,-1.0,28,2022,1,False,True,False,False,False,False,True,False,False,True,False
278.76,3826.0,26,2022,1,False,False,False,True,False,True,False,False,True,True,False
278.76,3874.0,26,2022,1,False,False,False,True,True,False,False,False,True,True,False
7.72,3826.0,26,2022,1,False,False,False,False,False,True,False,False,True,True,False
7.72,3874.0,26,2022,1,False,False,False,False,True,False,False,False,True,True,False
101.13,3826.0,26,2022,1,False,True,False,False,False,True,False,False,True,True,False
101.13,3874.0,26,2022,1,False,True,False,False,True,False,False,False,True,True,False
24.07,3826.0,26,2022,1,True,False,False,False,False,True,False,False,True,True,False
24.07,3874.0,26,2022,1,True,False,False,False,True,False,False,False,True,True,False
252.9,3826.0,26,2022,1,False,False,False,False,False,True,False,False,True,True,False
252.9,3874.0,26,2022,1,False,False,False,False,True,False,False,False,True,True,False
377.43,3826.0,26,2022,1,False,False,False,True,False,True,False,False,True,True,False
377.43,3874.0,26,2022,1,False,False,False,True,True,False,False,False,True,True,False
120.92,3826.0,26,2022,1,False,False,False,False,False,True,False,False,True,True,False
120.92,3874.0,26,2022,1,False,False,False,False,True,False,False,False,True,True,False
7.11,3826.0,26,2022,1,False,False,False,False,False,True,False,False,True,True,False
7.11,3874.0,26,2022,1,False,False,False,False,True,False,False,False,True,True,False
230.04,-1.0,40,2022,0,False,True,False,False,False,False,True,False,False,False,False
345.79,-1.0,40,2022,0,True,False,False,False,False,False,True,False,False,False,False
273.82,-1.0,40,2022,0,False,False,False,False,False,False,True,False,False,False,False
31.8,-1.0,40,2022,0,False,False,False,False,False,False,True,False,False,False,False
389.51,-1.0,40,2022,0,True,False,False,False,False,False,True,False,False,False,False
267.26,-1.0,40,2022,0,True,False,False,False,False,False,True,False,False,False,False
24.61,-1.0,40,2022,0,False,True,False,False,False,False,True,False,False,False,False
331.14,4097.0,35,2022,0,True,False,False,False,True,False,False,False,True,True,False
203.76,4097.0,35,2022,0,False,False,True,False,True,False,False,False,True,True,False
267.86,4097.0,35,2022,0,False,True,False,False,True,False,False,False,True,True,False
314.57,4097.0,35,2022,0,False,False,False,False,True,False,False,False,True,True,False
84.12,9437.0,3,2022,0,False,False,False,True,True,False,False,True,False,False,True
84.12,5075.0,3,2022,0,False,False,False,True,False,True,False,False,True,False,True
197.17,9437.0,3,2022,0,True,False,False,False,True,False,False,True,False,False,True
197.17,5075.0,3,2022,0,True,False,False,False,False,True,False,False,True,False,True
324.5,9437.0,3,2022,0,False,False,False,True,True,False,False,True,False,False,True
324.5,5075.0,3,2022,0,False,False,False,True,False,True,False,False,True,False,True
499.86,-1.0,26,2022,1,False,False,False,False,False,False,True,False,False,True,False
301.46,-1.0,26,2022,1,False,True,False,False,False,False,True,False,False,True,False
337.18,-1.0,26,2022,1,False,False,False,True,False,False,True,False,False,True,False
285.56,-1.0,26,2022,1,False,False,True,False,False,False,True,False,False,True,False
473.78,-1.0,26,2022,1,False,False,False,True,False,False,True,False,False,True,False
66.59,-1.0,26,2022,1,False,False,False,False,False,False,True,False,False,True,False
105.27,-1.0,26,2022,1,False,False,False,False,False,False,True,False,False,True,False
78.86,-1.0,33,2022,0,False,True,False,False,False,False,True,False,False,False,False
80.51,-1.0,33,2022,0,False,True,False,False,False,False,True,False,False,False,False
243.28,-1.0,33,2022,0,False,False,True,False,False,False,True,False,False,False,False
273.12,-1.0,33,2022,0,False,False,False,True,False,False,True,False,False,False,False
335.68,-1.0,33,2022,0,True,False,False,False,False,False,True,False,False,False,False
206.33,-1.0,33,2022,0,False,True,False,False,False,False,True,False,False,False,False
147.82,8392.0,22,2022,0,False,False,False,False,True,False,False,False,True,True,False
259.55,8392.0,22,2022,0,False,False,True,False,True,False,False,False,True,True,False
303.91,8392.0,22,2022,0,False,False,False,False,True,False,False,False,True,True,False
222.74,8392.0,22,2022,0,True,False,False,False,True,False,False,False,True,True,False
489.08,8392.0,22,2022,0,False,False,False,True,True,False,False,False,True,True,False
469.02,7906.0,6,2022,0,True,False,False,False,False,True,False,True,False,False,False
445.96,7906.0,6,2022,0,True,False,False,False,False,True,False,True,False,False,False
225.33,7906.0,6,2022,0,False,False,True,False,False,True,False,True,False,False,False
69.63,7906.0,6,2022,0,False,False,False,False,False,True,False,True,False,False,False
262.63,2395.0,42,2022,0,False,False,False,False,False,False,False,False,True,True,False
262.63,5931.0,42,2022,0,False,False,False,False,False,True,False,True,False,True,False
326.61,2395.0,42,2022,0,False,True,False,False,False,False,False,False,True,True,False
326.61,5931.0,42,2022,0,False,True,False,False,False,True,False,True,False,True,False
50.79,2395.0,42,2022,0,False,False,False,False,False,False,False,False,True,True,False
50.79,5931.0,42,2022,0,False,False,False,False,False,True,False,True,False,True,False
196.3,2395.0,42,2022,0,False,False,True,False,False,False,False,False,True,True,False
196.3,5931.0,42,2022,0,False,False,True,False,False,True,False,True,False,True,False
81.51,7303.0,34,2022,0,False,False,False,True,False,True,False,True,False,True,False
278.11,7303.0,34,2022,0,True,False,False,False,False,True,False,True,False,True,False
369.04,7303.0,34,2022,0,False,False,True,False,False,True,False,True,False,True,False
13.35,7303.0,34,2022,0,False,False,True,False,False,True,False,True,False,True,False
469.65,7303.0,34,2022,0,False,False,True,False,False,True,False,True,False,True,False
89.72,7303.0,34,2022,0,False,True,False,False,False,True,False,True,False,True,False
26.12,7303.0,34,2022,0,False,False,False,False,False,True,False,True,False,True,False
236.45,7303.0,34,2022,0,False,False,False,True,False,True,False,True,False,True,False
412.18,2597.0,3,2022,1,False,True,False,False,True,False,False,True,False,True,False
468.2,2597.0,3,2022,1,False,False,True,False,True,False,False,True,False,True,False
399.23,2597.0,3,2022,1,False,False,False,False,True,False,False,True,False,True,False
333.6,2597.0,3,2022,1,False,False,False,True,True,False,False,True,False,True,False
403.47,2597.0,3,2022,1,False,True,False,False,True,False,False,True,False,True,False
411.04,-1.0,17,2022,1,False,False,True,False,False,False,True,False,False,True,False
295.52,-1.0,17,2022,1,False,False,True,False,False,False,True,False,False,True,False
262.73,-1.0,17,2022,1,False,False,True,False,False,False,True,False,False,True,False
70.86,-1.0,17,2022,1,True,False,False,False,False,False,True,False,False,True,False
322.71,-1.0,17,2022,1,False,False,True,False,False,False,True,False,False,True,False
341.96,-1.0,6,2022,0,False,False,True,False,False,False,True,False,False,False,False
435.09,-1.0,6,2022,0,False,True,False,False,False,False,True,False,False,False,False
35.03,-1.0,6,2022,0,False,True,False,False,False,False,True,False,False,False,False
266.36,-1.0,6,2022,0,False,False,False,True,False,False,True,False,False,False,False
205.51,-1.0,6,2022,0,False,False,False,True,False,False,True,False,False,False,False
399.18,-1.0,6,2022,0,True,False,False,False,False,False,True,False,False,False,False
340.69,-1.0,42,2022,0,False,True,False,False,False,False,True,False,False,False,False
39.77,-1.0,42,2022,0,False,False,False,True,False,False,True,False,False,False,False
190.96,-1.0,42,2022,0,False,False,True,False,False,False,True,False,False,False,False
177.6,-1.0,42,2022,0,False,False,False,False,False,False,True,False,False,False,False
277.57,-1.0,42,2022,0,False,False,False,True,False,False,True,False,False,False,False
110.29,2434.0,5,2022,1,False,False,False,False,True,False,False,False,True,False,True
110.29,2892.0,5,2022,1,False,False,False,False,True,False,False,True,False,False,True
401.9,2434.0,5,2022,1,False,False,True,False,True,False,False,False,True,False,True
401.9,2892.0,5,2022,1,False,False,True,False,True,False,False,True,False,False,True
443.38,5233.0,20,2022,0,False,False,False,False,False,True,False,False,True,False,True
443.38,2311.0,20,2022,0,False,False,False,False,False,True,False,True,False,False,True
171.69,5233.0,20,2022,0,True,False,False,False,False,True,False,False,True,False,True
171.69,2311.0,20,2022,0,True,False,False,False,False,True,False,True,False,False,True
145.77,7766.0,1,2022,0,False,True,False,False,False,True,False,False,True,False,True
145.77,5671.0,1,2022,0,False,True,False,False,False,False,False,False,True,False,True
272.38,7766.0,1,2022,0,False,False,True,False,False,True,False,False,True,False,True
272.38,5671.0,1,2022,0,False,False,True,False,False,False,False,False,True,False,True
134.68,7766.0,1,2022,0,False,False,False,True,False,True,False,False,True,False,True
134.68,5671.0,1,2022,0,False,False,False,True,False,False,False,False,True,False,True
144.79,7766.0,1,2022,0,False,True,False,False,False,True,False,False,True,False,True
144.79,5671.0,1,2022,0,False,True,False,False,False,False,False,False,True,False,True
414.2,7766.0,1,2022,0,True,False,False,False,False,True,False,False,True,False,True
414.2,5671.0,1,2022,0,True,False,False,False,False,False,False,False,True,False,True
491.52,7766.0,1,2022,0,True,False,False,False,False,True,False,False,True,False,True
491.52,5671.0,1,2022,0,True,False,False,False,False,False,False,False,True,False,True
310.36,7766.0,1,2022,0,False,False,False,False,False,True,False,False,True,False,True
310.36,5671.0,1,2022,0,False,False,False,False,False,False,False,False,True,False,True
304.15,7766.0,1,2022,0,True,False,False,False,False,True,False,False,True,False,True
304.15,5671.0,1,2022,0,True,False,False,False,False,False,False,False,True,False,True
30.48,-1.0,24,2022,0,False,False,False,True,False,False,True,False,False,False,False
403.33,7709.0,9,2022,0,False,True,False,False,False,True,False,False,True,False,False
448.61,7408.0,15,2022,0,True,False,False,False,False,False,False,False,True,False,True
448.61,5353.0,15,2022,0,True,False,False,False,True,False,False,False,True,False,True
158.31,7408.0,15,2022,0,True,False,False,False,False,False,False,False,True,False,True
158.31,5353.0,15,2022,0,True,False,False,False,True,False,False,False,True,False,True
269.03,7408.0,15,2022,0,False,False,False,True,False,False,False,False,True,False,True
269.03,5353.0,15,2022,0,False,False,False,True,True,False,False,False,True,False,True
153.67,7408.0,15,2022,0,False,False,True,False,False,False,False,False,True,False,True
153.67,5353.0,15,2022,0,False,False,True,False,True,False,False,False,True,False,True
254.65,7408.0,15,2022,0,False,False,True,False,False,False,False,False,True,False,True
254.65,5353.0,15,2022,0,False,False,True,False,True,False,False,False,True,False,True
288.47,7408.0,15,2022,0,False,False,False,False,False,False,False,False,True,False,True
288.47,5353.0,15,2022,0,False,False,False,False,True,False,False,False,True,False,True
367.93,6429.0,37,2022,0,True,False,False,False,True,False,False,True,False,False,True
367.93,5561.0,37,2022,0,True,False,False,False,True,False,False,False,True,False,True
163.11,6429.0,37,2022,0,False,False,True,False,True,False,False,True,False,False,True
163.11,5561.0,37,2022,0,False,False,True,False,True,False,False,False,True,False,True
171.84,6429.0,37,2022,0,False,False,False,True,True,False,False,True,False,False,True
171.84,5561.0,37,2022,0,False,False,False,True,True,False,False,False,True,False,True
86.01,6429.0,37,2022,0,False,True,False,False,True,False,False,True,False,False,True
86.01,5561.0,37,2022,0,False,True,False,False,True,False,False,False,True,False,True
314.12,6429.0,37,2022,0,True,False,False,False,True,False,False,True,False,False,True
314.12,5561.0,37,2022,0,True,False,False,False,True,False,False,False,True,False,True
391.93,6429.0,37,2022,0,False,False,False,False,True,False,False,True,False,False,True
391.93,5561.0,37,2022,0,False,False,False,False,True,False,False,False,True,False,True
464.98,6429.0,37,2022,0,False,False,False,True,True,False,False,True,False,False,True
464.98,5561.0,37,2022,0,False,False,False,True,True,False,False,False,True,False,True
469.78,6429.0,37,2022,0,False,False,True,False,True,False,False,True,False,False,True
469.78,5561.0,37,2022,0,False,False,True,False,True,False,False,False,True,False,True
209.68,-1.0,18,2022,0,False,True,False,False,False,False,True,False,False,False,False
240.21,2629.0,22,2022,0,False,False,False,False,False,True,False,True,False,True,False
198.08,2629.0,22,2022,0,False,False,False,True,False,True,False,True,False,True,False
363.42,2629.0,22,2022,0,False,False,False,False,False,True,False,True,False,True,False
288.37,2629.0,22,2022,0,False,False,True,False,False,True,False,True,False,True,False
388.46,2629.0,22,2022,0,False,False,True,False,False,True,False,True,False,True,False
403.54,2629.0,22,2022,0,False,False,True,False,False,True,False,True,False,True,False
334.91,-1.0,11,2022,0,False,False,False,False,False,False,True,False,False,False,True
216.34,-1.0,11,2022,0,False,False,False,False,False,False,True,False,False,False,True
409.74,-1.0,11,2022,0,False,False,True,False,False,False,True,False,False,False,True
261.24,5678.0,38,2022,0,False,False,True,False,False,True,False,False,True,False,False
338.97,-1.0,3,2022,0,False,False,False,True,False,False,True,False,False,False,False
282.53,-1.0,3,2022,0,False,False,False,False,False,False,True,False,False,False,False
347.62,-1.0,3,2022,0,False,False,True,False,False,False,True,False,False,False,False
74.09,-1.0,3,2022,0,True,False,False,False,False,False,True,False,False,False,False
28.71,-1.0,3,2022,0,False,False,False,True,False,False,True,False,False,False,False
76.37,-1.0,3,2022,0,False,False,False,True,False,False,True,False,False,False,False
289.07,-1.0,3,2022,0,False,True,False,False,False,False,True,False,False,False,False
276.73,-1.0,3,2022,0,False,False,False,True,False,False,True,False,False,False,False
90.19,2358.0,29,2022,0,False,True,False,False,True,False,False,False,True,False,True
302.15,2358.0,29,2022,0,False,False,False,False,True,False,False,False,True,False,True
27.15,2358.0,29,2022,0,False,False,False,True,True,False,False,False,True,False,True
249.25,2358.0,29,2022,0,False,False,False,False,True,False,False,False,True,False,True
337.64,2358.0,29,2022,0,False,False,True,False,True,False,False,False,True,False,True
298.87,2358.0,29,2022,0,False,True,False,False,True,False,False,False,True,False,True
9.8,5712.0,46,2022,0,False,False,False,True,False,True,False,False,True,False,False
9.8,5815.0,46,2022,0,False,False,False,True,False,True,False,True,False,False,False
156.61,4714.0,32,2022,0,True,False,False,False,False,True,False,True,False,False,True
156.61,5532.0,32,2022,0,True,False,False,False,True,False,False,True,False,False,True
229.15,4714.0,32,2022,0,False,False,True,False,False,True,False,True,False,False,True
229.15,5532.0,32,2022,0,False,False,True,False,True,False,False,True,False,False,True
299.04,4714.0,32,2022,0,False,False,False,True,False,True,False,True,False,False,True
299.04,5532.0,32,2022,0,False,False,False,True,True,False,False,True,False,False,True
241.73,4714.0,32,2022,0,False,False,False,True,False,True,False,True,False,False,True
241.73,5532.0,32,2022,0,False,False,False,True,True,False,False,True,False,False,True
296.43,2266.0,34,2022,0,False,False,False,False,False,True,False,True,False,True,False
19.9,2266.0,34,2022,0,False,True,False,False,False,True,False,True,False,True,False
134.6,2266.0,34,2022,0,False,True,False,False,False,True,False,True,False,True,False
310.99,2266.0,34,2022,0,False,False,False,False,False,True,False,True,False,True,False
410.42,2266.0,34,2022,0,False,False,False,True,False,True,False,True,False,True,False
126.61,2266.0,34,2022,0,True,False,False,False,False,True,False,True,False,True,False
493.29,6461.0,8,2022,0,False,False,True,False,False,True,False,True,False,False,True
493.29,9384.0,8,2022,0,False,False,True,False,True,False,False,True,False,False,True
272.15,6461.0,8,2022,0,False,False,True,False,False,True,False,True,False,False,True
272.15,9384.0,8,2022,0,False,False,True,False,True,False,False,True,False,False,True
139.23,6461.0,8,2022,0,False,False,False,False,False,True,False,True,False,False,True
139.23,9384.0,8,2022,0,False,False,False,False,True,False,False,True,False,False,True
20.91,6461.0,8,2022,0,True,False,False,False,False,True,False,True,False,False,True
20.91,9384.0,8,2022,0,True,False,False,False,True,False,False,True,False,False,True
451.28,8478.0,34,2022,0,False,True,False,False,False,False,False,True,False,True,False
201.88,8478.0,34,2022,0,False,True,False,False,False,False,False,True,False,True,False
295.8,8478.0,34,2022,0,True,False,False,False,False,False,False,True,False,True,False
359.9,3277.0,5,2022,0,False,False,True,False,False,True,False,False,True,True,False
117.58,3277.0,5,2022,0,True,False,False,False,False,True,False,False,True,True,False
218.25,3277.0,5,2022,0,False,False,False,True,False,True,False,False,True,True,False
288.26,-1.0,9,2022,0,False,False,False,True,False,False,True,False,False,False,False
359.91,-1.0,17,2022,0,False,False,True,False,False,False,True,False,False,False,False
107.8,-1.0,17,2022,0,False,True,False,False,False,False,True,False,False,False,False
372.12,-1.0,17,2022,0,False,False,False,True,False,False,True,False,False,False,False
117.48,-1.0,17,2022,0,False,False,False,False,False,False,True,False,False,False,False
119.69,-1.0,17,2022,0,True,False,False,False,False,False,True,False,False,False,False
478.42,-1.0,17,2022,0,False,False,False,False,False,False,True,False,False,False,False
311.85,-1.0,17,2022,0,False,False,True,False,False,False,True,False,False,False,False
240.22,-1.0,17,2022,0,False,False,False,False,False,False,True,False,False,False,False
178.11,-1.0,17,2022,0,False,False,False,False,False,False,True,False,False,False,False
433.17,2741.0,20,2022,0,False,False,False,False,False,False,False,True,False,False,False
293.56,2741.0,20,2022,0,True,False,False,False,False,False,False,True,False,False,False
422.92,2741.0,20,2022,0,False,False,True,False,False,False,False,True,False,False,False
267.03,2741.0,20,2022,0,False,False,False,False,False,False,False,True,False,False,False
399.27,-1.0,42,2022,0,False,False,False,True,False,False,True,False,False,False,False
209.71,-1.0,42,2022,0,False,True,False,False,False,False,True,False,False,False,False
213.13,-1.0,42,2022,0,False,False,False,True,False,False,True,False,False,False,False
417.22,-1.0,42,2022,0,False,False,True,False,False,False,True,False,False,False,False
192.17,-1.0,42,2022,0,False,False,False,False,False,False,True,False,False,False,False
159.96,-1.0,42,2022,0,False,False,True,False,False,False,True,False,False,False,False
200.23,-1.0,42,2022,0,False,False,False,True,False,False,True,False,False,False,False
224.52,5334.0,27,2022,0,True,False,False,False,False,True,False,True,False,True,False
435.88,5334.0,27,2022,0,False,False,False,False,False,True,False,True,False,True,False
396.22,5334.0,27,2022,0,False,False,False,False,False,True,False,True,False,True,False
76.42,5334.0,27,2022,0,False,False,False,True,False,True,False,True,False,True,False
267.46,5334.0,27,2022,0,True,False,False,False,False,True,False,True,False,True,False
217.86,-1.0,5,2022,0,True,False,False,False,False,False,True,False,False,True,False
211.29,-1.0,5,2022,0,False,False,False,False,False,False,True,False,False,True,False
359.66,-1.0,5,2022,0,False,False,True,False,False,False,True,False,False,True,False
269.33,-1.0,5,2022,0,False,False,True,False,False,False,True,False,False,True,False
191.8,3327.0,46,2022,1,False,False,False,False,False,False,False,True,False,False,False
191.8,4203.0,46,2022,1,False,False,False,False,False,False,False,True,False,False,False
179.18,3327.0,46,2022,1,True,False,False,False,False,False,False,True,False,False,False
179.18,4203.0,46,2022,1,True,False,False,False,False,False,False,True,False,False,False
96.15,3327.0,46,2022,1,False,False,True,False,False,False,False,True,False,False,False
96.15,4203.0,46,2022,1,False,False,True,False,False,False,False,True,False,False,False
64.24,3327.0,46,2022,1,False,False,False,True,False,False,False,True,False,False,False
64.24,4203.0,46,2022,1,False,False,False,True,False,False,False,True,False,False,False
61.53,3327.0,46,2022,1,False,False,True,False,False,False,False,True,False,False,False
61.53,4203.0,46,2022,1,False,False,True,False,False,False,False,True,False,False,False
271.31,3419.0,29,2022,0,True,False,False,False,False,True,False,False,True,False,True
271.31,9812.0,29,2022,0,True,False,False,False,True,False,False,False,True,False,True
11.85,3419.0,29,2022,0,False,False,True,False,False,True,False,False,True,False,True
11.85,9812.0,29,2022,0,False,False,True,False,True,False,False,False,True,False,True
34.91,-1.0,11,2022,0,False,False,True,False,False,False,True,False,False,True,False
470.83,5164.0,26,2022,0,False,False,False,False,False,True,False,False,True,False,False
65.46,5164.0,26,2022,0,False,False,False,True,False,True,False,False,True,False,False
338.49,5259.0,23,2022,1,False,False,True,False,False,False,False,False,True,False,False
262.82,5259.0,23,2022,1,True,False,False,False,False,False,False,False,True,False,False
42.62,-1.0,18,2022,0,False,False,True,False,False,False,True,False,False,False,False
28.8,-1.0,18,2022,0,False,True,False,False,False,False,True,False,False,False,False
90.61,-1.0,18,2022,0,True,False,False,False,False,False,True,False,False,False,False
24.28,-1.0,18,2022,0,False,False,False,True,False,False,True,False,False,False,False
27.0,-1.0,18,2022,0,True,False,False,False,False,False,True,False,False,False,False
213.42,-1.0,18,2022,0,False,False,True,False,False,False,True,False,False,False,False
102.23,-1.0,18,2022,0,True,False,False,False,False,False,True,False,False,False,False
120.75,-1.0,18,2022,0,False,False,False,False,False,False,True,False,False,False,False
140.63,3746.0,20,2022,0,False,False,False,False,False,False,False,False,True,False,True
140.63,7897.0,20,2022,0,False,False,False,False,False,False,False,False,True,False,True
172.92,3746.0,20,2022,0,False,False,False,True,False,False,False,False,True,False,True
172.92,7897.0,20,2022,0,False,False,False,True,False,False,False,False,True,False,True
154.28,3746.0,20,2022,0,False,False,True,False,False,False,False,False,True,False,True
154.28,7897.0,20,2022,0,False,False,True,False,False,False,False,False,True,False,True
182.09,-1.0,44,2022,0,False,False,True,False,False,False,True,False,False,False,True
463.05,-1.0,44,2022,0,False,False,False,False,False,False,True,False,False,False,True
178.12,-1.0,44,2022,0,False,False,False,True,False,False,True,False,False,False,True
432.29,-1.0,44,2022,0,False,False,False,True,False,False,True,False,False,False,True
302.32,-1.0,44,2022,0,False,False,False,True,False,False,True,False,False,False,True
401.96,-1.0,44,2022,0,False,False,True,False,False,False,True,False,False,False,True
89.07,-1.0,44,2022,0,True,False,False,False,False,False,True,False,False,False,True
96.54,-1.0,44,2022,0,False,True,False,False,False,False,True,False,False,False,True
477.46,-1.0,21,2022,0,False,False,False,False,False,False,True,False,False,True,False
381.83,6249.0,26,2022,0,False,False,False,True,False,False,False,False,True,True,False
381.83,7068.0,26,2022,0,False,False,False,True,True,False,False,True,False,True,False
441.92,6249.0,26,2022,0,False,True,False,False,False,False,False,False,True,True,False
441.92,7068.0,26,2022,0,False,True,False,False,True,False,False,True,False,True,False
27.56,9079.0,32,2022,0,False,True,False,False,True,False,False,True,False,True,False
27.56,9577.0,32,2022,0,False,True,False,False,False,False,False,False,True,True,False
61.97,9079.0,32,2022,0,True,False,False,False,True,False,False,True,False,True,False
61.97,9577.0,32,2022,0,True,False,False,False,False,False,False,False,True,True,False
241.94,9079.0,32,2022,0,False,False,False,True,True,False,False,True,False,True,False
241.94,9577.0,32,2022,0,False,False,False,True,False,False,False,False,True,True,False
161.63,9079.0,32,2022,0,False,False,True,False,True,False,False,True,False,True,False
161.63,9577.0,32,2022,0,False,False,True,False,False,False,False,False,True,True,False
279.62,9079.0,32,2022,0,False,True,False,False,True,False,False,True,False,True,False
279.62,9577.0,32,2022,0,False,True,False,False,False,False,False,False,True,True,False
151.96,9079.0,32,2022,0,False,False,False,True,True,False,False,True,False,True,False
151.96,9577.0,32,2022,0,False,False,False,True,False,False,False,False,True,True,False
400.15,9079.0,32,2022,0,False,True,False,False,True,False,False,True,False,True,False
400.15,9577.0,32,2022,0,False,True,False,False,False,False,False,False,True,True,False
321.14,9079.0,32,2022,0,False,False,True,False,True,False,False,True,False,True,False
321.14,9577.0,32,2022,0,False,False,True,False,False,False,False,False,True,True,False
361.27,9079.0,32,2022,0,False,False,True,False,True,False,False,True,False,True,False
361.27,9577.0,32,2022,0,False,False,True,False,False,False,False,False,True,True,False
61.98,9344.0,1,2022,0,False,True,False,False,False,True,False,False,True,True,False
61.98,2506.0,1,2022,0,False,True,False,False,True,False,False,False,True,True,False
60.4,2015.0,2,2022,1,True,False,False,False,False,True,False,True,False,False,True
357.39,2015.0,2,2022,1,False,False,True,False,False,True,False,True,False,False,True
25.56,2015.0,2,2022,1,True,False,False,False,False,True,False,True,False,False,True
395.95,2015.0,2,2022,1,False,False,False,False,False,True,False,True,False,False,True
78.05,8475.0,4,2022,0,False,False,False,False,False,False,False,False,True,False,False
78.05,7557.0,4,2022,0,False,False,False,False,False,False,False,False,True,False,False
149.31,8475.0,4,2022,0,False,False,False,True,False,False,False,False,True,False,False
149.31,7557.0,4,2022,0,False,False,False,True,False,False,False,False,True,False,False
139.93,8475.0,4,2022,0,False,False,False,False,False,False,False,False,True,False,False
139.93,7557.0,4,2022,0,False,False,False,False,False,False,False,False,True,False,False
145.07,8475.0,4,2022,0,True,False,False,False,False,False,False,False,True,False,False
145.07,7557.0,4,2022,0,True,False,False,False,False,False,False,False,True,False,False
427.35,8475.0,4,2022,0,False,True,False,False,False,False,False,False,True,False,False
427.35,7557.0,4,2022,0,False,True,False,False,False,False,False,False,True,False,False
429.99,8475.0,4,2022,0,False,False,False,True,False,False,False,False,True,False,False
429.99,7557.0,4,2022,0,False,False,False,True,False,False,False,False,True,False,False
376.71,9741.0,41,2022,0,False,False,True,False,False,False,False,False,True,True,False
376.71,3862.0,41,2022,0,False,False,True,False,False,False,False,False,True,True,False
177.08,9741.0,41,2022,0,True,False,False,False,False,False,False,False,True,True,False
177.08,3862.0,41,2022,0,True,False,False,False,False,False,False,False,True,True,False
237.52,-1.0,10,2022,0,False,False,False,False,False,False,True,False,False,False,True
151.01,-1.0,10,2022,0,False,False,False,False,False,False,True,False,False,False,True
217.36,-1.0,10,2022,0,False,False,False,True,False,False,True,False,False,False,True
356.88,8486.0,28,2022,0,False,False,False,True,False,False,False,False,True,False,True
356.88,2576.0,28,2022,0,False,False,False,True,False,True,False,True,False,False,True
46.49,8486.0,28,2022,0,True,False,False,False,False,False,False,False,True,False,True
46.49,2576.0,28,2022,0,True,False,False,False,False,True,False,True,False,False,True
246.7,-1.0,49,2022,0,False,True,False,False,False,False,True,False,False,False,False
127.76,-1.0,49,2022,0,False,False,False,False,False,False,True,False,False,False,False
120.77,-1.0,49,2022,0,False,False,False,True,False,False,True,False,False,False,False
346.34,-1.0,49,2022,0,False,True,False,False,False,False,True,False,False,False,False
6.69,-1.0,49,2022,0,False,False,False,True,False,False,True,False,False,False,False
440.65,7246.0,37,2022,0,True,False,False,False,True,False,False,False,True,True,False
156.87,7246.0,37,2022,0,False,False,False,True,True,False,False,False,True,True,False
161.5,7246.0,37,2022,0,False,False,True,False,True,False,False,False,True,True,False
377.79,7246.0,37,2022,0,False,False,False,False,True,False,False,False,True,True,False
388.7,7246.0,37,2022,0,False,False,False,False,True,False,False,False,True,True,False
172.15,7246.0,37,2022,0,False,False,False,True,True,False,False,False,True,True,False
341.48,7246.0,37,2022,0,False,False,False,True,True,False,False,False,True,True,False
322.05,7246.0,37,2022,0,False,False,True,False,True,False,False,False,True,True,False
329.14,-1.0,17,2022,0,False,False,True,False,False,False,True,False,False,False,False
172.33,-1.0,17,2022,0,True,False,False,False,False,False,True,False,False,False,False
477.01,-1.0,17,2022,0,False,False,False,False,False,False,True,False,False,False,False
237.97,-1.0,17,2022,0,False,False,False,True,False,False,True,False,False,False,False
203.51,-1.0,17,2022,0,False,False,False,True,False,False,True,False,False,False,False
272.78,-1.0,17,2022,0,False,True,False,False,False,False,True,False,False,False,False
404.75,-1.0,17,2022,0,False,False,False,False,False,False,True,False,False,False,False
341.27,-1.0,17,2022,0,False,False,True,False,False,False,True,False,False,False,False
143.78,-1.0,17,2022,0,False,False,True,False,False,False,True,False,False,False,False
239.79,5382.0,30,2022,0,False,False,True,False,True,False,False,True,False,False,True
239.79,7952.0,30,2022,0,False,False,True,False,False,False,False,False,True,False,True
11.94,5382.0,30,2022,0,True,False,False,False,True,False,False,True,False,False,True
11.94,7952.0,30,2022,0,True,False,False,False,False,False,False,False,True,False,True
341.44,5382.0,30,2022,0,False,False,False,True,True,False,False,True,False,False,True
341.44,7952.0,30,2022,0,False,False,False,True,False,False,False,False,True,False,True
84.3,5382.0,30,2022,0,False,False,False,False,True,False,False,True,False,False,True
84.3,7952.0,30,2022,0,False,False,False,False,False,False,False,False,True,False,True
230.85,5382.0,30,2022,0,False,True,False,False,True,False,False,True,False,False,True
230.85,7952.0,30,2022,0,False,True,False,False,False,False,False,False,True,False,True
301.34,-1.0,6,2022,0,False,False,False,True,False,False,True,False,False,False,True
272.54,-1.0,6,2022,0,False,False,False,False,False,False,True,False,False,False,True
153.84,-1.0,6,2022,0,False,False,False,True,False,False,True,False,False,False,True
432.05,-1.0,6,2022,0,False,False,False,True,False,False,True,False,False,False,True
417.67,-1.0,6,2022,0,False,False,False,False,False,False,True,False,False,False,True
31.47,6784.0,11,2022,0,False,False,False,False,False,True,False,False,True,False,True
31.47,6333.0,11,2022,0,False,False,False,False,False,False,False,True,False,False,True
463.13,6784.0,11,2022,0,False,False,False,True,False,True,False,False,True,False,True
463.13,6333.0,11,2022,0,False,False,False,True,False,False,False,True,False,False,True
452.16,6784.0,11,2022,0,False,True,False,False,False,True,False,False,True,False,True
452.16,6333.0,11,2022,0,False,True,False,False,False,False,False,True,False,False,True
477.35,6784.0,11,2022,0,False,True,False,False,False,True,False,False,True,False,True
477.35,6333.0,11,2022,0,False,True,False,False,False,False,False,True,False,False,True
209.12,6784.0,11,2022,0,True,False,False,False,False,True,False,False,True,False,True
209.12,6333.0,11,2022,0,True,False,False,False,False,False,False,True,False,False,True
334.65,6784.0,11,2022,0,False,True,False,False,False,True,False,False,True,False,True
334.65,6333.0,11,2022,0,False,True,False,False,False,False,False,True,False,False,True
471.51,6784.0,11,2022,0,False,True,False,False,False,True,False,False,True,False,True
471.51,6333.0,11,2022,0,False,True,False,False,False,False,False,True,False,False,True
74.95,5023.0,11,2022,0,False,False,False,True,False,False,False,True,False,True,False
233.35,5023.0,11,2022,0,False,True,False,False,False,False,False,True,False,True,False
289.72,5023.0,11,2022,0,False,False,False,True,False,False,False,True,False,True,False
464.71,5023.0,11,2022,0,False,False,False,False,False,False,False,True,False,True,False
311.61,5023.0,11,2022,0,False,False,False,True,False,False,False,True,False,True,False
345.03,5023.0,11,2022,0,False,False,True,False,False,False,False,True,False,True,False
386.88,3650.0,2,2022,1,False,False,False,False,True,False,False,True,False,False,False
386.88,7851.0,2,2022,1,False,False,False,False,True,False,False,True,False,False,False
369.64,3650.0,2,2022,1,True,False,False,False,True,False,False,True,False,False,False
369.64,7851.0,2,2022,1,True,False,False,False,True,False,False,True,False,False,False
135.94,-1.0,20,2022,0,False,False,True,False,False,False,True,False,False,False,False
153.54,-1.0,34,2022,0,False,False,False,True,False,False,True,False,False,False,True
454.52,-1.0,34,2022,0,False,False,False,True,False,False,True,False,False,False,True
13.86,-1.0,41,2022,0,False,False,False,True,False,False,True,False,False,False,False
111.78,5501.0,1,2022,0,False,True,False,False,True,False,False,True,False,False,True
304.27,5501.0,1,2022,0,False,False,False,False,True,False,False,True,False,False,True
55.86,5501.0,1,2022,0,False,False,False,True,True,False,False,True,False,False,True
211.03,5501.0,1,2022,0,False,False,False,True,True,False,False,True,False,False,True
179.69,5117.0,48,2022,0,False,True,False,False,False,False,False,False,True,False,False
100.6,5117.0,48,2022,0,False,True,False,False,False,False,False,False,True,False,False
223.62,5117.0,48,2022,0,False,False,True,False,False,False,False,False,True,False,False
337.59,5117.0,48,2022,0,False,False,False,False,False,False,False,False,True,False,False
27.95,5117.0,48,2022,0,False,False,False,True,False,False,False,False,True,False,False
277.63,5117.0,48,2022,0,False,False,True,False,False,False,False,False,True,False,False
120.3,9660.0,27,2022,0,False,False,False,False,True,False,False,True,False,True,False
30.38,9660.0,27,2022,0,False,False,False,True,True,False,False,True,False,True,False
190.18,9660.0,27,2022,0,False,False,False,False,True,False,False,True,False,True,False
465.07,9660.0,27,2022,0,False,False,False,True,True,False,False,True,False,True,False
9.87,9660.0,27,2022,0,False,True,False,False,True,False,False,True,False,True,False
207.06,9660.0,27,2022,0,False,False,True,False,True,False,False,True,False,True,False
230.91,2386.0,26,2022,1,False,False,True,False,True,False,False,True,False,True,False
257.24,2386.0,26,2022,1,False,True,False,False,True,False,False,True,False,True,False
414.03,2386.0,26,2022,1,False,False,True,False,True,False,False,True,False,True,False
366.66,2386.0,26,2022,1,False,False,True,False,True,False,False,True,False,True,False
322.59,2386.0,26,2022,1,False,True,False,False,True,False,False,True,False,True,False
426.47,2386.0,26,2022,1,False,False,True,False,True,False,False,True,False,True,False
277.86,2386.0,26,2022,1,False,True,False,False,True,False,False,True,False,True,False
231.49,8590.0,26,2022,0,False,True,False,False,True,False,False,True,False,True,False
231.49,6548.0,26,2022,0,False,True,False,False,False,True,False,True,False,True,False
286.27,8590.0,26,2022,0,False,False,False,True,True,False,False,True,False,True,False
286.27,6548.0,26,2022,0,False,False,False,True,False,True,False,True,False,True,False
406.87,8590.0,26,2022,0,True,False,False,False,True,False,False,True,False,True,False
406.87,6548.0,26,2022,0,True,False,False,False,False,True,False,True,False,True,False
114.26,3559.0,8,2022,0,True,False,False,False,True,False,False,False,True,False,False
114.26,9597.0,8,2022,0,True,False,False,False,False,False,False,True,False,False,False
424.22,3559.0,8,2022,0,False,False,False,False,True,False,False,False,True,False,False
424.22,9597.0,8,2022,0,False,False,False,False,False,False,False,True,False,False,False
314.08,3559.0,8,2022,0,False,False,False,False,True,False,False,False,True,False,False
314.08,9597.0,8,2022,0,False,False,False,False,False,False,False,True,False,False,False
163.28,3559.0,8,2022,0,False,False,False,True,True,False,False,False,True,False,False
163.28,9597.0,8,2022,0,False,False,False,True,False,False,False,True,False,False,False
47.56,3559.0,8,2022,0,False,False,False,True,True,False,False,False,True,False,False
47.56,9597.0,8,2022,0,False,False,False,True,False,False,False,True,False,False,False
403.2,3559.0,8,2022,0,True,False,False,False,True,False,False,False,True,False,False
403.2,9597.0,8,2022,0,True,False,False,False,False,False,False,True,False,False,False
491.15,8555.0,29,2022,0,False,False,False,False,False,True,False,True,False,True,False
185.28,8555.0,29,2022,0,False,True,False,False,False,True,False,True,False,True,False
129.07,8555.0,29,2022,0,True,False,False,False,False,True,False,True,False,True,False
84.03,8555.0,29,2022,0,False,False,False,False,False,True,False,True,False,True,False
447.26,8555.0,29,2022,0,True,False,False,False,False,True,False,True,False,True,False
133.76,8555.0,29,2022,0,False,False,True,False,False,True,False,True,False,True,False
133.96,8555.0,29,2022,0,False,True,False,False,False,True,False,True,False,True,False
375.99,8555.0,29,2022,0,False,False,True,False,False,True,False,True,False,True,False
494.8,4677.0,17,2022,0,False,True,False,False,False,True,False,False,True,True,False
442.08,4677.0,17,2022,0,True,False,False,False,False,True,False,False,True,True,False
369.15,4677.0,17,2022,0,False,False,True,False,False,True,False,False,True,True,False
157.0,4677.0,17,2022,0,False,True,False,False,False,True,False,False,True,True,False
142.96,4677.0,17,2022,0,False,True,False,False,False,True,False,False,True,True,False
35.63,4677.0,17,2022,0,True,False,False,False,False,True,False,False,True,True,False
225.07,5378.0,33,2022,0,False,False,True,False,True,False,False,True,False,False,False
225.07,6774.0,33,2022,0,False,False,True,False,False,False,False,False,True,False,False
372.67,5378.0,33,2022,0,False,False,True,False,True,False,False,True,False,False,False
372.67,6774.0,33,2022,0,False,False,True,False,False,False,False,False,True,False,False
408.58,5378.0,33,2022,0,False,False,False,True,True,False,False,True,False,False,False
408.58,6774.0,33,2022,0,False,False,False,True,False,False,False,False,True,False,False
57.78,5378.0,33,2022,0,False,False,False,False,True,False,False,True,False,False,False
57.78,6774.0,33,2022,0,False,False,False,False,False,False,False,False,True,False,False
129.22,5378.0,33,2022,0,False,False,True,False,True,False,False,True,False,False,False
129.22,6774.0,33,2022,0,False,False,True,False,False,False,False,False,True,False,False
441.99,5378.0,33,2022,0,True,False,False,False,True,False,False,True,False,False,False
441.99,6774.0,33,2022,0,True,False,False,False,False,False,False,False,True,False,False
80.33,5378.0,33,2022,0,False,False,True,False,True,False,False,True,False,False,False
80.33,6774.0,33,2022,0,False,False,True,False,False,False,False,False,True,False,False
213.9,5378.0,33,2022,0,True,False,False,False,True,False,False,True,False,False,False
213.9,6774.0,33,2022,0,True,False,False,False,False,False,False,False,True,False,False
44.91,5378.0,33,2022,0,False,True,False,False,True,False,False,True,False,False,False
44.91,6774.0,33,2022,0,False,True,False,False,False,False,False,False,True,False,False
470.02,5576.0,1,2022,0,False,False,True,False,False,False,False,True,False,True,False
234.68,5576.0,1,2022,0,False,False,False,False,False,False,False,True,False,True,False
34.81,7231.0,24,2022,0,False,True,False,False,False,False,False,True,False,False,False
34.81,7967.0,24,2022,0,False,True,False,False,False,False,False,True,False,False,False
444.82,7231.0,24,2022,0,False,False,False,False,False,False,False,True,False,False,False
444.82,7967.0,24,2022,0,False,False,False,False,False,False,False,True,False,False,False
264.6,7231.0,24,2022,0,True,False,False,False,False,False,False,True,False,False,False
264.6,7967.0,24,2022,0,True,False,False,False,False,False,False,True,False,False,False
49.45,7231.0,24,2022,0,False,False,False,False,False,False,False,True,False,False,False
49.45,7967.0,24,2022,0,False,False,False,False,False,False,False,True,False,False,False
390.41,7231.0,24,2022,0,False,True,False,False,False,False,False,True,False,False,False
390.41,7967.0,24,2022,0,False,True,False,False,False,False,False,True,False,False,False
192.45,7231.0,24,2022,0,False,False,False,True,False,False,False,True,False,False,False
192.45,7967.0,24,2022,0,False,False,False,True,False,False,False,True,False,False,False
23.21,5879.0,25,2022,0,False,False,False,False,False,False,False,False,True,True,False
454.98,5879.0,25,2022,0,False,False,False,False,False,False,False,False,True,True,False
225.82,5879.0,25,2022,0,False,True,False,False,False,False,False,False,True,True,False
438.61,5879.0,25,2022,0,False,False,True,False,False,False,False,False,True,True,False
206.93,5879.0,25,2022,0,False,True,False,False,False,False,False,False,True,True,False
175.46,5879.0,25,2022,0,False,False,False,True,False,False,False,False,True,True,False
452.64,5879.0,25,2022,0,False,False,True,False,False,False,False,False,True,True,False
440.26,5879.0,25,2022,0,True,False,False,False,False,False,False,False,True,True,False
284.36,5879.0,25,2022,0,False,False,False,False,False,False,False,False,True,True,False
460.95,6806.0,1,2022,1,False,False,False,False,False,False,False,False,True,False,False
127.73,6806.0,1,2022,1,False,False,False,True,False,False,False,False,True,False,False
349.53,7810.0,26,2022,0,False,False,False,False,False,False,False,False,True,False,True
349.53,5410.0,26,2022,0,False,False,False,False,False,False,False,True,False,False,True
97.49,7810.0,26,2022,0,False,True,False,False,False,False,False,False,True,False,True
97.49,5410.0,26,2022,0,False,True,False,False,False,False,False,True,False,False,True
238.13,7810.0,26,2022,0,False,False,False,False,False,False,False,False,True,False,True
238.13,5410.0,26,2022,0,False,False,False,False,False,False,False,True,False,False,True
342.36,7810.0,26,2022,0,True,False,False,False,False,False,False,False,True,False,True
342.36,5410.0,26,2022,0,True,False,False,False,False,False,False,True,False,False,True
466.39,7810.0,26,2022,0,False,False,False,False,False,False,False,False,True,False,True
466.39,5410.0,26,2022,0,False,False,False,False,False,False,False,True,False,False,True
266.08,6440.0,16,2022,1,False,True,False,False,False,True,False,True,False,True,False
266.08,3478.0,16,2022,1,False,True,False,False,True,False,False,False,True,True,False
16.41,9560.0,49,2022,0,False,False,False,False,True,False,False,False,True,True,False
223.0,9560.0,49,2022,0,False,False,False,False,True,False,False,False,True,True,False
84.99,9560.0,49,2022,0,False,False,True,False,True,False,False,False,True,True,False
368.57,4778.0,33,2022,0,True,False,False,False,False,False,False,False,True,False,True
368.57,9573.0,33,2022,0,True,False,False,False,False,True,False,True,False,False,True
428.63,-1.0,28,2022,0,False,False,False,True,False,False,True,False,False,False,False
395.72,-1.0,28,2022,0,True,False,False,False,False,False,True,False,False,False,False
229.16,-1.0,28,2022,0,False,False,False,False,False,False,True,False,False,False,False
328.88,-1.0,28,2022,0,False,False,True,False,False,False,True,False,False,False,False
435.32,-1.0,28,2022,0,True,False,False,False,False,False,True,False,False,False,False
128.09,-1.0,28,2022,0,True,False,False,False,False,False,True,False,False,False,False
97.69,-1.0,28,2022,0,False,True,False,False,False,False,True,False,False,False,False
272.88,-1.0,28,2022,0,False,False,True,False,False,False,True,False,False,False,False
117.83,3672.0,45,2022,0,False,False,False,False,True,False,False,False,True,True,False
117.83,8196.0,45,2022,0,False,False,False,False,False,True,False,True,False,True,False
282.23,3672.0,45,2022,0,False,False,False,False,True,False,False,False,True,True,False
282.23,8196.0,45,2022,0,False,False,False,False,False,True,False,True,False,True,False
182.96,3672.0,45,2022,0,False,False,True,False,True,False,False,False,True,True,False
182.96,8196.0,45,2022,0,False,False,True,False,False,True,False,True,False,True,False
197.16,3672.0,45,2022,0,False,True,False,False,True,False,False,False,True,True,False
197.16,8196.0,45,2022,0,False,True,False,False,False,True,False,True,False,True,False
355.97,4833.0,24,2022,1,True,False,False,False,False,False,False,False,True,False,False
303.16,4833.0,24,2022,1,False,False,False,False,False,False,False,False,True,False,False
81.23,4833.0,24,2022,1,False,True,False,False,False,False,False,False,True,False,False
147.82,4833.0,24,2022,1,False,False,False,False,False,False,False,False,True,False,False
423.05,4833.0,24,2022,1,False,False,True,False,False,False,False,False,True,False,False
61.93,4833.0,24,2022,1,False,False,True,False,False,False,False,False,True,False,False
449.47,4833.0,24,2022,1,False,False,False,True,False,False,False,False,True,False,False
272.57,4833.0,24,2022,1,False,False,False,False,False,False,False,False,True,False,False
187.69,4833.0,24,2022,1,False,True,False,False,False,False,False,False,True,False,False
193.55,7631.0,36,2022,0,False,True,False,False,False,False,False,True,False,False,True
462.63,7631.0,36,2022,0,True,False,False,False,False,False,False,True,False,False,True
145.12,7631.0,36,2022,0,False,True,False,False,False,False,False,True,False,False,True
491.53,7631.0,36,2022,0,False,False,False,False,False,False,False,True,False,False,True
240.06,7631.0,36,2022,0,False,False,True,False,False,False,False,True,False,False,True
49.37,7631.0,36,2022,0,False,False,False,True,False,False,False,True,False,False,True
197.4,7631.0,36,2022,0,False,True,False,False,False,False,False,True,False,False,True
374.51,7631.0,36,2022,0,False,False,False,True,False,False,False,True,False,False,True
452.61,2804.0,14,2022,0,False,False,False,True,False,False,False,True,False,True,False
452.61,6791.0,14,2022,0,False,False,False,True,True,False,False,True,False,True,False
137.03,2804.0,14,2022,0,False,False,True,False,False,False,False,True,False,True,False
137.03,6791.0,14,2022,0,False,False,True,False,True,False,False,True,False,True,False
56.36,2804.0,14,2022,0,True,False,False,False,False,False,False,True,False,True,False
56.36,6791.0,14,2022,0,True,False,False,False,True,False,False,True,False,True,False
156.9,2804.0,14,2022,0,False,False,False,True,False,False,False,True,False,True,False
156.9,6791.0,14,2022,0,False,False,False,True,True,False,False,True,False,True,False
165.51,2804.0,14,2022,0,False,False,False,True,False,False,False,True,False,True,False
165.51,6791.0,14,2022,0,False,False,False,True,True,False,False,True,False,True,False
329.13,2804.0,14,2022,0,True,False,False,False,False,False,False,True,False,True,False
329.13,6791.0,14,2022,0,True,False,False,False,True,False,False,True,False,True,False
97.96,2804.0,14,2022,0,True,False,False,False,False,False,False,True,False,True,False
97.96,6791.0,14,2022,0,True,False,False,False,True,False,False,True,False,True,False
335.76,2804.0,14,2022,0,False,True,False,False,False,False,False,True,False,True,False
335.76,6791.0,14,2022,0,False,True,False,False,True,False,False,True,False,True,False
8.31,-1.0,49,2022,0,True,False,False,False,False,False,True,False,False,False,False
23.05,-1.0,49,2022,0,False,True,False,False,False,False,True,False,False,False,False
395.02,-1.0,49,2022,0,False,True,False,False,False,False,True,False,False,False,False
454.51,-1.0,49,2022,0,True,False,False,False,False,False,True,False,False,False,False
138.4,-1.0,49,2022,0,False,False,False,True,False,False,True,False,False,False,False
419.41,-1.0,49,2022,0,False,True,False,False,False,False,True,False,False,False,False
233.14,-1.0,49,2022,0,False,False,False,True,False,False,True,False,False,False,False
323.46,-1.0,49,2022,0,False,False,False,True,False,False,True,False,False,False,False
353.11,-1.0,49,2022,0,True,False,False,False,False,False,True,False,False,False,False
352.76,4502.0,5,2022,1,False,False,False,True,True,False,False,True,False,False,False
352.76,7247.0,5,2022,1,False,False,False,True,False,False,False,False,True,False,False
116.38,4502.0,5,2022,1,False,False,True,False,True,False,False,True,False,False,False
116.38,7247.0,5,2022,1,False,False,True,False,False,False,False,False,True,False,False
76.29,7585.0,27,2022,0,False,False,False,False,False,False,False,True,False,True,False
352.38,7585.0,27,2022,0,False,False,False,False,False,False,False,True,False,True,False
107.15,7585.0,27,2022,0,False,False,True,False,False,False,False,True,False,True,False
5.53,7585.0,27,2022,0,False,True,False,False,False,False,False,True,False,True,False
9.61,7585.0,27,2022,0,False,False,False,False,False,False,False,True,False,True,False
100.52,7585.0,27,2022,0,False,True,False,False,False,False,False,True,False,True,False
314.13,7585.0,27,2022,0,True,False,False,False,False,False,False,True,False,True,False
403.16,7585.0,27,2022,0,False,False,True,False,False,False,False,True,False,True,False
145.39,7585.0,27,2022,0,True,False,False,False,False,False,False,True,False,True,False
286.8,7768.0,14,2022,0,True,False,False,False,False,True,False,True,False,False,False
286.8,4540.0,14,2022,0,True,False,False,False,False,True,False,True,False,False,False
132.03,7671.0,24,2022,1,False,True,False,False,True,False,False,True,False,True,False
77.59,7671.0,24,2022,1,False,False,True,False,True,False,False,True,False,True,False
146.93,7671.0,24,2022,1,False,True,False,False,True,False,False,True,False,True,False
6.26,7671.0,24,2022,1,False,False,False,False,True,False,False,True,False,True,False
70.94,7671.0,24,2022,1,False,True,False,False,True,False,False,True,False,True,False
11.09,7671.0,24,2022,1,False,False,False,True,True,False,False,True,False,True,False
465.69,7671.0,24,2022,1,False,False,False,True,True,False,False,True,False,True,False
278.31,7671.0,24,2022,1,False,False,False,False,True,False,False,True,False,True,False
290.36,-1.0,46,2022,0,False,True,False,False,False,False,True,False,False,False,True
282.29,-1.0,46,2022,0,False,True,False,False,False,False,True,False,False,False,True
136.67,-1.0,46,2022,0,False,False,False,False,False,False,True,False,False,False,True
413.51,-1.0,46,2022,0,False,False,False,True,False,False,True,False,False,False,True
358.01,-1.0,46,2022,0,False,False,False,False,False,False,True,False,False,False,True
308.01,-1.0,46,2022,0,False,False,False,False,False,False,True,False,False,False,True
295.99,-1.0,46,2022,0,False,False,True,False,False,False,True,False,False,False,True
433.32,-1.0,46,2022,0,False,False,False,False,False,False,True,False,False,False,True
384.52,2097.0,28,2022,0,False,True,False,False,False,False,False,False,True,False,False
311.75,2097.0,28,2022,0,True,False,False,False,False,False,False,False,True,False,False
239.48,2097.0,28,2022,0,False,True,False,False,False,False,False,False,True,False,False
267.78,2097.0,28,2022,0,True,False,False,False,False,False,False,False,True,False,False
330.62,2097.0,28,2022,0,False,False,True,False,False,False,False,False,True,False,False
380.62,2097.0,28,2022,0,False,False,False,False,False,False,False,False,True,False,False
283.02,2097.0,28,2022,0,False,False,False,True,False,False,False,False,True,False,False
449.36,-1.0,8,2022,0,False,True,False,False,False,False,True,False,False,True,False
495.94,-1.0,8,2022,0,False,False,True,False,False,False,True,False,False,True,False
335.64,-1.0,8,2022,0,False,False,False,False,False,False,True,False,False,True,False
342.55,-1.0,8,2022,0,False,False,False,False,False,False,True,False,False,True,False
139.87,-1.0,8,2022,0,False,False,False,False,False,False,True,False,False,True,False
175.84,-1.0,8,2022,0,False,False,False,False,False,False,True,False,False,True,False
399.5,3852.0,35,2022,0,False,False,True,False,False,True,False,False,True,False,True
368.7,3852.0,35,2022,0,False,False,False,False,False,True,False,False,True,False,True
307.14,3852.0,35,2022,0,False,True,False,False,False,True,False,False,True,False,True
400.46,3852.0,35,2022,0,False,True,False,False,False,True,False,False,True,False,True
448.23,3852.0,35,2022,0,False,False,True,False,False,True,False,False,True,False,True
484.94,3852.0,35,2022,0,False,False,False,True,False,True,False,False,True,False,True
116.3,3852.0,35,2022,0,False,False,False,False,False,True,False,False,True,False,True
405.47,3852.0,35,2022,0,False,False,True,False,False,True,False,False,True,False,True
421.6,3852.0,35,2022,0,False,False,True,False,False,True,False,False,True,False,True
204.58,4911.0,47,2022,0,False,False,False,False,False,True,False,False,True,True,False
204.58,8316.0,47,2022,0,False,False,False,False,True,False,False,True,False,True,False
63.85,4911.0,47,2022,0,False,False,False,True,False,True,False,False,True,True,False
63.85,8316.0,47,2022,0,False,False,False,True,True,False,False,True,False,True,False
355.91,4911.0,47,2022,0,False,False,False,False,False,True,False,False,True,True,False
355.91,8316.0,47,2022,0,False,False,False,False,True,False,False,True,False,True,False
86.08,4911.0,47,2022,0,False,False,True,False,False,True,False,False,True,True,False
86.08,8316.0,47,2022,0,False,False,True,False,True,False,False,True,False,True,False
156.09,4911.0,47,2022,0,True,False,False,False,False,True,False,False,True,True,False
156.09,8316.0,47,2022,0,True,False,False,False,True,False,False,True,False,True,False
373.3,4911.0,47,2022,0,False,False,False,True,False,True,False,False,True,True,False
373.3,8316.0,47,2022,0,False,False,False,True,True,False,False,True,False,True,False
487.18,6736.0,35,2022,0,False,False,False,True,True,False,False,True,False,False,True
487.18,3293.0,35,2022,0,False,False,False,True,True,False,False,True,False,False,True
153.37,6736.0,35,2022,0,False,False,False,True,True,False,False,True,False,False,True
153.37,3293.0,35,2022,0,False,False,False,True,True,False,False,True,False,False,True
427.27,6736.0,35,2022,0,True,False,False,False,True,False,False,True,False,False,True
427.27,3293.0,35,2022,0,True,False,False,False,True,False,False,True,False,False,True
6.3,6736.0,35,2022,0,False,True,False,False,True,False,False,True,False,False,True
6.3,3293.0,35,2022,0,False,True,False,False,True,False,False,True,False,False,True
380.33,6736.0,35,2022,0,False,False,True,False,True,False,False,True,False,False,True
380.33,3293.0,35,2022,0,False,False,True,False,True,False,False,True,False,False,True
35.85,3139.0,23,2022,0,False,False,False,True,False,False,False,False,True,False,True
35.85,8478.0,23,2022,0,False,False,False,True,True,False,False,True,False,False,True
254.79,3105.0,13,2022,0,False,False,True,False,False,False,False,False,True,True,False
12.3,3105.0,13,2022,0,False,False,False,False,False,False,False,False,True,True,False
251.54,-1.0,47,2022,0,False,False,False,False,False,False,True,False,False,True,False
170.94,-1.0,47,2022,0,True,False,False,False,False,False,True,False,False,True,False
375.26,-1.0,47,2022,0,False,False,False,False,False,False,True,False,False,True,False
90.26,-1.0,47,2022,0,False,False,False,False,False,False,True,False,False,True,False
208.95,-1.0,47,2022,0,False,False,False,False,False,False,True,False,False,True,False
251.99,-1.0,47,2022,0,False,False,False,True,False,False,True,False,False,True,False
251.45,-1.0,47,2022,0,False,False,False,True,False,False,True,False,False,True,False
440.49,-1.0,47,2022,0,True,False,False,False,False,False,True,False,False,True,False
102.71,-1.0,47,2022,0,False,False,True,False,False,False,True,False,False,True,False
133.2,8463.0,17,2022,0,False,False,False,True,True,False,False,False,True,False,True
245.32,7693.0,31,2022,0,False,True,False,False,False,False,False,True,False,False,True
469.58,7693.0,31,2022,0,False,False,False,False,False,False,False,True,False,False,True
354.99,7693.0,31,2022,0,True,False,False,False,False,False,False,True,False,False,True
73.91,7693.0,31,2022,0,False,False,False,True,False,False,False,True,False,False,True
398.24,8185.0,10,2022,0,False,False,False,False,False,True,False,True,False,True,False
398.24,9108.0,10,2022,0,False,False,False,False,True,False,False,False,True,True,False
479.59,8185.0,10,2022,0,False,False,False,True,False,True,False,True,False,True,False
479.59,9108.0,10,2022,0,False,False,False,True,True,False,False,False,True,True,False
469.35,8185.0,10,2022,0,False,False,False,True,False,True,False,True,False,True,False
469.35,9108.0,10,2022,0,False,False,False,True,True,False,False,False,True,True,False
235.1,8185.0,10,2022,0,False,False,False,True,False,True,False,True,False,True,False
235.1,9108.0,10,2022,0,False,False,False,True,True,False,False,False,True,True,False
318.89,8185.0,10,2022,0,False,True,False,False,False,True,False,True,False,True,False
318.89,9108.0,10,2022,0,False,True,False,False,True,False,False,False,True,True,False
207.38,8185.0,10,2022,0,False,False,False,False,False,True,False,True,False,True,False
207.38,9108.0,10,2022,0,False,False,False,False,True,False,False,False,True,True,False
68.59,8185.0,10,2022,0,False,True,False,False,False,True,False,True,False,True,False
68.59,9108.0,10,2022,0,False,True,False,False,True,False,False,False,True,True,False
189.16,8185.0,10,2022,0,False,False,True,False,False,True,False,True,False,True,False
189.16,9108.0,10,2022,0,False,False,True,False,True,False,False,False,True,True,False
26.85,3932.0,36,2022,0,False,True,False,False,True,False,False,True,False,False,True
26.85,3229.0,36,2022,0,False,True,False,False,False,False,False,False,True,False,True
460.01,3932.0,36,2022,0,False,False,False,False,True,False,False,True,False,False,True
460.01,3229.0,36,2022,0,False,False,False,False,False,False,False,False,True,False,True
375.69,3932.0,36,2022,0,False,False,False,False,True,False,False,True,False,False,True
375.69,3229.0,36,2022,0,False,False,False,False,False,False,False,False,True,False,True
471.05,3932.0,36,2022,0,False,False,False,True,True,False,False,True,False,False,True
471.05,3229.0,36,2022,0,False,False,False,True,False,False,False,False,True,False,True
70.95,2320.0,29,2022,0,False,False,False,True,False,False,False,True,False,True,False
231.48,2320.0,29,2022,0,True,False,False,False,False,False,False,True,False,True,False
488.48,2320.0,29,2022,0,False,False,False,False,False,False,False,True,False,True,False
30.48,2320.0,29,2022,0,False,False,True,False,False,False,False,True,False,True,False
142.24,2320.0,29,2022,0,False,False,False,True,False,False,False,True,False,True,False
116.04,2320.0,29,2022,0,False,False,False,True,False,False,False,True,False,True,False
355.87,2320.0,29,2022,0,False,False,True,False,False,False,False,True,False,True,False
146.54,2320.0,29,2022,0,False,False,False,False,False,False,False,True,False,True,False
100.04,-1.0,16,2022,0,False,False,False,True,False,False,True,False,False,False,False
330.16,-1.0,16,2022,0,False,False,False,False,False,False,True,False,False,False,False
15.23,-1.0,16,2022,0,False,False,True,False,False,False,True,False,False,False,False
51.9,-1.0,16,2022,0,False,False,True,False,False,False,True,False,False,False,False
262.51,-1.0,16,2022,0,False,False,True,False,False,False,True,False,False,False,False
412.82,-1.0,16,2022,0,True,False,False,False,False,False,True,False,False,False,False
227.05,2284.0,33,2022,1,False,False,False,False,False,True,False,True,False,False,True
102.81,2284.0,33,2022,1,False,False,True,False,False,True,False,True,False,False,True
450.23,2284.0,33,2022,1,False,True,False,False,False,True,False,True,False,False,True
307.53,2284.0,33,2022,1,False,True,False,False,False,True,False,True,False,False,True
399.49,8983.0,14,2022,0,False,True,False,False,False,True,False,True,False,False,False
254.6,8983.0,14,2022,0,False,False,True,False,False,True,False,True,False,False,False
237.99,8983.0,14,2022,0,False,False,False,False,False,True,False,True,False,False,False
164.06,8983.0,14,2022,0,False,False,False,True,False,True,False,True,False,False,False
380.49,8983.0,14,2022,0,False,False,False,False,False,True,False,True,False,False,False
354.71,8983.0,14,2022,0,False,False,True,False,False,True,False,True,False,False,False
458.77,8983.0,14,2022,0,False,True,False,False,False,True,False,True,False,False,False
27.39,8983.0,14,2022,0,False,False,True,False,False,True,False,True,False,False,False
189.61,8983.0,14,2022,0,False,False,True,False,False,True,False,True,False,False,False
62.01,8154.0,7,2022,0,False,False,False,True,True,False,False,False,True,True,False
62.01,8909.0,7,2022,0,False,False,False,True,False,False,False,True,False,True,False
39.47,8154.0,7,2022,0,True,False,False,False,True,False,False,False,True,True,False
39.47,8909.0,7,2022,0,True,False,False,False,False,False,False,True,False,True,False
290.04,8154.0,7,2022,0,True,False,False,False,True,False,False,False,True,True,False
290.04,8909.0,7,2022,0,True,False,False,False,False,False,False,True,False,True,False
409.04,8154.0,7,2022,0,False,False,False,True,True,False,False,False,True,True,False
409.04,8909.0,7,2022,0,False,False,False,True,False,False,False,True,False,True,False
150.97,9069.0,33,2022,0,True,False,False,False,False,False,False,True,False,False,True
150.97,4358.0,33,2022,0,True,False,False,False,False,True,False,False,True,False,True
188.2,9069.0,33,2022,0,False,False,True,False,False,False,False,True,False,False,True
188.2,4358.0,33,2022,0,False,False,True,False,False,True,False,False,True,False,True
284.89,-1.0,3,2022,1,False,True,False,False,False,False,True,False,False,False,False
118.46,-1.0,3,2022,1,False,True,False,False,False,False,True,False,False,False,False
495.77,-1.0,3,2022,1,False,False,True,False,False,False,True,False,False,False,False
439.16,-1.0,3,2022,1,False,False,False,True,False,False,True,False,False,False,False
112.77,6960.0,26,2022,0,False,False,False,True,False,True,False,True,False,False,True
188.1,6960.0,26,2022,0,False,False,True,False,False,True,False,True,False,False,True
324.28,6960.0,26,2022,0,False,True,False,False,False,True,False,True,False,False,True
147.96,6960.0,26,2022,0,True,False,False,False,False,True,False,True,False,False,True
47.52,3670.0,39,2022,0,True,False,False,False,False,False,False,False,True,False,True
47.52,9836.0,39,2022,0,True,False,False,False,False,True,False,False,True,False,True
207.22,-1.0,5,2022,1,False,False,False,True,False,False,True,False,False,True,False
53.53,-1.0,5,2022,1,False,False,False,False,False,False,True,False,False,True,False
13.27,-1.0,5,2022,1,False,True,False,False,False,False,True,False,False,True,False
440.39,-1.0,5,2022,1,False,False,True,False,False,False,True,False,False,True,False
475.45,-1.0,5,2022,1,False,False,True,False,False,False,True,False,False,True,False
98.43,-1.0,5,2022,1,False,True,False,False,False,False,True,False,False,True,False
452.21,-1.0,5,2022,1,False,False,False,False,False,False,True,False,False,True,False
46.92,-1.0,5,2022,1,True,False,False,False,False,False,True,False,False,True,False
168.28,-1.0,23,2022,1,False,False,True,False,False,False,True,False,False,True,False
220.26,-1.0,23,2022,1,False,True,False,False,False,False,True,False,False,True,False
134.35,-1.0,23,2022,1,False,False,True,False,False,False,True,False,False,True,False
281.95,-1.0,33,2022,0,False,False,True,False,False,False,True,False,False,False,False
477.82,-1.0,30,2022,0,False,False,False,False,False,False,True,False,False,False,False
174.14,-1.0,30,2022,0,True,False,False,False,False,False,True,False,False,False,False
205.58,-1.0,30,2022,0,False,False,True,False,False,False,True,False,False,False,False
122.33,-1.0,30,2022,0,False,False,False,False,False,False,True,False,False,False,False
307.16,-1.0,30,2022,0,False,False,False,False,False,False,True,False,False,False,False
361.95,-1.0,30,2022,0,True,False,False,False,False,False,True,False,False,False,False
341.17,-1.0,30,2022,0,True,False,False,False,False,False,True,False,False,False,False
128.17,5533.0,33,2022,0,False,False,False,True,False,True,False,True,False,False,False
244.2,5533.0,33,2022,0,False,False,False,True,False,True,False,True,False,False,False
259.39,5533.0,33,2022,0,False,False,False,False,False,True,False,True,False,False,False
270.45,5533.0,33,2022,0,False,False,False,True,False,True,False,True,False,False,False
144.57,5533.0,33,2022,0,False,True,False,False,False,True,False,True,False,False,False
245.17,5533.0,33,2022,0,False,False,False,True,False,True,False,True,False,False,False
241.39,5533.0,33,2022,0,False,True,False,False,False,True,False,True,False,False,False
49.67,8690.0,43,2022,0,False,False,False,True,False,True,False,True,False,False,True
412.06,8690.0,43,2022,0,False,False,False,True,False,True,False,True,False,False,True
402.14,8690.0,43,2022,0,False,False,False,True,False,True,False,True,False,False,True
325.75,8690.0,43,2022,0,False,False,False,False,False,True,False,True,False,False,True
44.72,8690.0,43,2022,0,False,False,False,False,False,True,False,True,False,False,True
143.04,8690.0,43,2022,0,False,False,True,False,False,True,False,True,False,False,True
289.57,8690.0,43,2022,0,False,False,False,False,False,True,False,True,False,False,True
293.88,8690.0,43,2022,0,True,False,False,False,False,True,False,True,False,False,True
393.73,3588.0,25,2022,0,False,True,False,False,False,False,False,True,False,True,False
393.73,2120.0,25,2022,0,False,True,False,False,True,False,False,False,True,True,False
368.21,3588.0,25,2022,0,True,False,False,False,False,False,False,True,False,True,False
368.21,2120.0,25,2022,0,True,False,False,False,True,False,False,False,True,True,False
329.97,3588.0,25,2022,0,False,False,True,False,False,False,False,True,False,True,False
329.97,2120.0,25,2022,0,False,False,True,False,True,False,False,False,True,True,False
430.35,3588.0,25,2022,0,True,False,False,False,False,False,False,True,False,True,False
430.35,2120.0,25,2022,0,True,False,False,False,True,False,False,False,True,True,False
185.31,3588.0,25,2022,0,False,False,True,False,False,False,False,True,False,True,False
185.31,2120.0,25,2022,0,False,False,True,False,True,False,False,False,True,True,False
123.06,3588.0,25,2022,0,True,False,False,False,False,False,False,True,False,True,False
123.06,2120.0,25,2022,0,True,False,False,False,True,False,False,False,True,True,False
16.15,3588.0,25,2022,0,False,False,False,False,False,False,False,True,False,True,False
16.15,2120.0,25,2022,0,False,False,False,False,True,False,False,False,True,True,False
499.7,3588.0,25,2022,0,False,False,True,False,False,False,False,True,False,True,False
499.7,2120.0,25,2022,0,False,False,True,False,True,False,False,False,True,True,False
271.61,4279.0,22,2022,1,True,False,False,False,False,False,False,False,True,True,False
271.61,9135.0,22,2022,1,True,False,False,False,True,False,False,True,False,True,False
408.66,4279.0,22,2022,1,False,True,False,False,False,False,False,False,True,True,False
408.66,9135.0,22,2022,1,False,True,False,False,True,False,False,True,False,True,False
442.05,9338.0,1,2022,1,False,False,True,False,False,False,False,False,True,True,False
442.05,4467.0,1,2022,1,False,False,True,False,False,False,False,False,True,True,False
234.23,9338.0,1,2022,1,False,False,False,True,False,False,False,False,True,True,False
234.23,4467.0,1,2022,1,False,False,False,True,False,False,False,False,True,True,False
189.45,9338.0,1,2022,1,False,False,True,False,False,False,False,False,True,True,False
189.45,4467.0,1,2022,1,False,False,True,False,False,False,False,False,True,True,False
388.15,-1.0,10,2022,0,False,False,False,True,False,False,True,False,False,True,False
359.22,-1.0,10,2022,0,False,False,False,True,False,False,True,False,False,True,False
272.67,-1.0,10,2022,0,False,False,False,True,False,False,True,False,False,True,False
314.47,-1.0,10,2022,0,False,False,True,False,False,False,True,False,False,True,False
195.81,-1.0,10,2022,0,False,False,True,False,False,False,True,False,False,True,False
266.11,-1.0,10,2022,0,False,False,False,True,False,False,True,False,False,True,False
75.32,-1.0,10,2022,0,True,False,False,False,False,False,True,False,False,True,False
312.73,-1.0,10,2022,0,False,False,False,False,False,False,True,False,False,True,False
138.5,-1.0,10,2022,0,False,False,True,False,False,False,True,False,False,True,False
157.83,4824.0,23,2022,0,False,False,False,True,True,False,False,True,False,True,False
380.71,4824.0,23,2022,0,False,False,True,False,True,False,False,True,False,True,False
475.17,4824.0,23,2022,0,False,False,False,False,True,False,False,True,False,True,False
17.22,4824.0,23,2022,0,True,False,False,False,True,False,False,True,False,True,False
319.9,4824.0,23,2022,0,False,False,False,True,True,False,False,True,False,True,False
327.29,4824.0,23,2022,0,False,False,False,True,True,False,False,True,False,True,False
300.42,8011.0,33,2022,0,False,False,True,False,False,True,False,True,False,False,True
267.93,8011.0,33,2022,0,False,False,False,False,False,True,False,True,False,False,True
384.71,-1.0,39,2022,0,False,False,False,False,False,False,True,False,False,True,False
268.9,-1.0,39,2022,0,False,False,False,True,False,False,True,False,False,True,False
398.37,-1.0,39,2022,0,True,False,False,False,False,False,True,False,False,True,False
33.28,-1.0,39,2022,0,False,False,False,True,False,False,True,False,False,True,False
100.01,-1.0,39,2022,0,False,False,True,False,False,False,True,False,False,True,False
399.81,-1.0,39,2022,0,False,False,False,False,False,False,True,False,False,True,False
332.76,-1.0,39,2022,0,True,False,False,False,False,False,True,False,False,True,False
392.01,-1.0,39,2022,0,False,False,False,False,False,False,True,False,False,True,False
284.12,3656.0,28,2022,0,False,False,True,False,False,False,False,False,True,False,True
284.12,7643.0,28,2022,0,False,False,True,False,True,False,False,True,False,False,True
105.24,3656.0,28,2022,0,False,True,False,False,False,False,False,False,True,False,True
105.24,7643.0,28,2022,0,False,True,False,False,True,False,False,True,False,False,True
430.51,3656.0,28,2022,0,False,False,True,False,False,False,False,False,True,False,True
430.51,7643.0,28,2022,0,False,False,True,False,True,False,False,True,False,False,True
453.49,3656.0,28,2022,0,False,False,False,False,False,False,False,False,True,False,True
453.49,7643.0,28,2022,0,False,False,False,False,True,False,False,True,False,False,True
246.81,9845.0,43,2022,1,False,False,False,False,True,False,False,False,True,False,False
246.81,4229.0,43,2022,1,False,False,False,False,False,True,False,True,False,False,False
362.77,9845.0,43,2022,1,False,True,False,False,True,False,False,False,True,False,False
362.77,4229.0,43,2022,1,False,True,False,False,False,True,False,True,False,False,False
152.27,5573.0,8,2022,0,False,False,True,False,False,False,False,True,False,True,False
152.27,8472.0,8,2022,0,False,False,True,False,True,False,False,True,False,True,False
195.12,5573.0,8,2022,0,False,True,False,False,False,False,False,True,False,True,False
195.12,8472.0,8,2022,0,False,True,False,False,True,False,False,True,False,True,False
307.53,5573.0,8,2022,0,False,False,True,False,False,False,False,True,False,True,False
307.53,8472.0,8,2022,0,False,False,True,False,True,False,False,True,False,True,False
291.77,5573.0,8,2022,0,True,False,False,False,False,False,False,True,False,True,False
291.77,8472.0,8,2022,0,True,False,False,False,True,False,False,True,False,True,False
164.97,5573.0,8,2022,0,False,False,False,False,False,False,False,True,False,True,False
164.97,8472.0,8,2022,0,False,False,False,False,True,False,False,True,False,True,False
119.81,5573.0,8,2022,0,False,False,True,False,False,False,False,True,False,True,False
119.81,8472.0,8,2022,0,False,False,True,False,True,False,False,True,False,True,False
414.29,5573.0,8,2022,0,False,False,False,True,False,False,False,True,False,True,False
414.29,8472.0,8,2022,0,False,False,False,True,True,False,False,True,False,True,False
284.42,8638.0,27,2022,1,False,False,False,False,False,False,False,True,False,False,False
340.89,8638.0,27,2022,1,False,False,False,False,False,False,False,True,False,False,False
144.31,8638.0,27,2022,1,False,False,False,True,False,False,False,True,False,False,False
69.91,8638.0,27,2022,1,False,False,False,True,False,False,False,True,False,False,False
464.1,8638.0,27,2022,1,False,False,False,True,False,False,False,True,False,False,False
482.86,8638.0,27,2022,1,False,False,False,True,False,False,False,True,False,False,False
483.08,8638.0,27,2022,1,False,True,False,False,False,False,False,True,False,False,False
336.45,8638.0,27,2022,1,False,False,False,False,False,False,False,True,False,False,False
181.08,8638.0,27,2022,1,False,False,True,False,False,False,False,True,False,False,False
278.38,-1.0,5,2022,0,False,False,True,False,False,False,True,False,False,True,False
204.37,-1.0,5,2022,0,False,False,True,False,False,False,True,False,False,True,False
25.74,-1.0,5,2022,0,False,False,False,True,False,False,True,False,False,True,False
142.59,5124.0,15,2022,0,False,False,True,False,False,False,False,True,False,False,True
142.59,4408.0,15,2022,0,False,False,True,False,False,False,False,False,True,False,True
465.61,5124.0,15,2022,0,False,False,False,True,False,False,False,True,False,False,True
465.61,4408.0,15,2022,0,False,False,False,True,False,False,False,False,True,False,True
371.71,5124.0,15,2022,0,False,False,False,True,False,False,False,True,False,False,True
371.71,4408.0,15,2022,0,False,False,False,True,False,False,False,False,True,False,True
417.07,5124.0,15,2022,0,False,False,True,False,False,False,False,True,False,False,True
417.07,4408.0,15,2022,0,False,False,True,False,False,False,False,False,True,False,True
213.26,5124.0,15,2022,0,False,False,False,True,False,False,False,True,False,False,True
213.26,4408.0,15,2022,0,False,False,False,True,False,False,False,False,True,False,True
20.69,5124.0,15,2022,0,False,False,False,True,False,False,False,True,False,False,True
20.69,4408.0,15,2022,0,False,False,False,True,False,False,False,False,True,False,True
272.39,5124.0,15,2022,0,False,True,False,False,False,False,False,True,False,False,True
272.39,4408.0,15,2022,0,False,True,False,False,False,False,False,False,True,False,True
114.46,5124.0,15,2022,0,True,False,False,False,False,False,False,True,False,False,True
114.46,4408.0,15,2022,0,True,False,False,False,False,False,False,False,True,False,True
355.91,2404.0,48,2022,1,False,False,True,False,False,False,False,False,True,False,False
420.17,2404.0,48,2022,1,False,True,False,False,False,False,False,False,True,False,False
115.9,2404.0,48,2022,1,False,False,False,False,False,False,False,False,True,False,False
422.72,2404.0,48,2022,1,False,True,False,False,False,False,False,False,True,False,False
116.78,2404.0,48,2022,1,False,False,False,True,False,False,False,False,True,False,False
383.84,2404.0,48,2022,1,False,True,False,False,False,False,False,False,True,False,False
349.02,2404.0,48,2022,1,False,True,False,False,False,False,False,False,True,False,False
177.98,2404.0,48,2022,1,False,False,True,False,False,False,False,False,True,False,False
380.42,2404.0,48,2022,1,False,False,False,True,False,False,False,False,True,False,False
94.2,3995.0,22,2022,0,True,False,False,False,False,False,False,True,False,True,False
94.2,7472.0,22,2022,0,True,False,False,False,True,False,False,False,True,True,False
471.3,3995.0,22,2022,0,False,True,False,False,False,False,False,True,False,True,False
471.3,7472.0,22,2022,0,False,True,False,False,True,False,False,False,True,True,False
134.39,3995.0,22,2022,0,False,True,False,False,False,False,False,True,False,True,False
134.39,7472.0,22,2022,0,False,True,False,False,True,False,False,False,True,True,False
404.56,3995.0,22,2022,0,False,False,False,True,False,False,False,True,False,True,False
404.56,7472.0,22,2022,0,False,False,False,True,True,False,False,False,True,True,False
415.09,3995.0,22,2022,0,False,False,False,True,False,False,False,True,False,True,False
415.09,7472.0,22,2022,0,False,False,False,True,True,False,False,False,True,True,False
301.42,3995.0,22,2022,0,False,False,True,False,False,False,False,True,False,True,False
301.42,7472.0,22,2022,0,False,False,True,False,True,False,False,False,True,True,False
280.44,3995.0,22,2022,0,True,False,False,False,False,False,False,True,False,True,False
280.44,7472.0,22,2022,0,True,False,False,False,True,False,False,False,True,True,False
41.98,2201.0,35,2022,0,False,False,True,False,True,False,False,False,True,False,False
225.45,2201.0,35,2022,0,False,False,True,False,True,False,False,False,True,False,False
19.95,2201.0,35,2022,0,False,True,False,False,True,False,False,False,True,False,False
27.74,2201.0,35,2022,0,False,False,False,True,True,False,False,False,True,False,False
143.56,2201.0,35,2022,0,False,False,False,True,True,False,False,False,True,False,False
305.04,2201.0,35,2022,0,False,True,False,False,True,False,False,False,True,False,False
227.86,2201.0,35,2022,0,False,True,False,False,True,False,False,False,True,False,False
196.54,2201.0,35,2022,0,False,False,True,False,True,False,False,False,True,False,False
336.72,2201.0,35,2022,0,True,False,False,False,True,False,False,False,True,False,False
261.55,2885.0,30,2022,0,False,True,False,False,False,True,False,False,True,True,False
272.26,2885.0,30,2022,0,False,False,False,False,False,True,False,False,True,True,False
463.63,2885.0,30,2022,0,False,False,True,False,False,True,False,False,True,True,False
204.8,2885.0,30,2022,0,False,False,False,True,False,True,False,False,True,True,False
33.19,2885.0,30,2022,0,False,False,False,True,False,True,False,False,True,True,False
190.77,2885.0,30,2022,0,True,False,False,False,False,True,False,False,True,True,False
87.02,-1.0,48,2022,1,True,False,False,False,False,False,True,False,False,False,True
184.86,-1.0,44,2022,0,True,False,False,False,False,False,True,False,False,False,True
73.5,5199.0,33,2022,0,True,False,False,False,True,False,False,False,True,False,True
73.5,8569.0,33,2022,0,True,False,False,False,False,True,False,False,True,False,True
362.0,5199.0,33,2022,0,False,False,True,False,True,False,False,False,True,False,True
362.0,8569.0,33,2022,0,False,False,True,False,False,True,False,False,True,False,True
232.07,5199.0,33,2022,0,False,False,False,True,True,False,False,False,True,False,True
232.07,8569.0,33,2022,0,False,False,False,True,False,True,False,False,True,False,True
491.3,5199.0,33,2022,0,False,False,False,False,True,False,False,False,True,False,True
491.3,8569.0,33,2022,0,False,False,False,False,False,True,False,False,True,False,True
433.74,5199.0,33,2022,0,False,False,False,False,True,False,False,False,True,False,True
433.74,8569.0,33,2022,0,False,False,False,False,False,True,False,False,True,False,True
426.54,2806.0,30,2022,0,False,True,False,False,True,False,False,True,False,True,False
96.31,2806.0,30,2022,0,False,True,False,False,True,False,False,True,False,True,False
441.43,2806.0,30,2022,0,False,False,True,False,True,False,False,True,False,True,False
143.07,2806.0,30,2022,0,True,False,False,False,True,False,False,True,False,True,False
41.61,2806.0,30,2022,0,False,False,True,False,True,False,False,True,False,True,False
102.42,2806.0,30,2022,0,False,False,False,False,True,False,False,True,False,True,False
246.51,2806.0,30,2022,0,False,True,False,False,True,False,False,True,False,True,False
354.64,9389.0,36,2022,0,True,False,False,False,False,True,False,True,False,True,False
75.03,9261.0,16,2022,0,False,False,True,False,True,False,False,False,True,True,False
75.03,3637.0,16,2022,0,False,False,True,False,False,False,False,False,True,True,False
318.44,9261.0,16,2022,0,False,False,False,False,True,False,False,False,True,True,False
318.44,3637.0,16,2022,0,False,False,False,False,False,False,False,False,True,True,False
420.05,9261.0,16,2022,0,False,False,False,True,True,False,False,False,True,True,False
420.05,3637.0,16,2022,0,False,False,False,True,False,False,False,False,True,True,False
435.0,9261.0,16,2022,0,False,False,False,False,True,False,False,False,True,True,False
435.0,3637.0,16,2022,0,False,False,False,False,False,False,False,False,True,True,False
193.74,9261.0,16,2022,0,True,False,False,False,True,False,False,False,True,True,False
193.74,3637.0,16,2022,0,True,False,False,False,False,False,False,False,True,True,False
363.01,-1.0,38,2022,0,False,False,False,True,False,False,True,False,False,False,True
105.38,-1.0,38,2022,0,False,True,False,False,False,False,True,False,False,False,True
405.24,-1.0,38,2022,0,False,True,False,False,False,False,True,False,False,False,True
311.06,4429.0,23,2022,0,False,True,False,False,False,False,False,False,True,True,False
311.06,2526.0,23,2022,0,False,True,False,False,False,True,False,True,False,True,False
482.47,4429.0,23,2022,0,False,False,False,False,False,False,False,False,True,True,False
482.47,2526.0,23,2022,0,False,False,False,False,False,True,False,True,False,True,False
489.19,4429.0,23,2022,0,False,True,False,False,False,False,False,False,True,True,False
489.19,2526.0,23,2022,0,False,True,False,False,False,True,False,True,False,True,False
202.41,-1.0,37,2022,1,False,False,True,False,False,False,True,False,False,True,False
305.08,-1.0,37,2022,1,False,False,False,True,False,False,True,False,False,True,False
110.37,-1.0,37,2022,1,True,False,False,False,False,False,True,False,False,True,False
235.6,-1.0,37,2022,1,False,False,True,False,False,False,True,False,False,True,False
400.97,-1.0,37,2022,1,True,False,False,False,False,False,True,False,False,True,False
68.53,3562.0,37,2022,0,True,False,False,False,True,False,False,True,False,False,True
68.53,5088.0,37,2022,0,True,False,False,False,False,False,False,True,False,False,True
11.01,3562.0,37,2022,0,False,False,True,False,True,False,False,True,False,False,True
11.01,5088.0,37,2022,0,False,False,True,False,False,False,False,True,False,False,True
350.71,3562.0,37,2022,0,False,False,True,False,True,False,False,True,False,False,True
350.71,5088.0,37,2022,0,False,False,True,False,False,False,False,True,False,False,True
404.28,3562.0,37,2022,0,False,False,True,False,True,False,False,True,False,False,True
404.28,5088.0,37,2022,0,False,False,True,False,False,False,False,True,False,False,True
423.99,3562.0,37,2022,0,False,False,False,False,True,False,False,True,False,False,True
423.99,5088.0,37,2022,0,False,False,False,False,False,False,False,True,False,False,True
314.81,3562.0,37,2022,0,False,False,False,True,True,False,False,True,False,False,True
314.81,5088.0,37,2022,0,False,False,False,True,False,False,False,True,False,False,True
436.9,3562.0,37,2022,0,False,True,False,False,True,False,False,True,False,False,True
436.9,5088.0,37,2022,0,False,True,False,False,False,False,False,True,False,False,True
130.31,3562.0,37,2022,0,False,False,False,False,True,False,False,True,False,False,True
130.31,5088.0,37,2022,0,False,False,False,False,False,False,False,True,False,False,True
361.48,9834.0,28,2022,0,False,False,True,False,False,False,False,False,True,False,False
232.94,9834.0,28,2022,0,False,False,False,False,False,False,False,False,True,False,False
112.95,7292.0,14,2022,1,False,False,True,False,True,False,False,True,False,False,False
238.12,7292.0,14,2022,1,False,False,False,False,True,False,False,True,False,False,False
134.7,7292.0,14,2022,1,False,False,False,True,True,False,False,True,False,False,False
179.72,7292.0,14,2022,1,True,False,False,False,True,False,False,True,False,False,False
238.87,7292.0,14,2022,1,True,False,False,False,True,False,False,True,False,False,False
438.23,7292.0,14,2022,1,False,True,False,False,True,False,False,True,False,False,False
428.3,7292.0,14,2022,1,False,False,False,False,True,False,False,True,False,False,False
224.66,-1.0,4,2022,0,False,True,False,False,False,False,True,False,False,False,False
497.02,-1.0,4,2022,0,True,False,False,False,False,False,True,False,False,False,False
80.89,-1.0,4,2022,0,True,False,False,False,False,False,True,False,False,False,False
332.87,-1.0,4,2022,0,True,False,False,False,False,False,True,False,False,False,False
194.01,-1.0,4,2022,0,True,False,False,False,False,False,True,False,False,False,False
386.5,5959.0,39,2022,0,False,True,False,False,False,True,False,False,True,False,True
41.06,5959.0,39,2022,0,False,False,True,False,False,True,False,False,True,False,True
94.96,5959.0,39,2022,0,False,False,True,False,False,True,False,False,True,False,True
196.85,5959.0,39,2022,0,False,True,False,False,False,True,False,False,True,False,True
214.66,5959.0,39,2022,0,False,False,False,True,False,True,False,False,True,False,True
19.05,5959.0,39,2022,0,False,False,True,False,False,True,False,False,True,False,True
12.33,5959.0,39,2022,0,False,True,False,False,False,True,False,False,True,False,True
79.79,2839.0,33,2022,0,False,False,False,False,False,True,False,False,True,False,True
79.79,5125.0,33,2022,0,False,False,False,False,False,False,False,True,False,False,True
239.88,2839.0,33,2022,0,False,True,False,False,False,True,False,False,True,False,True
239.88,5125.0,33,2022,0,False,True,False,False,False,False,False,True,False,False,True
113.06,2839.0,33,2022,0,False,False,False,False,False,True,False,False,True,False,True
113.06,5125.0,33,2022,0,False,False,False,False,False,False,False,True,False,False,True
423.25,2839.0,33,2022,0,False,True,False,False,False,True,False,False,True,False,True
423.25,5125.0,33,2022,0,False,True,False,False,False,False,False,True,False,False,True
170.41,2839.0,33,2022,0,False,True,False,False,False,True,False,False,True,False,True
170.41,5125.0,33,2022,0,False,True,False,False,False,False,False,True,False,False,True
109.25,2839.0,33,2022,0,False,True,False,False,False,True,False,False,True,False,True
109.25,5125.0,33,2022,0,False,True,False,False,False,False,False,True,False,False,True
191.04,2839.0,33,2022,0,False,False,False,True,False,True,False,False,True,False,True
191.04,5125.0,33,2022,0,False,False,False,True,False,False,False,True,False,False,True
314.75,2839.0,33,2022,0,False,True,False,False,False,True,False,False,True,False,True
314.75,5125.0,33,2022,0,False,True,False,False,False,False,False,True,False,False,True
127.1,2839.0,33,2022,0,False,True,False,False,False,True,False,False,True,False,True
127.1,5125.0,33,2022,0,False,True,False,False,False,False,False,True,False,False,True
286.77,-1.0,31,2022,0,True,False,False,False,False,False,True,False,False,False,True
123.05,-1.0,31,2022,0,False,False,True,False,False,False,True,False,False,False,True
69.36,-1.0,31,2022,0,False,False,False,True,False,False,True,False,False,False,True
208.48,-1.0,31,2022,0,False,False,False,False,False,False,True,False,False,False,True
287.59,-1.0,31,2022,0,False,False,True,False,False,False,True,False,False,False,True
88.03,-1.0,31,2022,0,False,False,True,False,False,False,True,False,False,False,True
402.65,-1.0,31,2022,0,True,False,False,False,False,False,True,False,False,False,True
257.03,5742.0,13,2022,0,False,False,True,False,True,False,False,True,False,True,False
257.03,5976.0,13,2022,0,False,False,True,False,False,True,False,True,False,True,False
130.19,5742.0,13,2022,0,False,False,False,True,True,False,False,True,False,True,False
130.19,5976.0,13,2022,0,False,False,False,True,False,True,False,True,False,True,False
134.34,5742.0,13,2022,0,False,False,False,False,True,False,False,True,False,True,False
134.34,5976.0,13,2022,0,False,False,False,False,False,True,False,True,False,True,False
261.91,7938.0,36,2022,0,False,True,False,False,False,False,False,True,False,False,False
261.91,6475.0,36,2022,0,False,True,False,False,True,False,False,False,True,False,False
268.05,7938.0,36,2022,0,False,False,True,False,False,False,False,True,False,False,False
268.05,6475.0,36,2022,0,False,False,True,False,True,False,False,False,True,False,False
375.65,7938.0,36,2022,0,False,False,False,False,False,False,False,True,False,False,False
375.65,6475.0,36,2022,0,False,False,False,False,True,False,False,False,True,False,False
295.31,7938.0,36,2022,0,True,False,False,False,False,False,False,True,False,False,False
295.31,6475.0,36,2022,0,True,False,False,False,True,False,False,False,True,False,False
459.01,7938.0,36,2022,0,False,False,False,False,False,False,False,True,False,False,False
459.01,6475.0,36,2022,0,False,False,False,False,True,False,False,False,True,False,False
10.21,7938.0,36,2022,0,False,False,False,False,False,False,False,True,False,False,False
10.21,6475.0,36,2022,0,False,False,False,False,True,False,False,False,True,False,False
482.52,7938.0,36,2022,0,False,False,False,True,False,False,False,True,False,False,False
482.52,6475.0,36,2022,0,False,False,False,True,True,False,False,False,True,False,False
261.49,7938.0,36,2022,0,False,False,False,True,False,False,False,True,False,False,False
261.49,6475.0,36,2022,0,False,False,False,True,True,False,False,False,True,False,False
44.26,2495.0,10,2022,0,False,False,False,False,False,False,False,True,False,False,False
44.26,6681.0,10,2022,0,False,False,False,False,False,False,False,False,True,False,False
326.45,2495.0,10,2022,0,False,False,True,False,False,False,False,True,False,False,False
326.45,6681.0,10,2022,0,False,False,True,False,False,False,False,False,True,False,False
353.24,2495.0,10,2022,0,False,False,False,True,False,False,False,True,False,False,False
353.24,6681.0,10,2022,0,False,False,False,True,False,False,False,False,True,False,False
458.94,2495.0,10,2022,0,False,False,True,False,False,False,False,True,False,False,False
458.94,6681.0,10,2022,0,False,False,True,False,False,False,False,False,True,False,False
178.5,2495.0,10,2022,0,False,False,True,False,False,False,False,True,False,False,False
178.5,6681.0,10,2022,0,False,False,True,False,False,False,False,False,True,False,False
148.98,6121.0,47,2022,0,False,False,True,False,True,False,False,False,True,True,False
148.98,5818.0,47,2022,0,False,False,True,False,False,True,False,True,False,True,False
132.6,7448.0,31,2022,0,False,False,True,False,True,False,False,True,False,False,True
101.27,7448.0,31,2022,0,True,False,False,False,True,False,False,True,False,False,True
115.27,-1.0,26,2022,0,False,False,False,True,False,False,True,False,False,False,False
410.41,-1.0,26,2022,0,True,False,False,False,False,False,True,False,False,False,False
392.58,-1.0,26,2022,0,False,False,False,True,False,False,True,False,False,False,False
168.75,-1.0,26,2022,0,True,False,False,False,False,False,True,False,False,False,False
214.35,-1.0,26,2022,0,False,False,False,False,False,False,True,False,False,False,False
298.09,-1.0,26,2022,0,False,False,True,False,False,False,True,False,False,False,False
235.03,-1.0,26,2022,0,False,False,False,False,False,False,True,False,False,False,False
454.6,-1.0,14,2022,1,False,False,False,True,False,False,True,False,False,False,False
445.25,-1.0,14,2022,1,False,False,True,False,False,False,True,False,False,False,False
195.55,-1.0,14,2022,1,False,True,False,False,False,False,True,False,False,False,False
49.62,-1.0,14,2022,1,False,True,False,False,False,False,True,False,False,False,False
157.41,-1.0,14,2022,1,False,True,False,False,False,False,True,False,False,False,False
41.19,8928.0,4,2022,0,False,True,False,False,True,False,False,False,True,False,False
41.19,2443.0,4,2022,0,False,True,False,False,True,False,False,True,False,False,False
488.45,6415.0,33,2022,0,False,False,False,False,False,False,False,True,False,True,False
165.23,8612.0,47,2022,0,False,False,False,False,True,False,False,False,True,False,True
165.23,4743.0,47,2022,0,False,False,False,False,True,False,False,True,False,False,True
9.43,8612.0,47,2022,0,True,False,False,False,True,False,False,False,True,False,True
9.43,4743.0,47,2022,0,True,False,False,False,True,False,False,True,False,False,True
369.33,8612.0,47,2022,0,False,False,True,False,True,False,False,False,True,False,True
369.33,4743.0,47,2022,0,False,False,True,False,True,False,False,True,False,False,True
450.66,-1.0,13,2022,0,False,False,False,False,False,False,True,False,False,False,True
112.57,-1.0,13,2022,0,True,False,False,False,False,False,True,False,False,False,True
213.38,-1.0,13,2022,0,False,False,False,True,False,False,True,False,False,False,True
19.49,-1.0,13,2022,0,False,False,False,False,False,False,True,False,False,False,True
130.17,-1.0,13,2022,0,False,True,False,False,False,False,True,False,False,False,True
247.27,-1.0,13,2022,0,True,False,False,False,False,False,True,False,False,False,True
245.41,-1.0,13,2022,0,False,False,False,True,False,False,True,False,False,False,True
279.26,-1.0,13,2022,0,False,True,False,False,False,False,True,False,False,False,True
127.09,4169.0,48,2022,0,True,False,False,False,False,False,False,True,False,False,True
335.62,4169.0,48,2022,0,True,False,False,False,False,False,False,True,False,False,True
450.43,4169.0,48,2022,0,False,False,False,True,False,False,False,True,False,False,True
397.77,4169.0,48,2022,0,False,False,True,False,False,False,False,True,False,False,True
290.57,4169.0,48,2022,0,False,True,False,False,False,False,False,True,False,False,True
280.32,4169.0,48,2022,0,False,True,False,False,False,False,False,True,False,False,True
249.21,4169.0,48,2022,0,True,False,False,False,False,False,False,True,False,False,True
27.32,6532.0,41,2022,0,False,False,False,True,False,True,False,False,True,True,False
27.32,3217.0,41,2022,0,False,False,False,True,False,False,False,False,True,True,False
463.0,6532.0,41,2022,0,False,True,False,False,False,True,False,False,True,True,False
463.0,3217.0,41,2022,0,False,True,False,False,False,False,False,False,True,True,False
21.73,6532.0,41,2022,0,False,True,False,False,False,True,False,False,True,True,False
21.73,3217.0,41,2022,0,False,True,False,False,False,False,False,False,True,True,False
459.61,6532.0,41,2022,0,False,True,False,False,False,True,False,False,True,True,False
459.61,3217.0,41,2022,0,False,True,False,False,False,False,False,False,True,True,False
97.44,6532.0,41,2022,0,False,False,False,True,False,True,False,False,True,True,False
97.44,3217.0,41,2022,0,False,False,False,True,False,False,False,False,True,True,False
247.1,6532.0,41,2022,0,False,False,False,False,False,True,False,False,True,True,False
247.1,3217.0,41,2022,0,False,False,False,False,False,False,False,False,True,True,False
57.34,6532.0,41,2022,0,False,False,False,False,False,True,False,False,True,True,False
57.34,3217.0,41,2022,0,False,False,False,False,False,False,False,False,True,True,False
6.65,2148.0,34,2022,0,False,False,False,False,True,False,False,False,True,True,False
6.65,7332.0,34,2022,0,False,False,False,False,False,True,False,True,False,True,False
19.36,2148.0,34,2022,0,False,False,True,False,True,False,False,False,True,True,False
19.36,7332.0,34,2022,0,False,False,True,False,False,True,False,True,False,True,False
355.83,2148.0,34,2022,0,True,False,False,False,True,False,False,False,True,True,False
355.83,7332.0,34,2022,0,True,False,False,False,False,True,False,True,False,True,False
397.46,2148.0,34,2022,0,False,False,True,False,True,False,False,False,True,True,False
397.46,7332.0,34,2022,0,False,False,True,False,False,True,False,True,False,True,False
480.0,2148.0,34,2022,0,False,False,False,False,True,False,False,False,True,True,False
480.0,7332.0,34,2022,0,False,False,False,False,False,True,False,True,False,True,False
33.75,2148.0,34,2022,0,False,False,True,False,True,False,False,False,True,True,False
33.75,7332.0,34,2022,0,False,False,True,False,False,True,False,True,False,True,False
488.65,2148.0,34,2022,0,False,True,False,False,True,False,False,False,True,True,False
488.65,7332.0,34,2022,0,False,True,False,False,False,True,False,True,False,True,False
138.91,2148.0,34,2022,0,False,False,False,False,True,False,False,False,True,True,False
138.91,7332.0,34,2022,0,False,False,False,False,False,True,False,True,False,True,False
162.79,3982.0,43,2022,1,False,False,False,True,False,False,False,False,True,False,False
447.59,3982.0,43,2022,1,False,False,False,True,False,False,False,False,True,False,False
371.73,3982.0,43,2022,1,False,True,False,False,False,False,False,False,True,False,False
452.27,3982.0,43,2022,1,False,False,False,True,False,False,False,False,True,False,False
185.65,3982.0,43,2022,1,True,False,False,False,False,False,False,False,True,False,False
444.38,3982.0,43,2022,1,False,True,False,False,False,False,False,False,True,False,False
69.42,3982.0,43,2022,1,False,False,False,False,False,False,False,False,True,False,False
426.53,3982.0,43,2022,1,True,False,False,False,False,False,False,False,True,False,False
412.55,3301.0,35,2022,0,False,True,False,False,False,True,False,True,False,False,False
135.06,-1.0,28,2022,0,False,True,False,False,False,False,True,False,False,False,True
117.48,-1.0,28,2022,0,False,True,False,False,False,False,True,False,False,False,True
324.23,-1.0,28,2022,0,False,False,False,False,False,False,True,False,False,False,True
265.29,-1.0,28,2022,0,False,False,False,True,False,False,True,False,False,False,True
273.58,-1.0,28,2022,0,True,False,False,False,False,False,True,False,False,False,True
343.78,-1.0,31,2022,0,False,False,False,False,False,False,True,False,False,False,False
43.73,-1.0,31,2022,0,False,False,False,False,False,False,True,False,False,False,False
27.91,4379.0,30,2022,0,True,False,False,False,True,False,False,False,True,True,False
27.91,4651.0,30,2022,0,True,False,False,False,False,True,False,True,False,True,False
155.11,4379.0,30,2022,0,False,False,True,False,True,False,False,False,True,True,False
155.11,4651.0,30,2022,0,False,False,True,False,False,True,False,True,False,True,False
82.42,4379.0,30,2022,0,False,False,False,False,True,False,False,False,True,True,False
82.42,4651.0,30,2022,0,False,False,False,False,False,True,False,True,False,True,False
474.26,4379.0,30,2022,0,False,False,False,False,True,False,False,False,True,True,False
474.26,4651.0,30,2022,0,False,False,False,False,False,True,False,True,False,True,False
262.76,4379.0,30,2022,0,False,True,False,False,True,False,False,False,True,True,False
262.76,4651.0,30,2022,0,False,True,False,False,False,True,False,True,False,True,False
431.79,5002.0,32,2022,0,False,False,False,True,False,True,False,False,True,False,False
431.79,2978.0,32,2022,0,False,False,False,True,True,False,False,True,False,False,False
412.29,5002.0,32,2022,0,True,False,False,False,False,True,False,False,True,False,False
412.29,2978.0,32,2022,0,True,False,False,False,True,False,False,True,False,False,False
31.87,5002.0,32,2022,0,True,False,False,False,False,True,False,False,True,False,False
31.87,2978.0,32,2022,0,True,False,False,False,True,False,False,True,False,False,False
88.08,5002.0,32,2022,0,False,False,False,False,False,True,False,False,True,False,False
88.08,2978.0,32,2022,0,False,False,False,False,True,False,False,True,False,False,False
124.6,5002.0,32,2022,0,False,False,False,True,False,True,False,False,True,False,False
124.6,2978.0,32,2022,0,False,False,False,True,True,False,False,True,False,False,False
428.3,5002.0,32,2022,0,False,True,False,False,False,True,False,False,True,False,False
428.3,2978.0,32,2022,0,False,True,False,False,True,False,False,True,False,False,False
169.69,-1.0,13,2022,0,True,False,False,False,False,False,True,False,False,False,True
94.74,-1.0,41,2022,0,False,False,False,True,False,False,True,False,False,False,False
359.14,-1.0,41,2022,0,False,False,False,True,False,False,True,False,False,False,False
307.47,-1.0,41,2022,0,False,False,True,False,False,False,True,False,False,False,False
212.2,-1.0,41,2022,0,False,False,False,False,False,False,True,False,False,False,False
85.26,-1.0,41,2022,0,False,True,False,False,False,False,True,False,False,False,False
137.08,-1.0,41,2022,0,False,True,False,False,False,False,True,False,False,False,False
265.14,-1.0,41,2022,0,False,False,False,True,False,False,True,False,False,False,False
476.78,3695.0,34,2022,0,True,False,False,False,False,True,False,False,True,False,False
476.78,9352.0,34,2022,0,True,False,False,False,False,False,False,False,True,False,False
435.43,3695.0,34,2022,0,False,False,True,False,False,True,False,False,True,False,False
435.43,9352.0,34,2022,0,False,False,True,False,False,False,False,False,True,False,False
377.12,3695.0,34,2022,0,False,False,False,True,False,True,False,False,True,False,False
377.12,9352.0,34,2022,0,False,False,False,True,False,False,False,False,True,False,False
36.76,3695.0,34,2022,0,False,False,True,False,False,True,False,False,True,False,False
36.76,9352.0,34,2022,0,False,False,True,False,False,False,False,False,True,False,False
134.56,3695.0,34,2022,0,False,False,False,True,False,True,False,False,True,False,False
134.56,9352.0,34,2022,0,False,False,False,True,False,False,False,False,True,False,False
415.86,-1.0,8,2022,1,False,False,False,True,False,False,True,False,False,False,True
348.37,-1.0,8,2022,1,False,False,False,False,False,False,True,False,False,False,True
307.78,-1.0,8,2022,1,False,False,True,False,False,False,True,False,False,False,True
162.67,-1.0,8,2022,1,True,False,False,False,False,False,True,False,False,False,True
292.95,-1.0,8,2022,1,False,True,False,False,False,False,True,False,False,False,True
30.37,4274.0,42,2022,0,False,False,True,False,False,True,False,True,False,False,False
30.37,6835.0,42,2022,0,False,False,True,False,False,False,False,False,True,False,False
334.09,4274.0,42,2022,0,False,False,False,True,False,True,False,True,False,False,False
334.09,6835.0,42,2022,0,False,False,False,True,False,False,False,False,True,False,False
453.75,5051.0,25,2022,0,False,False,False,True,False,False,False,False,True,True,False
180.88,5051.0,25,2022,0,False,False,False,False,False,False,False,False,True,True,False
120.13,5051.0,25,2022,0,False,False,False,True,False,False,False,False,True,True,False
121.14,5051.0,25,2022,0,False,False,False,False,False,False,False,False,True,True,False
288.09,5051.0,25,2022,0,False,False,False,True,False,False,False,False,True,True,False
416.67,5051.0,25,2022,0,False,True,False,False,False,False,False,False,True,True,False
316.62,5051.0,25,2022,0,False,False,False,False,False,False,False,False,True,True,False
444.2,5051.0,25,2022,0,False,False,False,True,False,False,False,False,True,True,False
346.54,-1.0,33,2022,0,False,True,False,False,False,False,True,False,False,True,False
19.76,-1.0,10,2022,0,True,False,False,False,False,False,True,False,False,True,False
453.12,-1.0,10,2022,0,False,False,False,False,False,False,True,False,False,True,False
14.78,5487.0,40,2022,0,True,False,False,False,False,False,False,True,False,False,True
14.78,6405.0,40,2022,0,True,False,False,False,True,False,False,True,False,False,True
128.94,5487.0,40,2022,0,False,False,False,True,False,False,False,True,False,False,True
128.94,6405.0,40,2022,0,False,False,False,True,True,False,False,True,False,False,True
422.07,5487.0,40,2022,0,False,False,True,False,False,False,False,True,False,False,True
422.07,6405.0,40,2022,0,False,False,True,False,True,False,False,True,False,False,True
411.05,7578.0,34,2022,0,False,True,False,False,False,False,False,False,True,False,False
12.3,7578.0,34,2022,0,False,False,False,False,False,False,False,False,True,False,False
380.16,7578.0,34,2022,0,False,False,False,False,False,False,False,False,True,False,False
443.95,7578.0,34,2022,0,False,False,False,False,False,False,False,False,True,False,False
31.59,7578.0,34,2022,0,True,False,False,False,False,False,False,False,True,False,False
199.7,7578.0,34,2022,0,True,False,False,False,False,False,False,False,True,False,False
17.88,7578.0,34,2022,0,False,True,False,False,False,False,False,False,True,False,False
422.35,7578.0,34,2022,0,False,False,False,True,False,False,False,False,True,False,False
483.02,7578.0,34,2022,0,False,True,False,False,False,False,False,False,True,False,False
280.21,8082.0,44,2022,0,False,False,False,False,False,False,False,False,True,False,True
280.21,8393.0,44,2022,0,False,False,False,False,True,False,False,False,True,False,True
6.51,8082.0,44,2022,0,False,False,False,False,False,False,False,False,True,False,True
6.51,8393.0,44,2022,0,False,False,False,False,True,False,False,False,True,False,True
366.66,8082.0,44,2022,0,False,True,False,False,False,False,False,False,True,False,True
366.66,8393.0,44,2022,0,False,True,False,False,True,False,False,False,True,False,True
108.57,8082.0,44,2022,0,False,False,True,False,False,False,False,False,True,False,True
108.57,8393.0,44,2022,0,False,False,True,False,True,False,False,False,True,False,True
137.45,8082.0,44,2022,0,False,False,False,False,False,False,False,False,True,False,True
137.45,8393.0,44,2022,0,False,False,False,False,True,False,False,False,True,False,True
30.61,8082.0,44,2022,0,False,False,False,False,False,False,False,False,True,False,True
30.61,8393.0,44,2022,0,False,False,False,False,True,False,False,False,True,False,True
477.15,8082.0,44,2022,0,True,False,False,False,False,False,False,False,True,False,True
477.15,8393.0,44,2022,0,True,False,False,False,True,False,False,False,True,False,True
323.17,8082.0,44,2022,0,False,False,True,False,False,False,False,False,True,False,True
323.17,8393.0,44,2022,0,False,False,True,False,True,False,False,False,True,False,True
378.3,-1.0,33,2022,0,False,False,False,False,False,False,True,False,False,False,True
454.84,-1.0,33,2022,0,False,False,True,False,False,False,True,False,False,False,True
137.04,-1.0,33,2022,0,False,False,True,False,False,False,True,False,False,False,True
418.2,-1.0,33,2022,0,False,True,False,False,False,False,True,False,False,False,True
177.18,-1.0,33,2022,0,False,False,True,False,False,False,True,False,False,False,True
495.45,-1.0,33,2022,0,False,False,False,True,False,False,True,False,False,False,True
259.62,-1.0,33,2022,0,True,False,False,False,False,False,True,False,False,False,True
277.24,-1.0,33,2022,0,True,False,False,False,False,False,True,False,False,False,True
169.28,-1.0,33,2022,0,False,False,False,True,False,False,True,False,False,False,True
62.87,5612.0,5,2022,0,False,False,False,True,True,False,False,False,True,False,False
336.72,5935.0,45,2022,0,False,False,False,False,True,False,False,False,True,True,False
336.72,4460.0,45,2022,0,False,False,False,False,True,False,False,False,True,True,False
449.87,5072.0,27,2022,0,False,True,False,False,True,False,False,False,True,True,False
449.87,7025.0,27,2022,0,False,True,False,False,False,True,False,False,True,True,False
286.29,-1.0,8,2022,1,False,False,True,False,False,False,True,False,False,True,False
14.05,-1.0,8,2022,1,True,False,False,False,False,False,True,False,False,True,False
91.02,-1.0,8,2022,1,False,False,False,True,False,False,True,False,False,True,False
64.31,-1.0,7,2022,0,False,False,True,False,False,False,True,False,False,True,False
423.82,-1.0,7,2022,0,True,False,False,False,False,False,True,False,False,True,False
181.1,-1.0,7,2022,0,False,False,True,False,False,False,True,False,False,True,False
474.25,-1.0,7,2022,0,False,False,True,False,False,False,True,False,False,True,False
160.26,-1.0,7,2022,0,False,False,True,False,False,False,True,False,False,True,False
153.24,-1.0,7,2022,0,False,True,False,False,False,False,True,False,False,True,False
211.24,-1.0,7,2022,0,False,True,False,False,False,False,True,False,False,True,False
174.86,-1.0,22,2022,0,False,False,True,False,False,False,True,False,False,False,True
256.47,-1.0,22,2022,0,False,False,False,True,False,False,True,False,False,False,True
474.43,-1.0,22,2022,0,True,False,False,False,False,False,True,False,False,False,True
136.22,-1.0,22,2022,0,False,False,False,False,False,False,True,False,False,False,True
247.73,-1.0,22,2022,0,True,False,False,False,False,False,True,False,False,False,True
307.89,-1.0,22,2022,0,True,False,False,False,False,False,True,False,False,False,True
104.41,-1.0,22,2022,0,False,False,False,False,False,False,True,False,False,False,True
447.0,-1.0,22,2022,0,False,True,False,False,False,False,True,False,False,False,True
17.32,-1.0,22,2022,0,True,False,False,False,False,False,True,False,False,False,True
324.6,-1.0,46,2022,0,True,False,False,False,False,False,True,False,False,False,True
449.3,-1.0,46,2022,0,False,False,False,True,False,False,True,False,False,False,True
231.71,-1.0,46,2022,0,False,False,False,False,False,False,True,False,False,False,True
211.47,-1.0,46,2022,0,False,False,False,False,False,False,True,False,False,False,True
365.78,-1.0,28,2022,1,False,False,False,True,False,False,True,False,False,True,False
33.87,-1.0,28,2022,1,False,False,True,False,False,False,True,False,False,True,False
101.53,-1.0,28,2022,1,False,True,False,False,False,False,True,False,False,True,False
410.26,-1.0,28,2022,1,True,False,False,False,False,False,True,False,False,True,False
133.62,-1.0,28,2022,1,False,False,True,False,False,False,True,False,False,True,False
335.21,-1.0,28,2022,1,False,False,False,True,False,False,True,False,False,True,False
118.26,-1.0,28,2022,1,False,True,False,False,False,False,True,False,False,True,False
419.63,-1.0,28,2022,1,True,False,False,False,False,False,True,False,False,True,False
358.72,8339.0,9,2022,0,False,False,False,False,True,False,False,True,False,False,True
382.23,8339.0,9,2022,0,False,False,False,True,True,False,False,True,False,False,True
26.5,8339.0,9,2022,0,True,False,False,False,True,False,False,True,False,False,True
336.76,8339.0,9,2022,0,True,False,False,False,True,False,False,True,False,False,True
405.82,-1.0,31,2022,0,False,True,False,False,False,False,True,False,False,True,False
48.26,-1.0,31,2022,0,False,False,True,False,False,False,True,False,False,True,False
131.09,-1.0,31,2022,0,True,False,False,False,False,False,True,False,False,True,False
233.14,-1.0,31,2022,0,False,True,False,False,False,False,True,False,False,True,False
272.07,5480.0,4,2022,1,False,False,True,False,False,True,False,False,True,False,False
272.07,8670.0,4,2022,1,False,False,True,False,False,True,False,False,True,False,False
349.28,5480.0,4,2022,1,False,False,False,False,False,True,False,False,True,False,False
349.28,8670.0,4,2022,1,False,False,False,False,False,True,False,False,True,False,False
118.83,5480.0,4,2022,1,True,False,False,False,False,True,False,False,True,False,False
118.83,8670.0,4,2022,1,True,False,False,False,False,True,False,False,True,False,False
8.68,5480.0,4,2022,1,False,True,False,False,False,True,False,False,True,False,False
8.68,8670.0,4,2022,1,False,True,False,False,False,True,False,False,True,False,False
419.98,5480.0,4,2022,1,False,True,False,False,False,True,False,False,True,False,False
419.98,8670.0,4,2022,1,False,True,False,False,False,True,False,False,True,False,False
457.86,5480.0,4,2022,1,False,False,True,False,False,True,False,False,True,False,False
457.86,8670.0,4,2022,1,False,False,True,False,False,True,False,False,True,False,False
67.36,5084.0,5,2022,1,True,False,False,False,True,False,False,False,True,False,True
317.82,5084.0,5,2022,1,False,False,False,True,True,False,False,False,True,False,True
470.08,5084.0,5,2022,1,False,False,True,False,True,False,False,False,True,False,True
342.97,5084.0,5,2022,1,False,True,False,False,True,False,False,False,True,False,True
235.29,5084.0,5,2022,1,True,False,False,False,True,False,False,False,True,False,True
483.16,5084.0,5,2022,1,False,False,False,False,True,False,False,False,True,False,True
327.02,2239.0,13,2022,0,False,True,False,False,False,False,False,True,False,False,False
327.02,8210.0,13,2022,0,False,True,False,False,False,True,False,False,True,False,False
342.44,2239.0,13,2022,0,False,False,False,False,False,False,False,True,False,False,False
342.44,8210.0,13,2022,0,False,False,False,False,False,True,False,False,True,False,False
42.84,2239.0,13,2022,0,True,False,False,False,False,False,False,True,False,False,False
42.84,8210.0,13,2022,0,True,False,False,False,False,True,False,False,True,False,False
83.95,2239.0,13,2022,0,False,False,False,True,False,False,False,True,False,False,False
83.95,8210.0,13,2022,0,False,False,False,True,False,True,False,False,True,False,False
312.92,2239.0,13,2022,0,True,False,False,False,False,False,False,True,False,False,False
312.92,8210.0,13,2022,0,True,False,False,False,False,True,False,False,True,False,False
292.4,-1.0,6,2022,0,False,False,False,False,False,False,True,False,False,False,False
250.92,-1.0,6,2022,0,False,False,True,False,False,False,True,False,False,False,False
203.67,-1.0,6,2022,0,False,True,False,False,False,False,True,False,False,False,False
293.88,-1.0,6,2022,0,False,False,False,False,False,False,True,False,False,False,False
240.13,-1.0,6,2022,0,False,False,False,False,False,False,True,False,False,False,False
85.83,-1.0,6,2022,0,False,False,True,False,False,False,True,False,False,False,False
262.13,-1.0,6,2022,0,True,False,False,False,False,False,True,False,False,False,False
160.86,-1.0,6,2022,0,False,False,False,True,False,False,True,False,False,False,False
427.46,-1.0,6,2022,0,False,False,False,True,False,False,True,False,False,False,False
71.14,-1.0,23,2022,0,False,False,False,False,False,False,True,False,False,True,False
143.65,-1.0,23,2022,0,False,False,False,True,False,False,True,False,False,True,False
36.67,-1.0,23,2022,0,False,False,True,False,False,False,True,False,False,True,False
55.04,9812.0,47,2022,0,False,False,False,True,False,True,False,False,True,True,False
55.04,5957.0,47,2022,0,False,False,False,True,False,False,False,True,False,True,False
290.72,9812.0,47,2022,0,False,False,False,True,False,True,False,False,True,True,False
290.72,5957.0,47,2022,0,False,False,False,True,False,False,False,True,False,True,False
130.9,9812.0,47,2022,0,True,False,False,False,False,True,False,False,True,True,False
130.9,5957.0,47,2022,0,True,False,False,False,False,False,False,True,False,True,False
455.82,9812.0,47,2022,0,False,False,False,False,False,True,False,False,True,True,False
455.82,5957.0,47,2022,0,False,False,False,False,False,False,False,True,False,True,False
186.21,9812.0,47,2022,0,False,False,False,True,False,True,False,False,True,True,False
186.21,5957.0,47,2022,0,False,False,False,True,False,False,False,True,False,True,False
499.06,9812.0,47,2022,0,True,False,False,False,False,True,False,False,True,True,False
499.06,5957.0,47,2022,0,True,False,False,False,False,False,False,True,False,True,False
393.94,9812.0,47,2022,0,False,True,False,False,False,True,False,False,True,True,False
393.94,5957.0,47,2022,0,False,True,False,False,False,False,False,True,False,True,False
294.37,9812.0,47,2022,0,False,True,False,False,False,True,False,False,True,True,False
294.37,5957.0,47,2022,0,False,True,False,False,False,False,False,True,False,True,False
154.01,9812.0,47,2022,0,False,False,False,False,False,True,False,False,True,True,False
154.01,5957.0,47,2022,0,False,False,False,False,False,False,False,True,False,True,False
248.4,7829.0,35,2022,0,False,True,False,False,False,False,False,True,False,False,False
494.32,7829.0,35,2022,0,False,False,True,False,False,False,False,True,False,False,False
91.4,7829.0,35,2022,0,False,False,False,False,False,False,False,True,False,False,False
339.45,7829.0,35,2022,0,False,False,False,False,False,False,False,True,False,False,False
343.27,7829.0,35,2022,0,False,True,False,False,False,False,False,True,False,False,False
118.29,7829.0,35,2022,0,False,False,False,False,False,False,False,True,False,False,False
308.27,6004.0,34,2022,0,False,False,True,False,False,True,False,True,False,False,False
69.46,6004.0,34,2022,0,True,False,False,False,False,True,False,True,False,False,False
420.21,6004.0,34,2022,0,False,False,True,False,False,True,False,True,False,False,False
262.21,6004.0,34,2022,0,True,False,False,False,False,True,False,True,False,False,False
262.08,6004.0,34,2022,0,False,False,False,True,False,True,False,True,False,False,False
77.17,6004.0,34,2022,0,False,False,False,True,False,True,False,True,False,False,False
429.79,6004.0,34,2022,0,False,False,True,False,False,True,False,True,False,False,False
316.74,6004.0,34,2022,0,False,False,True,False,False,True,False,True,False,False,False
28.86,-1.0,38,2022,0,False,False,True,False,False,False,True,False,False,True,False
170.94,-1.0,38,2022,0,False,False,False,True,False,False,True,False,False,True,False
255.12,-1.0,38,2022,0,False,True,False,False,False,False,True,False,False,True,False
86.34,-1.0,38,2022,0,False,False,True,False,False,False,True,False,False,True,False
249.32,-1.0,38,2022,0,False,True,False,False,False,False,True,False,False,True,False
16.38,-1.0,38,2022,0,True,False,False,False,False,False,True,False,False,True,False
416.95,-1.0,34,2022,1,True,False,False,False,False,False,True,False,False,False,False
179.86,-1.0,34,2022,1,False,True,False,False,False,False,True,False,False,False,False
420.67,-1.0,34,2022,1,True,False,False,False,False,False,True,False,False,False,False
99.23,-1.0,34,2022,1,True,False,False,False,False,False,True,False,False,False,False
499.13,-1.0,34,2022,1,False,False,True,False,False,False,True,False,False,False,False
323.63,6276.0,11,2022,0,False,False,False,True,True,False,False,False,True,False,True
323.63,6397.0,11,2022,0,False,False,False,True,True,False,False,True,False,False,True
480.06,6276.0,11,2022,0,False,True,False,False,True,False,False,False,True,False,True
480.06,6397.0,11,2022,0,False,True,False,False,True,False,False,True,False,False,True
48.21,6276.0,11,2022,0,False,False,True,False,True,False,False,False,True,False,True
48.21,6397.0,11,2022,0,False,False,True,False,True,False,False,True,False,False,True
133.62,6276.0,11,2022,0,False,False,False,False,True,False,False,False,True,False,True
133.62,6397.0,11,2022,0,False,False,False,False,True,False,False,True,False,False,True
198.76,6276.0,11,2022,0,False,True,False,False,True,False,False,False,True,False,True
198.76,6397.0,11,2022,0,False,True,False,False,True,False,False,True,False,False,True
435.22,7765.0,6,2022,1,True,False,False,False,True,False,False,False,True,False,True
10.01,7765.0,6,2022,1,False,False,False,False,True,False,False,False,True,False,True
155.09,7765.0,6,2022,1,False,True,False,False,True,False,False,False,True,False,True
260.79,7765.0,6,2022,1,False,False,False,False,True,False,False,False,True,False,True
193.29,7765.0,6,2022,1,True,False,False,False,True,False,False,False,True,False,True
212.34,7765.0,6,2022,1,False,False,False,True,True,False,False,False,True,False,True
52.25,7765.0,6,2022,1,True,False,False,False,True,False,False,False,True,False,True
32.02,7765.0,6,2022,1,False,False,False,False,True,False,False,False,True,False,True
495.85,7498.0,32,2022,0,False,False,False,False,False,True,False,True,False,False,True
360.91,7498.0,32,2022,0,False,True,False,False,False,True,False,True,False,False,True
360.79,7498.0,32,2022,0,False,False,True,False,False,True,False,True,False,False,True
470.23,7498.0,32,2022,0,False,False,False,False,False,True,False,True,False,False,True
374.18,7498.0,32,2022,0,False,False,False,False,False,True,False,True,False,False,True
344.98,7498.0,32,2022,0,False,False,False,False,False,True,False,True,False,False,True
432.99,7498.0,32,2022,0,False,False,False,False,False,True,False,True,False,False,True
201.52,7498.0,32,2022,0,False,True,False,False,False,True,False,True,False,False,True
344.59,7498.0,32,2022,0,False,False,False,False,False,True,False,True,False,False,True
490.59,7122.0,35,2022,1,False,True,False,False,True,False,False,True,False,False,True
490.59,6860.0,35,2022,1,False,True,False,False,True,False,False,True,False,False,True
430.42,7122.0,35,2022,1,True,False,False,False,True,False,False,True,False,False,True
430.42,6860.0,35,2022,1,True,False,False,False,True,False,False,True,False,False,True
55.8,7122.0,35,2022,1,False,True,False,False,True,False,False,True,False,False,True
55.8,6860.0,35,2022,1,False,True,False,False,True,False,False,True,False,False,True
152.47,7122.0,35,2022,1,False,False,False,True,True,False,False,True,False,False,True
152.47,6860.0,35,2022,1,False,False,False,True,True,False,False,True,False,False,True
229.55,7122.0,35,2022,1,False,False,False,True,True,False,False,True,False,False,True
229.55,6860.0,35,2022,1,False,False,False,True,True,False,False,True,False,False,True
442.22,7122.0,35,2022,1,False,True,False,False,True,False,False,True,False,False,True
442.22,6860.0,35,2022,1,False,True,False,False,True,False,False,True,False,False,True
457.4,7122.0,35,2022,1,False,True,False,False,True,False,False,True,False,False,True
457.4,6860.0,35,2022,1,False,True,False,False,True,False,False,True,False,False,True
288.09,7122.0,35,2022,1,True,False,False,False,True,False,False,True,False,False,True
288.09,6860.0,35,2022,1,True,False,False,False,True,False,False,True,False,False,True
77.88,7122.0,35,2022,1,True,False,False,False,True,False,False,True,False,False,True
77.88,6860.0,35,2022,1,True,False,False,False,True,False,False,True,False,False,True
47.23,6304.0,34,2022,0,True,False,False,False,True,False,False,False,True,False,False
401.17,6304.0,34,2022,0,False,False,False,True,True,False,False,False,True,False,False
57.42,6304.0,34,2022,0,False,True,False,False,True,False,False,False,True,False,False
444.73,6304.0,34,2022,0,False,False,True,False,True,False,False,False,True,False,False
51.07,6304.0,34,2022,0,False,True,False,False,True,False,False,False,True,False,False
260.86,6304.0,34,2022,0,True,False,False,False,True,False,False,False,True,False,False
274.55,-1.0,43,2022,0,False,False,False,True,False,False,True,False,False,False,False
73.82,-1.0,43,2022,0,False,False,False,True,False,False,True,False,False,False,False
50.02,-1.0,43,2022,0,True,False,False,False,False,False,True,False,False,False,False
44.59,-1.0,43,2022,0,False,True,False,False,False,False,True,False,False,False,False
478.79,-1.0,43,2022,0,False,False,False,True,False,False,True,False,False,False,False
52.17,-1.0,43,2022,0,True,False,False,False,False,False,True,False,False,False,False
14.45,-1.0,43,2022,0,False,False,False,True,False,False,True,False,False,False,False
490.33,5926.0,28,2022,0,False,False,False,True,False,True,False,True,False,False,False
217.33,5926.0,28,2022,0,False,False,False,False,False,True,False,True,False,False,False
408.97,5926.0,28,2022,0,True,False,False,False,False,True,False,True,False,False,False
130.05,5926.0,28,2022,0,False,True,False,False,False,True,False,True,False,False,False
446.45,5926.0,28,2022,0,False,False,False,True,False,True,False,True,False,False,False
20.84,5926.0,28,2022,0,False,False,True,False,False,True,False,True,False,False,False
415.74,5926.0,28,2022,0,False,False,False,False,False,True,False,True,False,False,False
256.77,5106.0,5,2022,0,False,False,False,True,False,False,False,True,False,True,False
256.77,3186.0,5,2022,0,False,False,False,True,True,False,False,False,True,True,False
83.77,5106.0,5,2022,0,False,True,False,False,False,False,False,True,False,True,False
83.77,3186.0,5,2022,0,False,True,False,False,True,False,False,False,True,True,False
188.27,5106.0,5,2022,0,False,False,True,False,False,False,False,True,False,True,False
188.27,3186.0,5,2022,0,False,False,True,False,True,False,False,False,True,True,False
229.92,5106.0,5,2022,0,False,False,True,False,False,False,False,True,False,True,False
229.92,3186.0,5,2022,0,False,False,True,False,True,False,False,False,True,True,False
148.61,8273.0,34,2022,0,False,False,False,False,False,True,False,True,False,False,False
148.61,4133.0,34,2022,0,False,False,False,False,False,True,False,False,True,False,False
440.31,8273.0,34,2022,0,False,False,True,False,False,True,False,True,False,False,False
440.31,4133.0,34,2022,0,False,False,True,False,False,True,False,False,True,False,False
251.86,8273.0,34,2022,0,True,False,False,False,False,True,False,True,False,False,False
251.86,4133.0,34,2022,0,True,False,False,False,False,True,False,False,True,False,False
49.9,8273.0,34,2022,0,False,False,True,False,False,True,False,True,False,False,False
49.9,4133.0,34,2022,0,False,False,True,False,False,True,False,False,True,False,False
264.34,8273.0,34,2022,0,False,True,False,False,False,True,False,True,False,False,False
264.34,4133.0,34,2022,0,False,True,False,False,False,True,False,False,True,False,False
300.59,8273.0,34,2022,0,False,False,False,False,False,True,False,True,False,False,False
300.59,4133.0,34,2022,0,False,False,False,False,False,True,False,False,True,False,False
168.62,8273.0,34,2022,0,False,True,False,False,False,True,False,True,False,False,False
168.62,4133.0,34,2022,0,False,True,False,False,False,True,False,False,True,False,False
393.84,-1.0,33,2022,1,False,False,False,False,False,False,True,False,False,False,False
200.29,-1.0,12,2022,0,False,False,True,False,False,False,True,False,False,True,False
244.19,-1.0,12,2022,0,True,False,False,False,False,False,True,False,False,True,False
299.42,-1.0,12,2022,0,False,False,False,True,False,False,True,False,False,True,False
146.33,-1.0,12,2022,0,False,False,False,True,False,False,True,False,False,True,False
179.34,-1.0,12,2022,0,True,False,False,False,False,False,True,False,False,True,False
31.54,-1.0,12,2022,0,True,False,False,False,False,False,True,False,False,True,False
429.84,2626.0,40,2022,0,False,True,False,False,True,False,False,True,False,True,False
429.84,4818.0,40,2022,0,False,True,False,False,True,False,False,False,True,True,False
201.81,2626.0,40,2022,0,False,False,True,False,True,False,False,True,False,True,False
201.81,4818.0,40,2022,0,False,False,True,False,True,False,False,False,True,True,False
243.89,2626.0,40,2022,0,False,False,False,True,True,False,False,True,False,True,False
243.89,4818.0,40,2022,0,False,False,False,True,True,False,False,False,True,True,False
440.97,2626.0,40,2022,0,True,False,False,False,True,False,False,True,False,True,False
440.97,4818.0,40,2022,0,True,False,False,False,True,False,False,False,True,True,False
447.54,2626.0,40,2022,0,False,False,True,False,True,False,False,True,False,True,False
447.54,4818.0,40,2022,0,False,False,True,False,True,False,False,False,True,True,False
278.71,2626.0,40,2022,0,False,False,False,False,True,False,False,True,False,True,False
278.71,4818.0,40,2022,0,False,False,False,False,True,False,False,False,True,True,False
20.32,2626.0,40,2022,0,False,False,False,True,True,False,False,True,False,True,False
20.32,4818.0,40,2022,0,False,False,False,True,True,False,False,False,True,True,False
229.11,5013.0,44,2022,1,False,False,False,False,False,True,False,True,False,False,True
177.72,5013.0,44,2022,1,False,False,False,True,False,True,False,True,False,False,True
146.84,5013.0,44,2022,1,False,False,True,False,False,True,False,True,False,False,True
458.4,5013.0,44,2022,1,False,False,True,False,False,True,False,True,False,False,True
418.44,5013.0,44,2022,1,False,False,True,False,False,True,False,True,False,False,True
52.61,5013.0,44,2022,1,False,True,False,False,False,True,False,True,False,False,True
414.38,-1.0,38,2022,0,False,False,False,False,False,False,True,False,False,True,False
165.88,-1.0,38,2022,0,False,False,False,True,False,False,True,False,False,True,False
258.36,-1.0,38,2022,0,True,False,False,False,False,False,True,False,False,True,False
442.45,-1.0,38,2022,0,True,False,False,False,False,False,True,False,False,True,False
210.73,-1.0,38,2022,0,False,False,False,True,False,False,True,False,False,True,False
163.39,-1.0,44,2022,0,False,True,False,False,False,False,True,False,False,True,False
341.31,-1.0,44,2022,0,False,False,True,False,False,False,True,False,False,True,False
424.29,-1.0,44,2022,0,False,True,False,False,False,False,True,False,False,True,False
47.01,-1.0,44,2022,0,False,False,False,False,False,False,True,False,False,True,False
269.73,8620.0,12,2022,0,False,True,False,False,False,False,False,True,False,False,False
406.87,6442.0,37,2022,0,True,False,False,False,False,True,False,False,True,True,False
219.8,6442.0,37,2022,0,False,True,False,False,False,True,False,False,True,True,False
257.64,6442.0,37,2022,0,False,False,False,True,False,True,False,False,True,True,False
257.56,6442.0,37,2022,0,False,False,True,False,False,True,False,False,True,True,False
224.81,6442.0,37,2022,0,False,False,True,False,False,True,False,False,True,True,False
371.46,6442.0,37,2022,0,False,False,False,False,False,True,False,False,True,True,False
104.08,7695.0,1,2022,0,False,False,False,False,True,False,False,True,False,False,True
112.71,7695.0,1,2022,0,False,False,False,True,True,False,False,True,False,False,True
423.73,2728.0,40,2022,0,True,False,False,False,False,False,False,False,True,False,False
423.73,2692.0,40,2022,0,True,False,False,False,False,False,False,False,True,False,False
104.52,2728.0,40,2022,0,False,True,False,False,False,False,False,False,True,False,False
104.52,2692.0,40,2022,0,False,True,False,False,False,False,False,False,True,False,False
342.02,2728.0,40,2022,0,False,True,False,False,False,False,False,False,True,False,False
342.02,2692.0,40,2022,0,False,True,False,False,False,False,False,False,True,False,False
97.06,2728.0,40,2022,0,False,False,True,False,False,False,False,False,True,False,False
97.06,2692.0,40,2022,0,False,False,True,False,False,False,False,False,True,False,False
135.77,2728.0,40,2022,0,False,False,False,True,False,False,False,False,True,False,False
135.77,2692.0,40,2022,0,False,False,False,True,False,False,False,False,True,False,False
451.67,2728.0,40,2022,0,False,False,True,False,False,False,False,False,True,False,False
451.67,2692.0,40,2022,0,False,False,True,False,False,False,False,False,True,False,False
438.01,-1.0,5,2022,1,False,False,True,False,False,False,True,False,False,False,True
325.9,-1.0,5,2022,1,False,False,False,False,False,False,True,False,False,False,True
123.1,5421.0,2,2022,0,True,False,False,False,False,False,False,True,False,False,False
335.67,5421.0,2,2022,0,False,False,False,False,False,False,False,True,False,False,False
28.92,-1.0,46,2022,0,True,False,False,False,False,False,True,False,False,True,False
285.66,-1.0,46,2022,0,False,False,False,False,False,False,True,False,False,True,False
303.3,-1.0,46,2022,0,False,False,True,False,False,False,True,False,False,True,False
194.12,-1.0,46,2022,0,False,False,True,False,False,False,True,False,False,True,False
439.24,-1.0,46,2022,0,False,False,False,True,False,False,True,False,False,True,False
54.28,-1.0,46,2022,0,False,True,False,False,False,False,True,False,False,True,False
183.5,-1.0,46,2022,0,False,False,True,False,False,False,True,False,False,True,False
475.94,-1.0,46,2022,0,True,False,False,False,False,False,True,False,False,True,False
464.26,-1.0,46,2022,0,True,False,False,False,False,False,True,False,False,True,False
46.2,-1.0,25,2022,0,False,True,False,False,False,False,True,False,False,True,False
52.75,-1.0,25,2022,0,False,False,False,True,False,False,True,False,False,True,False
64.79,-1.0,25,2022,0,False,True,False,False,False,False,True,False,False,True,False
90.9,-1.0,25,2022,0,True,False,False,False,False,False,True,False,False,True,False
344.81,-1.0,25,2022,0,False,False,False,False,False,False,True,False,False,True,False
266.02,-1.0,25,2022,0,False,True,False,False,False,False,True,False,False,True,False
13.43,-1.0,25,2022,0,False,False,True,False,False,False,True,False,False,True,False
438.28,-1.0,25,2022,0,False,True,False,False,False,False,True,False,False,True,False
59.75,7102.0,38,2022,0,False,False,True,False,True,False,False,False,True,False,False
59.75,7055.0,38,2022,0,False,False,True,False,False,False,False,False,True,False,False
88.34,7102.0,38,2022,0,False,False,False,True,True,False,False,False,True,False,False
88.34,7055.0,38,2022,0,False,False,False,True,False,False,False,False,True,False,False
222.66,7102.0,38,2022,0,True,False,False,False,True,False,False,False,True,False,False
222.66,7055.0,38,2022,0,True,False,False,False,False,False,False,False,True,False,False
332.58,7102.0,38,2022,0,False,False,True,False,True,False,False,False,True,False,False
332.58,7055.0,38,2022,0,False,False,True,False,False,False,False,False,True,False,False
202.38,-1.0,25,2022,0,False,False,True,False,False,False,True,False,False,False,True
275.59,-1.0,25,2022,0,False,False,False,False,False,False,True,False,False,False,True
304.52,-1.0,25,2022,0,False,False,True,False,False,False,True,False,False,False,True
335.28,-1.0,25,2022,0,False,True,False,False,False,False,True,False,False,False,True
198.55,-1.0,25,2022,0,False,False,False,True,False,False,True,False,False,False,True
20.26,-1.0,25,2022,0,False,False,True,False,False,False,True,False,False,False,True
110.7,7995.0,48,2022,0,False,False,False,False,True,False,False,False,True,False,False
229.14,7995.0,48,2022,0,False,False,True,False,True,False,False,False,True,False,False
212.09,7995.0,48,2022,0,False,False,False,True,True,False,False,False,True,False,False
324.56,8923.0,22,2022,0,False,False,True,False,False,False,False,False,True,False,False
324.56,5618.0,22,2022,0,False,False,True,False,False,False,False,True,False,False,False
340.75,8923.0,22,2022,0,True,False,False,False,False,False,False,False,True,False,False
340.75,5618.0,22,2022,0,True,False,False,False,False,False,False,True,False,False,False
220.69,8923.0,22,2022,0,False,False,False,False,False,False,False,False,True,False,False
220.69,5618.0,22,2022,0,False,False,False,False,False,False,False,True,False,False,False
392.04,8923.0,22,2022,0,False,False,False,False,False,False,False,False,True,False,False
392.04,5618.0,22,2022,0,False,False,False,False,False,False,False,True,False,False,False
324.29,8923.0,22,2022,0,True,False,False,False,False,False,False,False,True,False,False
324.29,5618.0,22,2022,0,True,False,False,False,False,False,False,True,False,False,False
243.71,8923.0,22,2022,0,False,False,True,False,False,False,False,False,True,False,False
243.71,5618.0,22,2022,0,False,False,True,False,False,False,False,True,False,False,False
466.66,8923.0,22,2022,0,False,False,False,False,False,False,False,False,True,False,False
466.66,5618.0,22,2022,0,False,False,False,False,False,False,False,True,False,False,False
385.66,4409.0,1,2022,1,False,False,False,True,False,True,False,False,True,True,False
385.66,4112.0,1,2022,1,False,False,False,True,False,False,False,False,True,True,False
68.56,4409.0,1,2022,1,False,True,False,False,False,True,False,False,True,True,False
68.56,4112.0,1,2022,1,False,True,False,False,False,False,False,False,True,True,False
239.68,4409.0,1,2022,1,False,False,False,True,False,True,False,False,True,True,False
239.68,4112.0,1,2022,1,False,False,False,True,False,False,False,False,True,True,False
315.84,4409.0,1,2022,1,True,False,False,False,False,True,False,False,True,True,False
315.84,4112.0,1,2022,1,True,False,False,False,False,False,False,False,True,True,False
79.58,6898.0,25,2022,1,False,False,True,False,False,False,False,False,True,True,False
79.58,9915.0,25,2022,1,False,False,True,False,False,True,False,True,False,True,False
42.85,6898.0,25,2022,1,False,False,True,False,False,False,False,False,True,True,False
42.85,9915.0,25,2022,1,False,False,True,False,False,True,False,True,False,True,False
496.88,6898.0,25,2022,1,True,False,False,False,False,False,False,False,True,True,False
496.88,9915.0,25,2022,1,True,False,False,False,False,True,False,True,False,True,False
41.49,6898.0,25,2022,1,False,False,True,False,False,False,False,False,True,True,False
41.49,9915.0,25,2022,1,False,False,True,False,False,True,False,True,False,True,False
490.44,6898.0,25,2022,1,False,True,False,False,False,False,False,False,True,True,False
490.44,9915.0,25,2022,1,False,True,False,False,False,True,False,True,False,True,False
467.57,6898.0,25,2022,1,False,False,True,False,False,False,False,False,True,True,False
467.57,9915.0,25,2022,1,False,False,True,False,False,True,False,True,False,True,False
159.68,6898.0,25,2022,1,False,True,False,False,False,False,False,False,True,True,False
159.68,9915.0,25,2022,1,False,True,False,False,False,True,False,True,False,True,False
296.26,6898.0,25,2022,1,False,False,False,False,False,False,False,False,True,True,False
296.26,9915.0,25,2022,1,False,False,False,False,False,True,False,True,False,True,False
250.28,6898.0,25,2022,1,True,False,False,False,False,False,False,False,True,True,False
250.28,9915.0,25,2022,1,True,False,False,False,False,True,False,True,False,True,False
225.5,-1.0,33,2022,0,False,False,True,False,False,False,True,False,False,True,False
228.62,-1.0,33,2022,0,False,False,False,False,False,False,True,False,False,True,False
436.7,-1.0,33,2022,0,False,False,False,True,False,False,True,False,False,True,False
351.09,-1.0,33,2022,0,False,False,False,False,False,False,True,False,False,True,False
294.7,-1.0,33,2022,0,False,False,False,False,False,False,True,False,False,True,False
389.03,2491.0,22,2022,1,False,False,False,True,False,True,False,False,True,False,True
450.47,2491.0,22,2022,1,False,False,False,True,False,True,False,False,True,False,True
91.6,2491.0,22,2022,1,False,True,False,False,False,True,False,False,True,False,True
134.33,2491.0,22,2022,1,False,True,False,False,False,True,False,False,True,False,True
223.45,2491.0,22,2022,1,False,False,False,False,False,True,False,False,True,False,True
171.3,2491.0,22,2022,1,False,False,False,False,False,True,False,False,True,False,True
426.79,2491.0,22,2022,1,True,False,False,False,False,True,False,False,True,False,True
91.13,2491.0,22,2022,1,False,False,True,False,False,True,False,False,True,False,True
468.44,2491.0,22,2022,1,True,False,False,False,False,True,False,False,True,False,True
392.1,3705.0,31,2022,1,False,False,False,True,False,False,False,False,True,False,False
196.94,2700.0,19,2022,1,False,False,True,False,False,False,False,True,False,True,False
316.62,2700.0,19,2022,1,False,False,False,False,False,False,False,True,False,True,False
424.16,2700.0,19,2022,1,False,False,False,False,False,False,False,True,False,True,False
223.98,2700.0,19,2022,1,False,False,True,False,False,False,False,True,False,True,False
170.6,2700.0,19,2022,1,False,True,False,False,False,False,False,True,False,True,False
206.95,2700.0,19,2022,1,True,False,False,False,False,False,False,True,False,True,False
357.02,2700.0,19,2022,1,False,False,False,True,False,False,False,True,False,True,False
7.23,2700.0,19,2022,1,False,False,True,False,False,False,False,True,False,True,False
124.38,2700.0,19,2022,1,True,False,False,False,False,False,False,True,False,True,False
340.3,-1.0,48,2022,0,False,False,False,True,False,False,True,False,False,False,False
470.01,-1.0,48,2022,0,False,False,True,False,False,False,True,False,False,False,False
438.06,-1.0,48,2022,0,False,False,False,True,False,False,True,False,False,False,False
29.73,-1.0,48,2022,0,False,False,False,False,False,False,True,False,False,False,False
84.25,-1.0,48,2022,0,False,False,True,False,False,False,True,False,False,False,False
172.81,-1.0,18,2022,0,True,False,False,False,False,False,True,False,False,True,False
292.25,-1.0,1,2022,0,False,True,False,False,False,False,True,False,False,False,False
140.03,-1.0,1,2022,0,True,False,False,False,False,False,True,False,False,False,False
96.18,-1.0,1,2022,0,False,False,False,False,False,False,True,False,False,False,False
355.8,-1.0,1,2022,0,False,False,True,False,False,False,True,False,False,False,False
304.19,-1.0,1,2022,0,False,True,False,False,False,False,True,False,False,False,False
417.84,-1.0,1,2022,0,False,False,True,False,False,False,True,False,False,False,False
439.65,-1.0,19,2022,0,False,True,False,False,False,False,True,False,False,True,False
237.79,-1.0,19,2022,0,False,False,False,True,False,False,True,False,False,True,False
438.0,-1.0,19,2022,0,False,False,True,False,False,False,True,False,False,True,False
64.38,-1.0,19,2022,0,True,False,False,False,False,False,True,False,False,True,False
21.16,-1.0,19,2022,0,False,False,True,False,False,False,True,False,False,True,False
438.6,-1.0,19,2022,0,True,False,False,False,False,False,True,False,False,True,False
10.7,-1.0,14,2022,1,True,False,False,False,False,False,True,False,False,False,False
479.35,-1.0,14,2022,1,False,False,True,False,False,False,True,False,False,False,False
122.17,-1.0,14,2022,1,False,False,True,False,False,False,True,False,False,False,False
211.22,-1.0,11,2022,0,False,True,False,False,False,False,True,False,False,True,False
71.46,-1.0,11,2022,0,False,True,False,False,False,False,True,False,False,True,False
87.97,-1.0,11,2022,0,False,False,False,False,False,False,True,False,False,True,False
296.9,-1.0,11,2022,0,False,False,False,False,False,False,True,False,False,True,False
406.43,-1.0,11,2022,0,False,False,False,True,False,False,True,False,False,True,False
85.19,2149.0,8,2022,1,False,True,False,False,True,False,False,False,True,False,False
85.19,3793.0,8,2022,1,False,True,False,False,False,True,False,True,False,False,False
307.41,2149.0,8,2022,1,False,False,False,True,True,False,False,False,True,False,False
307.41,3793.0,8,2022,1,False,False,False,True,False,True,False,True,False,False,False
367.95,2149.0,8,2022,1,False,False,False,False,True,False,False,False,True,False,False
367.95,3793.0,8,2022,1,False,False,False,False,False,True,False,True,False,False,False
400.54,2149.0,8,2022,1,False,False,True,False,True,False,False,False,True,False,False
400.54,3793.0,8,2022,1,False,False,True,False,False,True,False,True,False,False,False
245.64,2149.0,8,2022,1,True,False,False,False,True,False,False,False,True,False,False
245.64,3793.0,8,2022,1,True,False,False,False,False,True,False,True,False,False,False
362.81,2149.0,8,2022,1,False,False,False,False,True,False,False,False,True,False,False
362.81,3793.0,8,2022,1,False,False,False,False,False,True,False,True,False,False,False
459.05,2149.0,8,2022,1,False,False,False,True,True,False,False,False,True,False,False
459.05,3793.0,8,2022,1,False,False,False,True,False,True,False,True,False,False,False
411.89,2149.0,8,2022,1,False,False,False,True,True,False,False,False,True,False,False
411.89,3793.0,8,2022,1,False,False,False,True,False,True,False,True,False,False,False
438.12,2149.0,8,2022,1,False,False,False,False,True,False,False,False,True,False,False
438.12,3793.0,8,2022,1,False,False,False,False,False,True,False,True,False,False,False
164.16,2916.0,18,2022,0,False,False,False,False,False,False,False,False,True,False,False
164.16,8746.0,18,2022,0,False,False,False,False,False,False,False,True,False,False,False
133.96,2916.0,18,2022,0,False,False,False,False,False,False,False,False,True,False,False
133.96,8746.0,18,2022,0,False,False,False,False,False,False,False,True,False,False,False
320.94,2916.0,18,2022,0,False,False,False,True,False,False,False,False,True,False,False
320.94,8746.0,18,2022,0,False,False,False,True,False,False,False,True,False,False,False
440.76,2916.0,18,2022,0,True,False,False,False,False,False,False,False,True,False,False
440.76,8746.0,18,2022,0,True,False,False,False,False,False,False,True,False,False,False
66.03,2916.0,18,2022,0,False,True,False,False,False,False,False,False,True,False,False
66.03,8746.0,18,2022,0,False,True,False,False,False,False,False,True,False,False,False
19.95,2916.0,18,2022,0,False,False,True,False,False,False,False,False,True,False,False
19.95,8746.0,18,2022,0,False,False,True,False,False,False,False,True,False,False,False
92.42,2916.0,18,2022,0,False,False,True,False,False,False,False,False,True,False,False
92.42,8746.0,18,2022,0,False,False,True,False,False,False,False,True,False,False,False
305.54,2916.0,18,2022,0,False,False,False,True,False,False,False,False,True,False,False
305.54,8746.0,18,2022,0,False,False,False,True,False,False,False,True,False,False,False
350.64,2916.0,18,2022,0,False,True,False,False,False,False,False,False,True,False,False
350.64,8746.0,18,2022,0,False,True,False,False,False,False,False,True,False,False,False
432.33,7731.0,9,2022,0,False,False,True,False,False,True,False,True,False,False,False
432.33,4466.0,9,2022,0,False,False,True,False,False,False,False,True,False,False,False
458.25,7731.0,9,2022,0,True,False,False,False,False,True,False,True,False,False,False
458.25,4466.0,9,2022,0,True,False,False,False,False,False,False,True,False,False,False
418.31,7731.0,9,2022,0,False,False,True,False,False,True,False,True,False,False,False
418.31,4466.0,9,2022,0,False,False,True,False,False,False,False,True,False,False,False
473.21,7731.0,9,2022,0,False,False,True,False,False,True,False,True,False,False,False
473.21,4466.0,9,2022,0,False,False,True,False,False,False,False,True,False,False,False
177.19,7731.0,9,2022,0,False,False,False,False,False,True,False,True,False,False,False
177.19,4466.0,9,2022,0,False,False,False,False,False,False,False,True,False,False,False
205.48,5602.0,43,2022,1,False,False,True,False,False,False,False,False,True,False,True
205.48,4994.0,43,2022,1,False,False,True,False,True,False,False,True,False,False,True
440.27,5602.0,43,2022,1,False,True,False,False,False,False,False,False,True,False,True
440.27,4994.0,43,2022,1,False,True,False,False,True,False,False,True,False,False,True
494.34,2189.0,28,2022,0,False,False,False,False,True,False,False,False,True,False,True
494.34,3818.0,28,2022,0,False,False,False,False,True,False,False,True,False,False,True
368.47,2189.0,28,2022,0,False,True,False,False,True,False,False,False,True,False,True
368.47,3818.0,28,2022,0,False,True,False,False,True,False,False,True,False,False,True
447.67,2189.0,28,2022,0,True,False,False,False,True,False,False,False,True,False,True
447.67,3818.0,28,2022,0,True,False,False,False,True,False,False,True,False,False,True
47.53,2189.0,28,2022,0,False,False,True,False,True,False,False,False,True,False,True
47.53,3818.0,28,2022,0,False,False,True,False,True,False,False,True,False,False,True
101.97,2189.0,28,2022,0,False,True,False,False,True,False,False,False,True,False,True
101.97,3818.0,28,2022,0,False,True,False,False,True,False,False,True,False,False,True
496.06,2189.0,28,2022,0,False,False,False,True,True,False,False,False,True,False,True
496.06,3818.0,28,2022,0,False,False,False,True,True,False,False,True,False,False,True
87.89,2189.0,28,2022,0,True,False,False,False,True,False,False,False,True,False,True
87.89,3818.0,28,2022,0,True,False,False,False,True,False,False,True,False,False,True
430.53,2189.0,28,2022,0,True,False,False,False,True,False,False,False,True,False,True
430.53,3818.0,28,2022,0,True,False,False,False,True,False,False,True,False,False,True
83.08,2189.0,28,2022,0,False,True,False,False,True,False,False,False,True,False,True
83.08,3818.0,28,2022,0,False,True,False,False,True,False,False,True,False,False,True
384.32,-1.0,11,2022,0,False,True,False,False,False,False,True,False,False,False,False
223.03,-1.0,11,2022,0,False,False,False,True,False,False,True,False,False,False,False
189.9,-1.0,11,2022,0,False,False,False,False,False,False,True,False,False,False,False
130.29,-1.0,11,2022,0,False,False,True,False,False,False,True,False,False,False,False
367.4,-1.0,11,2022,0,True,False,False,False,False,False,True,False,False,False,False
38.43,-1.0,11,2022,0,False,True,False,False,False,False,True,False,False,False,False
10.03,-1.0,11,2022,0,False,False,False,False,False,False,True,False,False,False,False
445.04,-1.0,11,2022,0,False,False,False,True,False,False,True,False,False,False,False
301.58,-1.0,11,2022,0,False,True,False,False,False,False,True,False,False,False,False
40.78,4443.0,49,2022,0,False,False,False,True,True,False,False,False,True,True,False
230.01,4443.0,49,2022,0,False,False,False,False,True,False,False,False,True,True,False
428.82,4443.0,49,2022,0,False,False,True,False,True,False,False,False,True,True,False
396.26,4443.0,49,2022,0,True,False,False,False,True,False,False,False,True,True,False
241.32,4443.0,49,2022,0,False,False,True,False,True,False,False,False,True,True,False
193.12,4443.0,49,2022,0,False,False,True,False,True,False,False,False,True,True,False
429.98,4443.0,49,2022,0,True,False,False,False,True,False,False,False,True,True,False
254.73,4443.0,49,2022,0,True,False,False,False,True,False,False,False,True,True,False
350.34,4443.0,49,2022,0,True,False,False,False,True,False,False,False,True,True,False
172.97,2423.0,41,2022,0,False,False,False,True,False,True,False,False,True,False,True
78.67,2423.0,41,2022,0,False,False,False,True,False,True,False,False,True,False,True
132.07,2423.0,41,2022,0,True,False,False,False,False,True,False,False,True,False,True
78.73,2423.0,41,2022,0,False,False,True,False,False,True,False,False,True,False,True
143.03,2443.0,30,2022,0,False,False,False,False,True,False,False,True,False,True,False
83.16,2443.0,30,2022,0,True,False,False,False,True,False,False,True,False,True,False
134.32,2443.0,30,2022,0,False,False,False,True,True,False,False,True,False,True,False
85.81,2443.0,30,2022,0,False,False,False,False,True,False,False,True,False,True,False
194.57,-1.0,44,2022,0,False,True,False,False,False,False,True,False,False,True,False
132.53,-1.0,44,2022,0,False,False,True,False,False,False,True,False,False,True,False
16.41,-1.0,44,2022,0,False,False,True,False,False,False,True,False,False,True,False
82.79,8260.0,27,2022,0,False,False,True,False,True,False,False,True,False,True,False
276.34,8260.0,27,2022,0,False,True,False,False,True,False,False,True,False,True,False
24.4,8260.0,27,2022,0,True,False,False,False,True,False,False,True,False,True,False
480.52,8260.0,27,2022,0,False,False,False,False,True,False,False,True,False,True,False
179.18,8260.0,27,2022,0,False,True,False,False,True,False,False,True,False,True,False
310.32,8260.0,27,2022,0,False,False,False,False,True,False,False,True,False,True,False
167.45,2273.0,26,2022,0,False,True,False,False,True,False,False,False,True,True,False
371.17,2273.0,26,2022,0,False,False,False,True,True,False,False,False,True,True,False
492.19,2273.0,26,2022,0,False,False,True,False,True,False,False,False,True,True,False
84.17,2273.0,26,2022,0,False,False,False,True,True,False,False,False,True,True,False
130.74,2273.0,26,2022,0,False,False,False,True,True,False,False,False,True,True,False
339.92,2273.0,26,2022,0,False,False,False,True,True,False,False,False,True,True,False
364.77,2273.0,26,2022,0,False,False,False,False,True,False,False,False,True,True,False
383.31,2273.0,26,2022,0,False,False,False,False,True,False,False,False,True,True,False
74.37,-1.0,49,2022,1,False,False,False,False,False,False,True,False,False,False,False
249.21,-1.0,49,2022,1,False,True,False,False,False,False,True,False,False,False,False
348.53,-1.0,49,2022,1,False,False,False,True,False,False,True,False,False,False,False
185.54,-1.0,49,2022,1,False,False,True,False,False,False,True,False,False,False,False
48.97,-1.0,49,2022,1,False,False,True,False,False,False,True,False,False,False,False
405.02,-1.0,49,2022,1,False,False,False,True,False,False,True,False,False,False,False
200.72,2578.0,12,2022,1,False,False,True,False,False,False,False,False,True,True,False
133.39,2578.0,12,2022,1,True,False,False,False,False,False,False,False,True,True,False
89.57,2578.0,12,2022,1,False,False,False,True,False,False,False,False,True,True,False
344.87,2578.0,12,2022,1,False,False,True,False,False,False,False,False,True,True,False
301.84,2578.0,12,2022,1,True,False,False,False,False,False,False,False,True,True,False
234.43,2578.0,12,2022,1,False,False,False,True,False,False,False,False,True,True,False
428.38,2578.0,12,2022,1,True,False,False,False,False,False,False,False,True,True,False
77.95,2578.0,12,2022,1,False,False,False,False,False,False,False,False,True,True,False
196.97,2578.0,12,2022,1,True,False,False,False,False,False,False,False,True,True,False
478.9,6450.0,38,2022,0,False,True,False,False,False,False,False,False,True,False,True
478.9,9783.0,38,2022,0,False,True,False,False,True,False,False,True,False,False,True
404.58,6450.0,38,2022,0,False,True,False,False,False,False,False,False,True,False,True
404.58,9783.0,38,2022,0,False,True,False,False,True,False,False,True,False,False,True
465.2,6450.0,38,2022,0,False,False,False,False,False,False,False,False,True,False,True
465.2,9783.0,38,2022,0,False,False,False,False,True,False,False,True,False,False,True
68.99,6450.0,38,2022,0,True,False,False,False,False,False,False,False,True,False,True
68.99,9783.0,38,2022,0,True,False,False,False,True,False,False,True,False,False,True
422.92,6450.0,38,2022,0,True,False,False,False,False,False,False,False,True,False,True
422.92,9783.0,38,2022,0,True,False,False,False,True,False,False,True,False,False,True
164.8,6450.0,38,2022,0,False,True,False,False,False,False,False,False,True,False,True
164.8,9783.0,38,2022,0,False,True,False,False,True,False,False,True,False,False,True
318.34,6450.0,38,2022,0,False,True,False,False,False,False,False,False,True,False,True
318.34,9783.0,38,2022,0,False,True,False,False,True,False,False,True,False,False,True
48.85,6450.0,38,2022,0,False,True,False,False,False,False,False,False,True,False,True
48.85,9783.0,38,2022,0,False,True,False,False,True,False,False,True,False,False,True
388.31,7789.0,27,2022,0,False,False,False,False,True,False,False,False,True,False,False
219.76,3290.0,37,2022,0,False,True,False,False,False,False,False,False,True,False,False
219.76,4173.0,37,2022,0,False,True,False,False,False,True,False,False,True,False,False
30.78,3290.0,37,2022,0,True,False,False,False,False,False,False,False,True,False,False
30.78,4173.0,37,2022,0,True,False,False,False,False,True,False,False,True,False,False
285.77,3290.0,37,2022,0,False,False,False,False,False,False,False,False,True,False,False
285.77,4173.0,37,2022,0,False,False,False,False,False,True,False,False,True,False,False
303.98,-1.0,17,2022,0,False,False,False,False,False,False,True,False,False,False,False
369.51,-1.0,17,2022,0,False,False,False,False,False,False,True,False,False,False,False
353.88,-1.0,17,2022,0,True,False,False,False,False,False,True,False,False,False,False
263.14,-1.0,17,2022,0,False,False,False,False,False,False,True,False,False,False,False
253.91,-1.0,17,2022,0,False,False,True,False,False,False,True,False,False,False,False
286.53,-1.0,17,2022,0,False,False,True,False,False,False,True,False,False,False,False
147.61,-1.0,17,2022,0,False,False,True,False,False,False,True,False,False,False,False
167.42,-1.0,17,2022,0,False,False,True,False,False,False,True,False,False,False,False
439.65,5834.0,46,2022,0,False,False,True,False,True,False,False,False,True,False,False
362.3,5834.0,46,2022,0,True,False,False,False,True,False,False,False,True,False,False
491.76,5834.0,46,2022,0,False,True,False,False,True,False,False,False,True,False,False
345.65,5834.0,46,2022,0,False,False,True,False,True,False,False,False,True,False,False
473.41,-1.0,9,2022,1,False,True,False,False,False,False,True,False,False,True,False
181.71,-1.0,9,2022,1,False,False,False,False,False,False,True,False,False,True,False
440.58,-1.0,9,2022,1,True,False,False,False,False,False,True,False,False,True,False
221.02,-1.0,9,2022,1,False,True,False,False,False,False,True,False,False,True,False
277.38,-1.0,9,2022,1,False,False,True,False,False,False,True,False,False,True,False
473.47,-1.0,9,2022,1,False,False,False,False,False,False,True,False,False,True,False
239.97,7752.0,6,2022,0,False,False,True,False,False,True,False,True,False,True,False
239.97,7777.0,6,2022,0,False,False,True,False,True,False,False,False,True,True,False
411.91,7752.0,6,2022,0,False,False,False,True,False,True,False,True,False,True,False
411.91,7777.0,6,2022,0,False,False,False,True,True,False,False,False,True,True,False
213.21,3095.0,13,2022,0,False,False,False,True,False,True,False,True,False,False,False
213.21,8689.0,13,2022,0,False,False,False,True,True,False,False,False,True,False,False
224.04,3095.0,13,2022,0,True,False,False,False,False,True,False,True,False,False,False
224.04,8689.0,13,2022,0,True,False,False,False,True,False,False,False,True,False,False
95.75,3095.0,13,2022,0,False,False,False,False,False,True,False,True,False,False,False
95.75,8689.0,13,2022,0,False,False,False,False,True,False,False,False,True,False,False
309.05,3095.0,13,2022,0,True,False,False,False,False,True,False,True,False,False,False
309.05,8689.0,13,2022,0,True,False,False,False,True,False,False,False,True,False,False
70.36,3095.0,13,2022,0,False,False,True,False,False,True,False,True,False,False,False
70.36,8689.0,13,2022,0,False,False,True,False,True,False,False,False,True,False,False
373.94,3095.0,13,2022,0,False,False,False,False,False,True,False,True,False,False,False
373.94,8689.0,13,2022,0,False,False,False,False,True,False,False,False,True,False,False
209.25,4948.0,6,2022,0,True,False,False,False,True,False,False,False,True,True,False
440.22,4948.0,6,2022,0,False,False,False,False,True,False,False,False,True,True,False
127.29,6687.0,38,2022,0,True,False,False,False,False,False,False,True,False,False,False
127.29,7564.0,38,2022,0,True,False,False,False,False,False,False,False,True,False,False
57.74,6687.0,38,2022,0,False,False,False,False,False,False,False,True,False,False,False
57.74,7564.0,38,2022,0,False,False,False,False,False,False,False,False,True,False,False
207.32,-1.0,4,2022,0,True,False,False,False,False,False,True,False,False,False,False
85.47,-1.0,4,2022,0,False,True,False,False,False,False,True,False,False,False,False
51.98,-1.0,4,2022,0,False,False,False,False,False,False,True,False,False,False,False
103.23,7122.0,16,2022,1,False,False,True,False,False,False,False,False,True,True,False
126.55,7122.0,16,2022,1,False,False,False,False,False,False,False,False,True,True,False
353.75,7122.0,16,2022,1,False,False,False,True,False,False,False,False,True,True,False
338.66,7122.0,16,2022,1,False,False,False,True,False,False,False,False,True,True,False
17.64,7122.0,16,2022,1,True,False,False,False,False,False,False,False,True,True,False
157.65,6882.0,36,2022,0,False,False,False,True,False,False,False,False,True,False,True
352.12,6882.0,36,2022,0,False,True,False,False,False,False,False,False,True,False,True
445.72,6882.0,36,2022,0,False,False,False,False,False,False,False,False,True,False,True
143.96,6882.0,36,2022,0,False,True,False,False,False,False,False,False,True,False,True
195.78,4983.0,43,2022,1,True,False,False,False,False,True,False,True,False,False,True
195.78,7682.0,43,2022,1,True,False,False,False,False,False,False,True,False,False,True
257.09,4983.0,43,2022,1,False,False,False,True,False,True,False,True,False,False,True
257.09,7682.0,43,2022,1,False,False,False,True,False,False,False,True,False,False,True
148.71,3594.0,14,2022,0,False,False,False,True,False,False,False,True,False,True,False
148.71,9554.0,14,2022,0,False,False,False,True,False,False,False,True,False,True,False
426.34,3594.0,14,2022,0,False,True,False,False,False,False,False,True,False,True,False
426.34,9554.0,14,2022,0,False,True,False,False,False,False,False,True,False,True,False
165.9,-1.0,29,2022,0,True,False,False,False,False,False,True,False,False,False,True
402.88,-1.0,29,2022,0,False,False,False,False,False,False,True,False,False,False,True
147.36,-1.0,29,2022,0,False,False,False,False,False,False,True,False,False,False,True
373.58,-1.0,24,2022,0,False,True,False,False,False,False,True,False,False,False,True
359.85,-1.0,24,2022,0,False,False,True,False,False,False,True,False,False,False,True
210.25,-1.0,24,2022,0,False,False,True,False,False,False,True,False,False,False,True
355.3,-1.0,24,2022,0,False,False,False,False,False,False,True,False,False,False,True
26.64,-1.0,24,2022,0,False,False,False,True,False,False,True,False,False,False,True
119.55,-1.0,24,2022,0,False,False,False,False,False,False,True,False,False,False,True
384.59,-1.0,24,2022,0,True,False,False,False,False,False,True,False,False,False,True
181.74,-1.0,24,2022,0,False,False,False,False,False,False,True,False,False,False,True
104.64,-1.0,24,2022,0,True,False,False,False,False,False,True,False,False,False,True
264.66,-1.0,39,2022,0,False,False,False,False,False,False,True,False,False,False,False
94.01,-1.0,39,2022,0,False,False,False,False,False,False,True,False,False,False,False
41.24,7189.0,39,2022,0,False,False,True,False,False,False,False,False,True,True,False
41.24,7293.0,39,2022,0,False,False,True,False,False,True,False,True,False,True,False
379.11,7189.0,39,2022,0,False,False,False,True,False,False,False,False,True,True,False
379.11,7293.0,39,2022,0,False,False,False,True,False,True,False,True,False,True,False
379.16,7189.0,39,2022,0,False,False,False,True,False,False,False,False,True,True,False
379.16,7293.0,39,2022,0,False,False,False,True,False,True,False,True,False,True,False
381.24,7189.0,39,2022,0,False,False,False,True,False,False,False,False,True,True,False
381.24,7293.0,39,2022,0,False,False,False,True,False,True,False,True,False,True,False
264.8,7189.0,39,2022,0,False,False,False,False,False,False,False,False,True,True,False
264.8,7293.0,39,2022,0,False,False,False,False,False,True,False,True,False,True,False
24.61,7189.0,39,2022,0,False,True,False,False,False,False,False,False,True,True,False
24.61,7293.0,39,2022,0,False,True,False,False,False,True,False,True,False,True,False
317.34,7189.0,39,2022,0,False,True,False,False,False,False,False,False,True,True,False
317.34,7293.0,39,2022,0,False,True,False,False,False,True,False,True,False,True,False
352.76,7189.0,39,2022,0,False,False,False,False,False,False,False,False,True,True,False
352.76,7293.0,39,2022,0,False,False,False,False,False,True,False,True,False,True,False
376.14,4572.0,45,2022,0,False,False,True,False,True,False,False,False,True,False,False
376.14,3549.0,45,2022,0,False,False,True,False,False,False,False,False,True,False,False
361.36,4572.0,45,2022,0,False,False,False,False,True,False,False,False,True,False,False
361.36,3549.0,45,2022,0,False,False,False,False,False,False,False,False,True,False,False
260.8,4572.0,45,2022,0,False,True,False,False,True,False,False,False,True,False,False
260.8,3549.0,45,2022,0,False,True,False,False,False,False,False,False,True,False,False
303.65,4572.0,45,2022,0,True,False,False,False,True,False,False,False,True,False,False
303.65,3549.0,45,2022,0,True,False,False,False,False,False,False,False,True,False,False
196.6,4572.0,45,2022,0,False,False,True,False,True,False,False,False,True,False,False
196.6,3549.0,45,2022,0,False,False,True,False,False,False,False,False,True,False,False
240.98,4572.0,45,2022,0,False,False,False,False,True,False,False,False,True,False,False
240.98,3549.0,45,2022,0,False,False,False,False,False,False,False,False,True,False,False
423.56,4572.0,45,2022,0,False,False,False,False,True,False,False,False,True,False,False
423.56,3549.0,45,2022,0,False,False,False,False,False,False,False,False,True,False,False
431.48,4572.0,45,2022,0,True,False,False,False,True,False,False,False,True,False,False
431.48,3549.0,45,2022,0,True,False,False,False,False,False,False,False,True,False,False
433.34,4572.0,45,2022,0,False,False,False,True,True,False,False,False,True,False,False
433.34,3549.0,45,2022,0,False,False,False,True,False,False,False,False,True,False,False
291.44,-1.0,25,2022,0,False,False,False,False,False,False,True,False,False,False,True
459.74,-1.0,25,2022,0,False,False,True,False,False,False,True,False,False,False,True
298.78,-1.0,25,2022,0,False,False,False,False,False,False,True,False,False,False,True
70.02,-1.0,46,2022,0,True,False,False,False,False,False,True,False,False,False,True
161.18,-1.0,46,2022,0,False,False,False,True,False,False,True,False,False,False,True
438.46,-1.0,46,2022,0,True,False,False,False,False,False,True,False,False,False,True
438.49,-1.0,46,2022,0,False,False,True,False,False,False,True,False,False,False,True
446.46,-1.0,46,2022,0,False,False,False,False,False,False,True,False,False,False,True
494.3,-1.0,46,2022,0,False,True,False,False,False,False,True,False,False,False,True
76.7,-1.0,46,2022,0,False,True,False,False,False,False,True,False,False,False,True
371.93,5241.0,46,2022,0,False,False,False,True,True,False,False,True,False,False,False
184.93,5241.0,46,2022,0,False,True,False,False,True,False,False,True,False,False,False
483.2,5241.0,46,2022,0,False,False,False,False,True,False,False,True,False,False,False
280.76,5241.0,46,2022,0,True,False,False,False,True,False,False,True,False,False,False
227.3,5241.0,46,2022,0,False,False,False,False,True,False,False,True,False,False,False
274.42,5241.0,46,2022,0,False,False,True,False,True,False,False,True,False,False,False
100.29,-1.0,3,2022,0,True,False,False,False,False,False,True,False,False,False,True
293.7,-1.0,3,2022,0,False,True,False,False,False,False,True,False,False,False,True
426.21,2434.0,42,2022,0,True,False,False,False,True,False,False,True,False,True,False
83.91,2434.0,42,2022,0,False,False,False,False,True,False,False,True,False,True,False
348.25,2434.0,42,2022,0,True,False,False,False,True,False,False,True,False,True,False
444.42,2434.0,42,2022,0,False,False,False,True,True,False,False,True,False,True,False
274.97,2434.0,42,2022,0,False,False,False,True,True,False,False,True,False,True,False
281.8,2434.0,42,2022,0,False,True,False,False,True,False,False,True,False,True,False
272.98,2434.0,42,2022,0,False,False,False,True,True,False,False,True,False,True,False
314.72,4107.0,27,2022,0,False,False,True,False,True,False,False,True,False,True,False
314.72,8568.0,27,2022,0,False,False,True,False,True,False,False,False,True,True,False
382.14,4107.0,27,2022,0,False,False,False,True,True,False,False,True,False,True,False
382.14,8568.0,27,2022,0,False,False,False,True,True,False,False,False,True,True,False
483.12,4107.0,27,2022,0,False,False,False,False,True,False,False,True,False,True,False
483.12,8568.0,27,2022,0,False,False,False,False,True,False,False,False,True,True,False
30.81,-1.0,12,2022,0,False,True,False,False,False,False,True,False,False,True,False
451.1,-1.0,12,2022,0,False,False,False,True,False,False,True,False,False,True,False
283.11,-1.0,12,2022,0,True,False,False,False,False,False,True,False,False,True,False
369.73,-1.0,12,2022,0,False,False,False,False,False,False,True,False,False,True,False
154.47,-1.0,12,2022,0,False,False,True,False,False,False,True,False,False,True,False
433.75,-1.0,12,2022,0,True,False,False,False,False,False,True,False,False,True,False
251.49,4076.0,43,2022,0,False,True,False,False,False,False,False,False,True,False,True
183.9,4076.0,43,2022,0,False,False,False,False,False,False,False,False,True,False,True
356.29,4076.0,43,2022,0,False,False,True,False,False,False,False,False,True,False,True
422.59,4076.0,43,2022,0,False,False,True,False,False,False,False,False,True,False,True
156.5,4076.0,43,2022,0,True,False,False,False,False,False,False,False,True,False,True
490.24,4076.0,43,2022,0,False,False,False,False,False,False,False,False,True,False,True
290.65,4076.0,43,2022,0,False,False,False,False,False,False,False,False,True,False,True
7.26,-1.0,2,2022,1,False,False,True,False,False,False,True,False,False,False,False
196.08,-1.0,2,2022,1,False,False,False,True,False,False,True,False,False,False,False
349.93,3871.0,38,2022,0,False,False,True,False,True,False,False,True,False,True,False
197.96,3871.0,38,2022,0,True,False,False,False,True,False,False,True,False,True,False
286.43,3871.0,38,2022,0,True,False,False,False,True,False,False,True,False,True,False
120.95,3871.0,38,2022,0,True,False,False,False,True,False,False,True,False,True,False
35.65,3871.0,38,2022,0,False,False,False,False,True,False,False,True,False,True,False
378.48,3871.0,38,2022,0,True,False,False,False,True,False,False,True,False,True,False
213.99,-1.0,26,2022,1,False,False,False,True,False,False,True,False,False,True,False
269.33,-1.0,26,2022,1,False,False,False,True,False,False,True,False,False,True,False
161.9,-1.0,26,2022,1,False,False,False,False,False,False,True,False,False,True,False
277.2,-1.0,26,2022,1,False,False,False,False,False,False,True,False,False,True,False
46.83,-1.0,26,2022,1,False,True,False,False,False,False,True,False,False,True,False
367.5,-1.0,26,2022,1,False,False,True,False,False,False,True,False,False,True,False
60.77,-1.0,26,2022,1,False,False,False,True,False,False,True,False,False,True,False
351.1,-1.0,26,2022,1,True,False,False,False,False,False,True,False,False,True,False
412.33,-1.0,26,2022,1,False,False,True,False,False,False,True,False,False,True,False
27.71,-1.0,29,2022,0,False,False,False,False,False,False,True,False,False,False,False
281.41,-1.0,29,2022,0,False,False,False,False,False,False,True,False,False,False,False
75.0,-1.0,29,2022,0,False,False,False,False,False,False,True,False,False,False,False
377.69,-1.0,29,2022,0,False,False,False,False,False,False,True,False,False,False,False
328.32,-1.0,29,2022,0,True,False,False,False,False,False,True,False,False,False,False
339.72,-1.0,45,2022,0,False,True,False,False,False,False,True,False,False,True,False
236.75,-1.0,45,2022,0,False,True,False,False,False,False,True,False,False,True,False
172.34,-1.0,45,2022,0,False,False,False,True,False,False,True,False,False,True,False
135.45,-1.0,45,2022,0,False,False,True,False,False,False,True,False,False,True,False
84.91,-1.0,45,2022,0,False,True,False,False,False,False,True,False,False,True,False
453.42,-1.0,45,2022,0,False,True,False,False,False,False,True,False,False,True,False
436.64,-1.0,45,2022,0,False,False,False,True,False,False,True,False,False,True,False
499.51,7222.0,30,2022,1,False,False,True,False,False,True,False,True,False,False,True
499.51,6539.0,30,2022,1,False,False,True,False,False,True,False,False,True,False,True
438.02,7222.0,30,2022,1,False,False,True,False,False,True,False,True,False,False,True
438.02,6539.0,30,2022,1,False,False,True,False,False,True,False,False,True,False,True
457.88,7222.0,30,2022,1,False,False,False,True,False,True,False,True,False,False,True
457.88,6539.0,30,2022,1,False,False,False,True,False,True,False,False,True,False,True
401.7,7222.0,30,2022,1,False,False,False,True,False,True,False,True,False,False,True
401.7,6539.0,30,2022,1,False,False,False,True,False,True,False,False,True,False,True
487.01,7222.0,30,2022,1,False,False,True,False,False,True,False,True,False,False,True
487.01,6539.0,30,2022,1,False,False,True,False,False,True,False,False,True,False,True
152.13,7222.0,30,2022,1,False,False,False,False,False,True,False,True,False,False,True
152.13,6539.0,30,2022,1,False,False,False,False,False,True,False,False,True,False,True
166.5,-1.0,38,2022,0,False,True,False,False,False,False,True,False,False,True,False
481.23,-1.0,38,2022,0,False,False,False,False,False,False,True,False,False,True,False
481.22,-1.0,38,2022,0,False,False,True,False,False,False,True,False,False,True,False
13.95,-1.0,38,2022,0,False,False,True,False,False,False,True,False,False,True,False
126.14,-1.0,38,2022,0,False,False,False,True,False,False,True,False,False,True,False
341.62,-1.0,38,2022,0,False,False,False,True,False,False,True,False,False,True,False
256.55,-1.0,38,2022,0,False,False,True,False,False,False,True,False,False,True,False
472.36,-1.0,41,2022,0,False,False,False,True,False,False,True,False,False,True,False
180.83,5265.0,32,2022,0,False,True,False,False,True,False,False,True,False,True,False
466.53,5265.0,32,2022,0,False,False,False,True,True,False,False,True,False,True,False
403.85,5265.0,32,2022,0,False,False,False,True,True,False,False,True,False,True,False
222.58,2621.0,38,2022,0,True,False,False,False,False,False,False,True,False,True,False
182.8,2621.0,38,2022,0,False,True,False,False,False,False,False,True,False,True,False
212.7,2621.0,38,2022,0,False,False,True,False,False,False,False,True,False,True,False
423.99,2621.0,38,2022,0,False,False,True,False,False,False,False,True,False,True,False
86.54,2621.0,38,2022,0,False,True,False,False,False,False,False,True,False,True,False
422.24,2621.0,38,2022,0,False,False,False,False,False,False,False,True,False,True,False
366.96,5938.0,21,2022,0,False,False,False,False,False,False,False,True,False,False,False
366.96,6866.0,21,2022,0,False,False,False,False,True,False,False,False,True,False,False
496.44,5938.0,21,2022,0,True,False,False,False,False,False,False,True,False,False,False
496.44,6866.0,21,2022,0,True,False,False,False,True,False,False,False,True,False,False
366.48,5938.0,21,2022,0,False,False,False,True,False,False,False,True,False,False,False
366.48,6866.0,21,2022,0,False,False,False,True,True,False,False,False,True,False,False
388.18,5938.0,21,2022,0,False,False,False,True,False,False,False,True,False,False,False
388.18,6866.0,21,2022,0,False,False,False,True,True,False,False,False,True,False,False
449.01,5938.0,21,2022,0,False,False,False,True,False,False,False,True,False,False,False
449.01,6866.0,21,2022,0,False,False,False,True,True,False,False,False,True,False,False
41.32,5938.0,21,2022,0,True,False,False,False,False,False,False,True,False,False,False
41.32,6866.0,21,2022,0,True,False,False,False,True,False,False,False,True,False,False
249.65,5938.0,21,2022,0,False,False,True,False,False,False,False,True,False,False,False
249.65,6866.0,21,2022,0,False,False,True,False,True,False,False,False,True,False,False
227.64,9434.0,8,2022,0,False,False,False,False,True,False,False,False,True,False,True
262.86,9434.0,8,2022,0,False,False,False,False,True,False,False,False,True,False,True
471.98,9434.0,8,2022,0,False,False,True,False,True,False,False,False,True,False,True
460.59,-1.0,6,2022,0,False,True,False,False,False,False,True,False,False,False,True
77.47,-1.0,6,2022,0,True,False,False,False,False,False,True,False,False,False,True
15.56,-1.0,4,2022,0,False,False,False,True,False,False,True,False,False,False,True
496.06,-1.0,4,2022,0,False,False,False,True,False,False,True,False,False,False,True
305.3,-1.0,4,2022,0,True,False,False,False,False,False,True,False,False,False,True
92.55,-1.0,4,2022,0,True,False,False,False,False,False,True,False,False,False,True
421.93,-1.0,4,2022,0,False,False,False,True,False,False,True,False,False,False,True
116.83,5071.0,17,2022,1,False,False,True,False,True,False,False,True,False,False,False
107.03,5071.0,17,2022,1,False,False,False,True,True,False,False,True,False,False,False
276.62,5071.0,17,2022,1,False,False,False,True,True,False,False,True,False,False,False
313.02,5071.0,17,2022,1,False,False,False,True,True,False,False,True,False,False,False
273.28,5071.0,17,2022,1,False,True,False,False,True,False,False,True,False,False,False
263.66,5071.0,17,2022,1,False,False,True,False,True,False,False,True,False,False,False
408.72,5071.0,17,2022,1,False,False,True,False,True,False,False,True,False,False,False
343.32,5071.0,17,2022,1,True,False,False,False,True,False,False,True,False,False,False
334.92,5071.0,17,2022,1,False,False,False,True,True,False,False,True,False,False,False
93.23,4840.0,21,2022,0,False,False,False,False,False,False,False,False,True,False,False
93.23,4781.0,21,2022,0,False,False,False,False,False,True,False,True,False,False,False
69.39,4840.0,21,2022,0,True,False,False,False,False,False,False,False,True,False,False
69.39,4781.0,21,2022,0,True,False,False,False,False,True,False,True,False,False,False
176.51,4840.0,21,2022,0,True,False,False,False,False,False,False,False,True,False,False
176.51,4781.0,21,2022,0,True,False,False,False,False,True,False,True,False,False,False
190.29,4840.0,21,2022,0,False,False,False,False,False,False,False,False,True,False,False
190.29,4781.0,21,2022,0,False,False,False,False,False,True,False,True,False,False,False
369.25,4840.0,21,2022,0,False,False,True,False,False,False,False,False,True,False,False
369.25,4781.0,21,2022,0,False,False,True,False,False,True,False,True,False,False,False
321.36,4840.0,21,2022,0,False,True,False,False,False,False,False,False,True,False,False
321.36,4781.0,21,2022,0,False,True,False,False,False,True,False,True,False,False,False
48.33,4840.0,21,2022,0,False,True,False,False,False,False,False,False,True,False,False
48.33,4781.0,21,2022,0,False,True,False,False,False,True,False,True,False,False,False
225.33,4840.0,21,2022,0,False,True,False,False,False,False,False,False,True,False,False
225.33,4781.0,21,2022,0,False,True,False,False,False,True,False,True,False,False,False
56.57,4840.0,21,2022,0,False,False,True,False,False,False,False,False,True,False,False
56.57,4781.0,21,2022,0,False,False,True,False,False,True,False,True,False,False,False
211.06,7290.0,4,2022,1,False,False,False,True,True,False,False,False,True,False,True
211.06,8905.0,4,2022,1,False,False,False,True,True,False,False,False,True,False,True
393.11,7290.0,4,2022,1,False,False,False,False,True,False,False,False,True,False,True
393.11,8905.0,4,2022,1,False,False,False,False,True,False,False,False,True,False,True
75.14,7290.0,4,2022,1,False,False,True,False,True,False,False,False,True,False,True
75.14,8905.0,4,2022,1,False,False,True,False,True,False,False,False,True,False,True
76.62,7290.0,4,2022,1,False,False,False,False,True,False,False,False,True,False,True
76.62,8905.0,4,2022,1,False,False,False,False,True,False,False,False,True,False,True
98.8,9871.0,35,2022,1,False,True,False,False,True,False,False,False,True,False,True
390.49,9871.0,35,2022,1,False,False,True,False,True,False,False,False,True,False,True
200.21,9871.0,35,2022,1,False,True,False,False,True,False,False,False,True,False,True
395.48,9871.0,35,2022,1,False,False,False,True,True,False,False,False,True,False,True
337.37,9871.0,35,2022,1,False,False,False,True,True,False,False,False,True,False,True
166.77,9871.0,35,2022,1,False,False,True,False,True,False,False,False,True,False,True
390.44,9871.0,35,2022,1,False,False,False,True,True,False,False,False,True,False,True
393.67,9871.0,35,2022,1,False,False,False,False,True,False,False,False,True,False,True
125.52,4200.0,30,2022,0,False,False,True,False,False,False,False,True,False,False,False
487.42,4200.0,30,2022,0,False,False,False,False,False,False,False,True,False,False,False
102.66,4200.0,30,2022,0,False,True,False,False,False,False,False,True,False,False,False
352.54,-1.0,27,2022,1,False,False,True,False,False,False,True,False,False,True,False
49.87,-1.0,27,2022,1,False,False,True,False,False,False,True,False,False,True,False
106.48,7410.0,12,2022,0,False,False,False,True,False,False,False,True,False,False,True
106.48,7990.0,12,2022,0,False,False,False,True,True,False,False,False,True,False,True
126.27,7410.0,12,2022,0,False,False,False,True,False,False,False,True,False,False,True
126.27,7990.0,12,2022,0,False,False,False,True,True,False,False,False,True,False,True
322.33,5828.0,48,2022,0,True,False,False,False,False,False,False,False,True,False,False
85.33,5828.0,48,2022,0,False,False,True,False,False,False,False,False,True,False,False
359.89,-1.0,20,2022,0,True,False,False,False,False,False,True,False,False,True,False
290.97,-1.0,20,2022,0,False,False,False,False,False,False,True,False,False,True,False
451.75,-1.0,20,2022,0,False,False,False,True,False,False,True,False,False,True,False
105.43,-1.0,20,2022,0,False,False,False,False,False,False,True,False,False,True,False
469.78,-1.0,20,2022,0,True,False,False,False,False,False,True,False,False,True,False
18.86,-1.0,20,2022,0,False,False,False,False,False,False,True,False,False,True,False
179.68,-1.0,20,2022,0,False,False,False,False,False,False,True,False,False,True,False
93.88,-1.0,40,2022,0,False,True,False,False,False,False,True,False,False,True,False
183.97,-1.0,40,2022,0,False,False,True,False,False,False,True,False,False,True,False
38.95,-1.0,40,2022,0,True,False,False,False,False,False,True,False,False,True,False
467.16,-1.0,40,2022,0,True,False,False,False,False,False,True,False,False,True,False
243.9,3771.0,44,2022,0,True,False,False,False,False,False,False,False,True,True,False
243.9,6303.0,44,2022,0,True,False,False,False,True,False,False,True,False,True,False
226.48,3771.0,44,2022,0,False,True,False,False,False,False,False,False,True,True,False
226.48,6303.0,44,2022,0,False,True,False,False,True,False,False,True,False,True,False
398.84,3771.0,44,2022,0,False,True,False,False,False,False,False,False,True,True,False
398.84,6303.0,44,2022,0,False,True,False,False,True,False,False,True,False,True,False
179.95,3771.0,44,2022,0,False,False,True,False,False,False,False,False,True,True,False
179.95,6303.0,44,2022,0,False,False,True,False,True,False,False,True,False,True,False
122.19,3771.0,44,2022,0,False,False,False,True,False,False,False,False,True,True,False
122.19,6303.0,44,2022,0,False,False,False,True,True,False,False,True,False,True,False
224.72,3771.0,44,2022,0,False,False,False,True,False,False,False,False,True,True,False
224.72,6303.0,44,2022,0,False,False,False,True,True,False,False,True,False,True,False
281.0,3771.0,44,2022,0,False,True,False,False,False,False,False,False,True,True,False
281.0,6303.0,44,2022,0,False,True,False,False,True,False,False,True,False,True,False
38.82,3755.0,41,2022,0,False,False,True,False,True,False,False,True,False,True,False
38.82,5185.0,41,2022,0,False,False,True,False,False,True,False,True,False,True,False
222.87,3755.0,41,2022,0,False,False,False,False,True,False,False,True,False,True,False
222.87,5185.0,41,2022,0,False,False,False,False,False,True,False,True,False,True,False
407.33,3755.0,41,2022,0,False,False,False,True,True,False,False,True,False,True,False
407.33,5185.0,41,2022,0,False,False,False,True,False,True,False,True,False,True,False
355.8,3755.0,41,2022,0,False,False,False,False,True,False,False,True,False,True,False
355.8,5185.0,41,2022,0,False,False,False,False,False,True,False,True,False,True,False
432.45,3755.0,41,2022,0,True,False,False,False,True,False,False,True,False,True,False
432.45,5185.0,41,2022,0,True,False,False,False,False,True,False,True,False,True,False
252.09,3755.0,41,2022,0,False,False,True,False,True,False,False,True,False,True,False
252.09,5185.0,41,2022,0,False,False,True,False,False,True,False,True,False,True,False
373.82,5573.0,33,2022,1,False,True,False,False,True,False,False,False,True,True,False
440.22,5573.0,33,2022,1,False,True,False,False,True,False,False,False,True,True,False
248.9,5573.0,33,2022,1,False,True,False,False,True,False,False,False,True,True,False
184.02,5573.0,33,2022,1,False,True,False,False,True,False,False,False,True,True,False
420.57,5573.0,33,2022,1,False,False,False,True,True,False,False,False,True,True,False
231.03,9373.0,10,2022,0,False,False,True,False,False,True,False,True,False,False,True
225.15,9373.0,10,2022,0,False,False,False,True,False,True,False,True,False,False,True
167.31,9373.0,10,2022,0,False,True,False,False,False,True,False,True,False,False,True
125.31,3755.0,5,2022,1,False,True,False,False,False,True,False,False,True,False,False
125.31,5610.0,5,2022,1,False,True,False,False,False,False,False,True,False,False,False
49.07,3755.0,5,2022,1,False,False,False,False,False,True,False,False,True,False,False
49.07,5610.0,5,2022,1,False,False,False,False,False,False,False,True,False,False,False
199.57,3755.0,5,2022,1,False,False,False,False,False,True,False,False,True,False,False
199.57,5610.0,5,2022,1,False,False,False,False,False,False,False,True,False,False,False
5.65,3755.0,5,2022,1,True,False,False,False,False,True,False,False,True,False,False
5.65,5610.0,5,2022,1,True,False,False,False,False,False,False,True,False,False,False
327.34,3755.0,5,2022,1,True,False,False,False,False,True,False,False,True,False,False
327.34,5610.0,5,2022,1,True,False,False,False,False,False,False,True,False,False,False
280.27,3755.0,5,2022,1,False,True,False,False,False,True,False,False,True,False,False
280.27,5610.0,5,2022,1,False,True,False,False,False,False,False,True,False,False,False
273.55,3755.0,5,2022,1,False,True,False,False,False,True,False,False,True,False,False
273.55,5610.0,5,2022,1,False,True,False,False,False,False,False,True,False,False,False
465.75,3755.0,5,2022,1,False,True,False,False,False,True,False,False,True,False,False
465.75,5610.0,5,2022,1,False,True,False,False,False,False,False,True,False,False,False
27.84,7400.0,11,2022,1,True,False,False,False,False,True,False,True,False,False,False
27.84,2766.0,11,2022,1,True,False,False,False,False,False,False,False,True,False,False
55.14,7400.0,11,2022,1,True,False,False,False,False,True,False,True,False,False,False
55.14,2766.0,11,2022,1,True,False,False,False,False,False,False,False,True,False,False
376.33,7400.0,11,2022,1,True,False,False,False,False,True,False,True,False,False,False
376.33,2766.0,11,2022,1,True,False,False,False,False,False,False,False,True,False,False
420.33,7400.0,11,2022,1,False,False,False,True,False,True,False,True,False,False,False
420.33,2766.0,11,2022,1,False,False,False,True,False,False,False,False,True,False,False
411.31,7400.0,11,2022,1,False,False,False,False,False,True,False,True,False,False,False
411.31,2766.0,11,2022,1,False,False,False,False,False,False,False,False,True,False,False
57.56,7400.0,11,2022,1,False,False,False,False,False,True,False,True,False,False,False
57.56,2766.0,11,2022,1,False,False,False,False,False,False,False,False,True,False,False
369.13,7400.0,11,2022,1,True,False,False,False,False,True,False,True,False,False,False
369.13,2766.0,11,2022,1,True,False,False,False,False,False,False,False,True,False,False
437.52,7400.0,11,2022,1,True,False,False,False,False,True,False,True,False,False,False
437.52,2766.0,11,2022,1,True,False,False,False,False,False,False,False,True,False,False
201.78,7400.0,11,2022,1,True,False,False,False,False,True,False,True,False,False,False
201.78,2766.0,11,2022,1,True,False,False,False,False,False,False,False,True,False,False
80.94,-1.0,21,2022,0,False,False,True,False,False,False,True,False,False,False,False
17.79,-1.0,21,2022,0,False,False,False,False,False,False,True,False,False,False,False
250.65,-1.0,21,2022,0,False,False,True,False,False,False,True,False,False,False,False
117.95,-1.0,21,2022,0,False,False,False,True,False,False,True,False,False,False,False
63.38,-1.0,21,2022,0,False,False,True,False,False,False,True,False,False,False,False
463.01,-1.0,21,2022,0,False,False,False,True,False,False,True,False,False,False,False
169.67,-1.0,21,2022,0,False,False,False,False,False,False,True,False,False,False,False
55.54,-1.0,21,2022,0,True,False,False,False,False,False,True,False,False,False,False
164.66,-1.0,21,2022,0,False,False,False,True,False,False,True,False,False,False,False
215.12,5771.0,20,2022,0,False,True,False,False,False,False,False,False,True,True,False
215.12,9965.0,20,2022,0,False,True,False,False,True,False,False,True,False,True,False
389.34,-1.0,44,2022,0,False,True,False,False,False,False,True,False,False,False,False
78.04,-1.0,44,2022,0,False,False,False,True,False,False,True,False,False,False,False
453.92,-1.0,44,2022,0,False,False,True,False,False,False,True,False,False,False,False
422.08,-1.0,44,2022,0,True,False,False,False,False,False,True,False,False,False,False
372.27,-1.0,44,2022,0,True,False,False,False,False,False,True,False,False,False,False
299.66,-1.0,44,2022,0,False,True,False,False,False,False,True,False,False,False,False
243.88,-1.0,44,2022,0,False,False,True,False,False,False,True,False,False,False,False
382.95,-1.0,44,2022,0,False,True,False,False,False,False,True,False,False,False,False
419.28,9640.0,9,2022,0,False,False,False,False,True,False,False,True,False,True,False
139.97,9640.0,9,2022,0,False,False,True,False,True,False,False,True,False,True,False
455.09,9640.0,9,2022,0,False,False,False,False,True,False,False,True,False,True,False
420.57,9640.0,9,2022,0,False,True,False,False,True,False,False,True,False,True,False
339.06,9640.0,9,2022,0,True,False,False,False,True,False,False,True,False,True,False
229.29,9640.0,9,2022,0,False,False,False,True,True,False,False,True,False,True,False
251.5,9640.0,9,2022,0,False,True,False,False,True,False,False,True,False,True,False
280.29,9640.0,9,2022,0,False,True,False,False,True,False,False,True,False,True,False
424.57,9640.0,9,2022,0,False,False,True,False,True,False,False,True,False,True,False
225.49,2659.0,30,2022,0,True,False,False,False,False,True,False,False,True,False,False
225.49,5885.0,30,2022,0,True,False,False,False,True,False,False,True,False,False,False
308.88,2659.0,30,2022,0,False,True,False,False,False,True,False,False,True,False,False
308.88,5885.0,30,2022,0,False,True,False,False,True,False,False,True,False,False,False
396.71,2659.0,30,2022,0,False,False,False,True,False,True,False,False,True,False,False
396.71,5885.0,30,2022,0,False,False,False,True,True,False,False,True,False,False,False
351.24,2659.0,30,2022,0,False,True,False,False,False,True,False,False,True,False,False
351.24,5885.0,30,2022,0,False,True,False,False,True,False,False,True,False,False,False
346.33,2659.0,30,2022,0,False,True,False,False,False,True,False,False,True,False,False
346.33,5885.0,30,2022,0,False,True,False,False,True,False,False,True,False,False,False
20.27,2659.0,30,2022,0,False,False,True,False,False,True,False,False,True,False,False
20.27,5885.0,30,2022,0,False,False,True,False,True,False,False,True,False,False,False
443.38,2659.0,30,2022,0,False,False,False,False,False,True,False,False,True,False,False
443.38,5885.0,30,2022,0,False,False,False,False,True,False,False,True,False,False,False
260.8,2659.0,30,2022,0,False,False,True,False,False,True,False,False,True,False,False
260.8,5885.0,30,2022,0,False,False,True,False,True,False,False,True,False,False,False
191.59,2659.0,30,2022,0,False,True,False,False,False,True,False,False,True,False,False
191.59,5885.0,30,2022,0,False,True,False,False,True,False,False,True,False,False,False
430.04,3529.0,48,2022,0,False,False,True,False,True,False,False,True,False,True,False
480.46,3529.0,48,2022,0,False,False,False,True,True,False,False,True,False,True,False
30.35,3529.0,48,2022,0,False,False,True,False,True,False,False,True,False,True,False
393.05,3529.0,48,2022,0,False,False,False,True,True,False,False,True,False,True,False
393.55,3529.0,48,2022,0,False,False,False,True,True,False,False,True,False,True,False
27.78,3529.0,48,2022,0,False,False,True,False,True,False,False,True,False,True,False
163.2,3529.0,48,2022,0,False,True,False,False,True,False,False,True,False,True,False
351.93,3529.0,48,2022,0,False,False,True,False,True,False,False,True,False,True,False
283.09,-1.0,4,2022,0,False,True,False,False,False,False,True,False,False,False,False
377.81,-1.0,4,2022,0,False,False,True,False,False,False,True,False,False,False,False
299.6,-1.0,4,2022,0,False,True,False,False,False,False,True,False,False,False,False
42.44,-1.0,4,2022,0,False,True,False,False,False,False,True,False,False,False,False
343.82,-1.0,4,2022,0,False,False,True,False,False,False,True,False,False,False,False
78.96,3569.0,9,2022,0,False,False,True,False,True,False,False,False,True,False,True
435.9,3569.0,9,2022,0,False,False,False,True,True,False,False,False,True,False,True
357.78,3569.0,9,2022,0,False,False,True,False,True,False,False,False,True,False,True
15.18,3569.0,9,2022,0,True,False,False,False,True,False,False,False,True,False,True
358.68,3569.0,9,2022,0,True,False,False,False,True,False,False,False,True,False,True
453.89,3569.0,9,2022,0,True,False,False,False,True,False,False,False,True,False,True
26.51,3569.0,9,2022,0,False,False,False,True,True,False,False,False,True,False,True
446.73,-1.0,40,2022,0,False,False,False,True,False,False,True,False,False,True,False
78.73,-1.0,40,2022,0,False,False,False,False,False,False,True,False,False,True,False
338.42,-1.0,40,2022,0,True,False,False,False,False,False,True,False,False,True,False
366.54,-1.0,40,2022,0,False,False,False,True,False,False,True,False,False,True,False
464.5,-1.0,40,2022,0,False,False,True,False,False,False,True,False,False,True,False
181.73,-1.0,40,2022,0,True,False,False,False,False,False,True,False,False,True,False
29.45,-1.0,40,2022,0,False,False,True,False,False,False,True,False,False,True,False
358.27,3069.0,3,2022,0,False,True,False,False,False,False,False,True,False,False,True
358.27,8546.0,3,2022,0,False,True,False,False,True,False,False,True,False,False,True
173.25,3069.0,3,2022,0,False,True,False,False,False,False,False,True,False,False,True
173.25,8546.0,3,2022,0,False,True,False,False,True,False,False,True,False,False,True
403.23,3069.0,3,2022,0,False,False,False,True,False,False,False,True,False,False,True
403.23,8546.0,3,2022,0,False,False,False,True,True,False,False,True,False,False,True
217.34,3069.0,3,2022,0,False,False,False,False,False,False,False,True,False,False,True
217.34,8546.0,3,2022,0,False,False,False,False,True,False,False,True,False,False,True
329.31,3069.0,3,2022,0,True,False,False,False,False,False,False,True,False,False,True
329.31,8546.0,3,2022,0,True,False,False,False,True,False,False,True,False,False,True
54.81,3069.0,3,2022,0,False,False,False,True,False,False,False,True,False,False,True
54.81,8546.0,3,2022,0,False,False,False,True,True,False,False,True,False,False,True
93.4,3069.0,3,2022,0,True,False,False,False,False,False,False,True,False,False,True
93.4,8546.0,3,2022,0,True,False,False,False,True,False,False,True,False,False,True
449.2,3069.0,3,2022,0,False,False,False,True,False,False,False,True,False,False,True
449.2,8546.0,3,2022,0,False,False,False,True,True,False,False,True,False,False,True
268.61,3069.0,3,2022,0,False,True,False,False,False,False,False,True,False,False,True
268.61,8546.0,3,2022,0,False,True,False,False,True,False,False,True,False,False,True
84.17,9133.0,38,2022,0,False,False,True,False,False,True,False,False,True,True,False
390.43,9133.0,38,2022,0,False,False,False,False,False,True,False,False,True,True,False
120.87,9133.0,38,2022,0,False,True,False,False,False,True,False,False,True,True,False
269.53,9133.0,38,2022,0,False,False,False,True,False,True,False,False,True,True,False
179.78,5900.0,25,2022,0,False,False,False,False,False,False,False,False,True,False,True
179.78,4936.0,25,2022,0,False,False,False,False,True,False,False,True,False,False,True
346.58,5900.0,25,2022,0,False,False,False,True,False,False,False,False,True,False,True
346.58,4936.0,25,2022,0,False,False,False,True,True,False,False,True,False,False,True
356.21,5900.0,25,2022,0,False,False,False,False,False,False,False,False,True,False,True
356.21,4936.0,25,2022,0,False,False,False,False,True,False,False,True,False,False,True
375.45,5900.0,25,2022,0,False,False,False,False,False,False,False,False,True,False,True
375.45,4936.0,25,2022,0,False,False,False,False,True,False,False,True,False,False,True
184.28,5900.0,25,2022,0,True,False,False,False,False,False,False,False,True,False,True
184.28,4936.0,25,2022,0,True,False,False,False,True,False,False,True,False,False,True
281.08,5900.0,25,2022,0,False,True,False,False,False,False,False,False,True,False,True
281.08,4936.0,25,2022,0,False,True,False,False,True,False,False,True,False,False,True
329.23,5900.0,25,2022,0,True,False,False,False,False,False,False,False,True,False,True
329.23,4936.0,25,2022,0,True,False,False,False,True,False,False,True,False,False,True
421.18,5900.0,25,2022,0,False,False,True,False,False,False,False,False,True,False,True
421.18,4936.0,25,2022,0,False,False,True,False,True,False,False,True,False,False,True
58.12,-1.0,37,2022,1,False,False,False,True,False,False,True,False,False,False,False
35.11,-1.0,37,2022,1,False,False,True,False,False,False,True,False,False,False,False
27.48,-1.0,37,2022,1,False,False,False,False,False,False,True,False,False,False,False
106.09,-1.0,37,2022,1,False,False,False,False,False,False,True,False,False,False,False
260.22,-1.0,37,2022,1,False,False,True,False,False,False,True,False,False,False,False
277.26,-1.0,37,2022,1,False,True,False,False,False,False,True,False,False,False,False
83.22,-1.0,37,2022,1,False,False,True,False,False,False,True,False,False,False,False
219.48,-1.0,37,2022,1,False,False,False,True,False,False,True,False,False,False,False
91.85,-1.0,37,2022,1,False,False,False,True,False,False,True,False,False,False,False
248.41,-1.0,30,2022,0,False,True,False,False,False,False,True,False,False,False,False
348.8,-1.0,30,2022,0,True,False,False,False,False,False,True,False,False,False,False
130.16,-1.0,30,2022,0,False,False,False,True,False,False,True,False,False,False,False
441.51,-1.0,30,2022,0,False,True,False,False,False,False,True,False,False,False,False
307.52,-1.0,30,2022,0,False,False,False,True,False,False,True,False,False,False,False
300.03,2500.0,31,2022,0,True,False,False,False,True,False,False,False,True,False,True
300.03,9490.0,31,2022,0,True,False,False,False,False,False,False,True,False,False,True
122.1,2500.0,31,2022,0,False,True,False,False,True,False,False,False,True,False,True
122.1,9490.0,31,2022,0,False,True,False,False,False,False,False,True,False,False,True
15.8,2500.0,31,2022,0,False,False,False,True,True,False,False,False,True,False,True
15.8,9490.0,31,2022,0,False,False,False,True,False,False,False,True,False,False,True
308.5,-1.0,17,2022,1,False,True,False,False,False,False,True,False,False,False,False
214.35,-1.0,17,2022,1,False,False,False,False,False,False,True,False,False,False,False
186.08,-1.0,17,2022,1,False,False,False,False,False,False,True,False,False,False,False
479.05,-1.0,17,2022,1,False,False,False,False,False,False,True,False,False,False,False
271.99,-1.0,10,2022,0,False,False,False,True,False,False,True,False,False,False,True
460.8,3008.0,8,2022,1,False,False,False,False,False,False,False,False,True,False,False
316.1,3008.0,8,2022,1,False,False,False,True,False,False,False,False,True,False,False
314.56,3008.0,8,2022,1,False,True,False,False,False,False,False,False,True,False,False
148.4,3008.0,8,2022,1,False,True,False,False,False,False,False,False,True,False,False
249.65,3008.0,8,2022,1,False,False,False,False,False,False,False,False,True,False,False
215.87,9095.0,2,2022,0,False,True,False,False,False,False,False,False,True,False,False
362.94,9095.0,2,2022,0,False,False,False,True,False,False,False,False,True,False,False
399.72,9095.0,2,2022,0,True,False,False,False,False,False,False,False,True,False,False
283.81,9095.0,2,2022,0,False,False,False,True,False,False,False,False,True,False,False
168.34,9095.0,2,2022,0,True,False,False,False,False,False,False,False,True,False,False
326.44,9095.0,2,2022,0,False,True,False,False,False,False,False,False,True,False,False
304.45,9095.0,2,2022,0,False,False,False,False,False,False,False,False,True,False,False
260.38,9095.0,2,2022,0,False,True,False,False,False,False,False,False,True,False,False
142.01,9095.0,2,2022,0,True,False,False,False,False,False,False,False,True,False,False
110.77,3413.0,32,2022,0,False,False,True,False,False,False,False,True,False,False,True
110.77,8430.0,32,2022,0,False,False,True,False,False,False,False,False,True,False,True
183.38,-1.0,11,2022,0,False,False,True,False,False,False,True,False,False,False,False
232.0,-1.0,11,2022,0,False,True,False,False,False,False,True,False,False,False,False
319.25,-1.0,11,2022,0,True,False,False,False,False,False,True,False,False,False,False
317.83,-1.0,11,2022,0,True,False,False,False,False,False,True,False,False,False,False
451.76,-1.0,11,2022,0,True,False,False,False,False,False,True,False,False,False,False
337.62,4253.0,10,2022,0,False,True,False,False,False,False,False,False,True,True,False
264.56,4253.0,10,2022,0,True,False,False,False,False,False,False,False,True,True,False
22.69,4253.0,10,2022,0,False,False,False,True,False,False,False,False,True,True,False
18.93,7649.0,41,2022,0,False,False,False,True,False,False,False,True,False,True,False
18.93,8635.0,41,2022,0,False,False,False,True,True,False,False,True,False,True,False
416.82,7649.0,41,2022,0,False,True,False,False,False,False,False,True,False,True,False
416.82,8635.0,41,2022,0,False,True,False,False,True,False,False,True,False,True,False
272.55,7649.0,41,2022,0,True,False,False,False,False,False,False,True,False,True,False
272.55,8635.0,41,2022,0,True,False,False,False,True,False,False,True,False,True,False
280.87,7649.0,41,2022,0,False,True,False,False,False,False,False,True,False,True,False
280.87,8635.0,41,2022,0,False,True,False,False,True,False,False,True,False,True,False
106.31,7649.0,41,2022,0,False,False,True,False,False,False,False,True,False,True,False
106.31,8635.0,41,2022,0,False,False,True,False,True,False,False,True,False,True,False
390.91,7649.0,41,2022,0,False,False,False,True,False,False,False,True,False,True,False
390.91,8635.0,41,2022,0,False,False,False,True,True,False,False,True,False,True,False
201.9,7649.0,41,2022,0,True,False,False,False,False,False,False,True,False,True,False
201.9,8635.0,41,2022,0,True,False,False,False,True,False,False,True,False,True,False
276.57,-1.0,32,2022,0,False,False,True,False,False,False,True,False,False,True,False
259.06,-1.0,32,2022,0,False,False,False,True,False,False,True,False,False,True,False
76.55,-1.0,32,2022,0,False,False,True,False,False,False,True,False,False,True,False
440.61,5713.0,24,2022,1,False,False,False,False,True,False,False,True,False,False,False
313.17,5713.0,24,2022,1,True,False,False,False,True,False,False,True,False,False,False
485.38,5713.0,24,2022,1,False,False,False,True,True,False,False,True,False,False,False
17.32,4946.0,7,2022,0,False,False,True,False,True,False,False,False,True,True,False
17.32,4953.0,7,2022,0,False,False,True,False,True,False,False,True,False,True,False
187.84,4946.0,7,2022,0,False,False,False,True,True,False,False,False,True,True,False
187.84,4953.0,7,2022,0,False,False,False,True,True,False,False,True,False,True,False
276.52,4946.0,7,2022,0,False,False,False,True,True,False,False,False,True,True,False
276.52,4953.0,7,2022,0,False,False,False,True,True,False,False,True,False,True,False
249.05,7286.0,29,2022,1,True,False,False,False,True,False,False,False,True,True,False
336.87,7286.0,29,2022,1,False,False,True,False,True,False,False,False,True,True,False
154.41,7286.0,29,2022,1,False,False,False,True,True,False,False,False,True,True,False
156.73,7286.0,29,2022,1,False,False,True,False,True,False,False,False,True,True,False
104.3,7286.0,29,2022,1,False,False,False,False,True,False,False,False,True,True,False
275.59,7286.0,29,2022,1,False,True,False,False,True,False,False,False,True,True,False
199.86,7286.0,29,2022,1,False,False,False,True,True,False,False,False,True,True,False
197.54,7286.0,29,2022,1,False,False,True,False,True,False,False,False,True,True,False
376.48,-1.0,2,2022,1,False,False,True,False,False,False,True,False,False,True,False
74.88,-1.0,2,2022,1,True,False,False,False,False,False,True,False,False,True,False
126.23,-1.0,2,2022,1,False,True,False,False,False,False,True,False,False,True,False
324.94,-1.0,2,2022,1,False,False,True,False,False,False,True,False,False,True,False
468.77,-1.0,2,2022,1,False,False,False,False,False,False,True,False,False,True,False
344.42,-1.0,2,2022,1,False,False,False,True,False,False,True,False,False,True,False
430.86,-1.0,2,2022,1,False,True,False,False,False,False,True,False,False,True,False
140.98,6394.0,16,2022,1,False,False,False,True,True,False,False,True,False,False,False
140.98,3744.0,16,2022,1,False,False,False,True,False,True,False,True,False,False,False
142.62,6394.0,16,2022,1,False,False,True,False,True,False,False,True,False,False,False
142.62,3744.0,16,2022,1,False,False,True,False,False,True,False,True,False,False,False
100.44,6394.0,16,2022,1,True,False,False,False,True,False,False,True,False,False,False
100.44,3744.0,16,2022,1,True,False,False,False,False,True,False,True,False,False,False
265.52,6394.0,16,2022,1,False,False,False,True,True,False,False,True,False,False,False
265.52,3744.0,16,2022,1,False,False,False,True,False,True,False,True,False,False,False
190.56,6394.0,16,2022,1,False,True,False,False,True,False,False,True,False,False,False
190.56,3744.0,16,2022,1,False,True,False,False,False,True,False,True,False,False,False
127.23,6394.0,16,2022,1,False,False,False,True,True,False,False,True,False,False,False
127.23,3744.0,16,2022,1,False,False,False,True,False,True,False,True,False,False,False
58.19,6394.0,16,2022,1,True,False,False,False,True,False,False,True,False,False,False
58.19,3744.0,16,2022,1,True,False,False,False,False,True,False,True,False,False,False
244.19,8300.0,31,2022,1,False,False,False,True,True,False,False,False,True,True,False
266.68,4639.0,12,2022,0,False,False,False,True,False,False,False,False,True,True,False
365.99,4639.0,12,2022,0,False,True,False,False,False,False,False,False,True,True,False
61.68,4639.0,12,2022,0,False,False,False,True,False,False,False,False,True,True,False
114.41,7124.0,32,2022,0,False,False,False,True,True,False,False,True,False,True,False
90.39,7124.0,32,2022,0,False,False,False,True,True,False,False,True,False,True,False
297.06,3499.0,47,2022,0,False,False,False,False,False,True,False,False,True,True,False
198.61,3499.0,47,2022,0,False,True,False,False,False,True,False,False,True,True,False
10.45,3499.0,47,2022,0,False,False,False,False,False,True,False,False,True,True,False
110.17,3499.0,47,2022,0,False,False,True,False,False,True,False,False,True,True,False
138.25,3499.0,47,2022,0,False,False,False,True,False,True,False,False,True,True,False
280.23,8892.0,41,2022,0,False,False,True,False,False,True,False,False,True,True,False
280.23,9322.0,41,2022,0,False,False,True,False,False,True,False,False,True,True,False
315.05,8892.0,41,2022,0,False,False,False,False,False,True,False,False,True,True,False
315.05,9322.0,41,2022,0,False,False,False,False,False,True,False,False,True,True,False
138.87,8892.0,41,2022,0,False,True,False,False,False,True,False,False,True,True,False
138.87,9322.0,41,2022,0,False,True,False,False,False,True,False,False,True,True,False
204.72,8892.0,41,2022,0,False,False,True,False,False,True,False,False,True,True,False
204.72,9322.0,41,2022,0,False,False,True,False,False,True,False,False,True,True,False
25.0,8892.0,41,2022,0,False,False,False,False,False,True,False,False,True,True,False
25.0,9322.0,41,2022,0,False,False,False,False,False,True,False,False,True,True,False
15.66,8892.0,41,2022,0,False,True,False,False,False,True,False,False,True,True,False
15.66,9322.0,41,2022,0,False,True,False,False,False,True,False,False,True,True,False
94.72,8892.0,41,2022,0,False,False,False,True,False,True,False,False,True,True,False
94.72,9322.0,41,2022,0,False,False,False,True,False,True,False,False,True,True,False
260.93,-1.0,18,2022,0,False,False,True,False,False,False,True,False,False,False,True
206.75,-1.0,18,2022,0,True,False,False,False,False,False,True,False,False,False,True
436.81,-1.0,18,2022,0,False,True,False,False,False,False,True,False,False,False,True
29.95,-1.0,18,2022,0,True,False,False,False,False,False,True,False,False,False,True
427.7,-1.0,3,2022,1,False,False,False,True,False,False,True,False,False,False,False
38.31,-1.0,3,2022,1,False,False,False,False,False,False,True,False,False,False,False
406.31,-1.0,3,2022,1,False,True,False,False,False,False,True,False,False,False,False
275.53,-1.0,3,2022,1,False,True,False,False,False,False,True,False,False,False,False
392.65,-1.0,3,2022,1,False,False,False,False,False,False,True,False,False,False,False
258.53,-1.0,3,2022,1,False,False,True,False,False,False,True,False,False,False,False
12.42,-1.0,3,2022,1,False,False,False,True,False,False,True,False,False,False,False
272.75,-1.0,3,2022,1,False,False,False,False,False,False,True,False,False,False,False
368.19,-1.0,3,2022,1,False,False,True,False,False,False,True,False,False,False,False
216.35,-1.0,16,2022,0,False,False,False,False,False,False,True,False,False,False,True
431.38,-1.0,16,2022,0,True,False,False,False,False,False,True,False,False,False,True
478.6,-1.0,16,2022,0,False,False,False,True,False,False,True,False,False,False,True
285.08,-1.0,16,2022,0,False,False,False,False,False,False,True,False,False,False,True
194.6,-1.0,16,2022,0,True,False,False,False,False,False,True,False,False,False,True
116.08,-1.0,16,2022,0,False,True,False,False,False,False,True,False,False,False,True
396.35,-1.0,16,2022,0,True,False,False,False,False,False,True,False,False,False,True
298.46,-1.0,16,2022,0,False,True,False,False,False,False,True,False,False,False,True
288.34,2781.0,49,2022,1,True,False,False,False,True,False,False,True,False,False,True
345.87,2781.0,49,2022,1,False,True,False,False,True,False,False,True,False,False,True
123.68,2781.0,49,2022,1,False,False,False,True,True,False,False,True,False,False,True
360.84,2781.0,49,2022,1,False,True,False,False,True,False,False,True,False,False,True
412.85,2781.0,49,2022,1,False,False,True,False,True,False,False,True,False,False,True
397.9,2781.0,49,2022,1,False,False,False,False,True,False,False,True,False,False,True
67.65,5082.0,42,2022,0,False,False,False,True,False,True,False,True,False,False,True
365.46,5994.0,18,2022,0,False,False,False,False,True,False,False,False,True,True,False
365.46,8485.0,18,2022,0,False,False,False,False,True,False,False,True,False,True,False
98.71,5994.0,18,2022,0,False,False,False,False,True,False,False,False,True,True,False
98.71,8485.0,18,2022,0,False,False,False,False,True,False,False,True,False,True,False
193.2,5994.0,18,2022,0,False,False,False,True,True,False,False,False,True,True,False
193.2,8485.0,18,2022,0,False,False,False,True,True,False,False,True,False,True,False
490.6,2189.0,44,2022,1,False,True,False,False,False,True,False,False,True,False,True
451.84,2189.0,44,2022,1,False,True,False,False,False,True,False,False,True,False,True
238.83,5580.0,15,2022,0,False,False,False,False,False,False,False,True,False,False,True
238.83,3859.0,15,2022,0,False,False,False,False,False,True,False,False,True,False,True
41.29,3926.0,41,2022,0,False,True,False,False,False,True,False,False,True,True,False
149.95,3926.0,41,2022,0,False,False,False,False,False,True,False,False,True,True,False
386.65,3926.0,41,2022,0,True,False,False,False,False,True,False,False,True,True,False
185.61,3926.0,41,2022,0,False,False,True,False,False,True,False,False,True,True,False
124.54,3926.0,41,2022,0,False,False,False,False,False,True,False,False,True,True,False
172.82,3926.0,41,2022,0,False,False,False,False,False,True,False,False,True,True,False
439.27,7129.0,37,2022,0,True,False,False,False,True,False,False,False,True,True,False
439.27,7586.0,37,2022,0,True,False,False,False,True,False,False,False,True,True,False
109.23,7129.0,37,2022,0,True,False,False,False,True,False,False,False,True,True,False
109.23,7586.0,37,2022,0,True,False,False,False,True,False,False,False,True,True,False
241.96,7129.0,37,2022,0,False,False,True,False,True,False,False,False,True,True,False
241.96,7586.0,37,2022,0,False,False,True,False,True,False,False,False,True,True,False
470.22,7129.0,37,2022,0,False,False,False,True,True,False,False,False,True,True,False
470.22,7586.0,37,2022,0,False,False,False,True,True,False,False,False,True,True,False
128.68,7129.0,37,2022,0,True,False,False,False,True,False,False,False,True,True,False
128.68,7586.0,37,2022,0,True,False,False,False,True,False,False,False,True,True,False
72.47,7129.0,37,2022,0,False,True,False,False,True,False,False,False,True,True,False
72.47,7586.0,37,2022,0,False,True,False,False,True,False,False,False,True,True,False
244.17,7129.0,37,2022,0,False,False,False,True,True,False,False,False,True,True,False
244.17,7586.0,37,2022,0,False,False,False,True,True,False,False,False,True,True,False
279.72,7129.0,37,2022,0,False,False,False,True,True,False,False,False,True,True,False
279.72,7586.0,37,2022,0,False,False,False,True,True,False,False,False,True,True,False
216.18,7201.0,23,2022,0,False,False,False,False,False,True,False,False,True,False,False
216.18,3313.0,23,2022,0,False,False,False,False,False,False,False,False,True,False,False
207.8,7201.0,23,2022,0,True,False,False,False,False,True,False,False,True,False,False
207.8,3313.0,23,2022,0,True,False,False,False,False,False,False,False,True,False,False
442.93,7201.0,23,2022,0,True,False,False,False,False,True,False,False,True,False,False
442.93,3313.0,23,2022,0,True,False,False,False,False,False,False,False,True,False,False
186.63,7201.0,23,2022,0,False,True,False,False,False,True,False,False,True,False,False
186.63,3313.0,23,2022,0,False,True,False,False,False,False,False,False,True,False,False
272.72,7206.0,26,2022,0,False,False,False,False,True,False,False,False,True,True,False
163.43,7206.0,26,2022,0,False,False,False,False,True,False,False,False,True,True,False
284.15,7206.0,26,2022,0,True,False,False,False,True,False,False,False,True,True,False
455.66,7206.0,26,2022,0,False,False,False,False,True,False,False,False,True,True,False
398.78,7206.0,26,2022,0,True,False,False,False,True,False,False,False,True,True,False
347.79,2232.0,7,2022,0,False,False,False,True,False,True,False,False,True,True,False
347.79,4877.0,7,2022,0,False,False,False,True,False,True,False,True,False,True,False
283.02,2232.0,7,2022,0,False,True,False,False,False,True,False,False,True,True,False
283.02,4877.0,7,2022,0,False,True,False,False,False,True,False,True,False,True,False
304.32,2232.0,7,2022,0,False,False,False,True,False,True,False,False,True,True,False
304.32,4877.0,7,2022,0,False,False,False,True,False,True,False,True,False,True,False
42.79,2232.0,7,2022,0,False,False,False,True,False,True,False,False,True,True,False
42.79,4877.0,7,2022,0,False,False,False,True,False,True,False,True,False,True,False
63.8,2232.0,7,2022,0,False,False,False,False,False,True,False,False,True,True,False
63.8,4877.0,7,2022,0,False,False,False,False,False,True,False,True,False,True,False
138.15,5106.0,48,2022,0,True,False,False,False,True,False,False,True,False,True,False
81.33,5106.0,48,2022,0,True,False,False,False,True,False,False,True,False,True,False
105.5,5106.0,48,2022,0,False,False,True,False,True,False,False,True,False,True,False
458.79,5106.0,48,2022,0,True,False,False,False,True,False,False,True,False,True,False
158.34,5106.0,48,2022,0,False,False,True,False,True,False,False,True,False,True,False
348.75,5106.0,48,2022,0,False,True,False,False,True,False,False,True,False,True,False
103.67,5106.0,48,2022,0,False,False,True,False,True,False,False,True,False,True,False
235.43,5106.0,48,2022,0,False,False,False,True,True,False,False,True,False,True,False
76.84,-1.0,21,2022,0,False,False,False,False,False,False,True,False,False,False,True
117.79,-1.0,21,2022,0,False,True,False,False,False,False,True,False,False,False,True
195.25,7665.0,29,2022,0,False,True,False,False,False,True,False,False,True,False,True
277.51,7665.0,29,2022,0,True,False,False,False,False,True,False,False,True,False,True
34.5,7665.0,29,2022,0,False,False,False,True,False,True,False,False,True,False,True
258.42,7665.0,29,2022,0,False,True,False,False,False,True,False,False,True,False,True
295.55,7665.0,29,2022,0,False,False,False,False,False,True,False,False,True,False,True
138.71,7665.0,29,2022,0,False,True,False,False,False,True,False,False,True,False,True
431.14,7665.0,29,2022,0,False,False,False,False,False,True,False,False,True,False,True
243.14,7665.0,29,2022,0,True,False,False,False,False,True,False,False,True,False,True
336.12,4479.0,45,2022,0,False,False,True,False,True,False,False,False,True,False,True
336.12,4658.0,45,2022,0,False,False,True,False,False,False,False,True,False,False,True
446.95,4479.0,45,2022,0,False,False,True,False,True,False,False,False,True,False,True
446.95,4658.0,45,2022,0,False,False,True,False,False,False,False,True,False,False,True
363.2,4479.0,45,2022,0,False,True,False,False,True,False,False,False,True,False,True
363.2,4658.0,45,2022,0,False,True,False,False,False,False,False,True,False,False,True
210.78,4479.0,45,2022,0,False,True,False,False,True,False,False,False,True,False,True
210.78,4658.0,45,2022,0,False,True,False,False,False,False,False,True,False,False,True
214.89,4479.0,45,2022,0,False,False,False,False,True,False,False,False,True,False,True
214.89,4658.0,45,2022,0,False,False,False,False,False,False,False,True,False,False,True
363.61,4479.0,45,2022,0,False,False,False,False,True,False,False,False,True,False,True
363.61,4658.0,45,2022,0,False,False,False,False,False,False,False,True,False,False,True
232.77,4479.0,45,2022,0,False,False,False,True,True,False,False,False,True,False,True
232.77,4658.0,45,2022,0,False,False,False,True,False,False,False,True,False,False,True
240.33,4479.0,45,2022,0,False,False,False,False,True,False,False,False,True,False,True
240.33,4658.0,45,2022,0,False,False,False,False,False,False,False,True,False,False,True
30.15,9844.0,7,2022,1,False,False,False,True,False,True,False,False,True,True,False
30.15,9401.0,7,2022,1,False,False,False,True,False,False,False,True,False,True,False
193.48,9844.0,7,2022,1,False,False,True,False,False,True,False,False,True,True,False
193.48,9401.0,7,2022,1,False,False,True,False,False,False,False,True,False,True,False
49.3,9844.0,7,2022,1,False,True,False,False,False,True,False,False,True,True,False
49.3,9401.0,7,2022,1,False,True,False,False,False,False,False,True,False,True,False
104.29,9844.0,7,2022,1,False,False,False,True,False,True,False,False,True,True,False
104.29,9401.0,7,2022,1,False,False,False,True,False,False,False,True,False,True,False
146.99,9844.0,7,2022,1,False,False,False,False,False,True,False,False,True,True,False
146.99,9401.0,7,2022,1,False,False,False,False,False,False,False,True,False,True,False
440.52,9844.0,7,2022,1,False,False,True,False,False,True,False,False,True,True,False
440.52,9401.0,7,2022,1,False,False,True,False,False,False,False,True,False,True,False
265.8,9844.0,7,2022,1,False,False,False,False,False,True,False,False,True,True,False
265.8,9401.0,7,2022,1,False,False,False,False,False,False,False,True,False,True,False
257.68,9844.0,7,2022,1,False,True,False,False,False,True,False,False,True,True,False
257.68,9401.0,7,2022,1,False,True,False,False,False,False,False,True,False,True,False
229.36,9844.0,7,2022,1,False,False,True,False,False,True,False,False,True,True,False
229.36,9401.0,7,2022,1,False,False,True,False,False,False,False,True,False,True,False
31.11,5196.0,6,2022,0,False,True,False,False,False,False,False,False,True,True,False
471.35,5196.0,6,2022,0,False,True,False,False,False,False,False,False,True,True,False
230.92,5196.0,6,2022,0,False,True,False,False,False,False,False,False,True,True,False
392.66,5196.0,6,2022,0,True,False,False,False,False,False,False,False,True,True,False
393.07,5196.0,6,2022,0,False,False,False,True,False,False,False,False,True,True,False
68.27,5196.0,6,2022,0,False,True,False,False,False,False,False,False,True,True,False
111.96,-1.0,27,2022,1,False,False,True,False,False,False,True,False,False,True,False
6.07,-1.0,27,2022,1,False,False,False,True,False,False,True,False,False,True,False
178.92,-1.0,27,2022,1,True,False,False,False,False,False,True,False,False,True,False
441.63,-1.0,27,2022,1,True,False,False,False,False,False,True,False,False,True,False
19.96,-1.0,27,2022,1,False,False,True,False,False,False,True,False,False,True,False
92.59,-1.0,27,2022,1,False,False,False,False,False,False,True,False,False,True,False
209.29,-1.0,27,2022,1,True,False,False,False,False,False,True,False,False,True,False
5.92,7641.0,43,2022,1,False,False,False,True,True,False,False,True,False,False,False
260.13,7641.0,43,2022,1,False,False,False,True,True,False,False,True,False,False,False
328.56,9947.0,46,2022,0,False,True,False,False,True,False,False,True,False,False,True
328.56,5790.0,46,2022,0,False,True,False,False,True,False,False,False,True,False,True
163.69,-1.0,17,2022,1,False,False,False,False,False,False,True,False,False,False,True
12.46,4825.0,24,2022,0,False,True,False,False,True,False,False,True,False,False,False
12.46,9103.0,24,2022,0,False,True,False,False,False,False,False,False,True,False,False
443.29,9361.0,28,2022,0,False,True,False,False,True,False,False,True,False,False,True
322.02,9361.0,28,2022,0,True,False,False,False,True,False,False,True,False,False,True
262.86,9361.0,28,2022,0,False,True,False,False,True,False,False,True,False,False,True
256.04,4008.0,26,2022,0,False,False,False,True,False,True,False,False,True,False,True
46.37,4008.0,26,2022,0,False,True,False,False,False,True,False,False,True,False,True
258.59,4008.0,26,2022,0,False,True,False,False,False,True,False,False,True,False,True
198.57,4008.0,26,2022,0,False,True,False,False,False,True,False,False,True,False,True
28.31,6566.0,38,2022,1,True,False,False,False,False,False,False,True,False,True,False
471.36,6566.0,38,2022,1,False,True,False,False,False,False,False,True,False,True,False
97.77,-1.0,26,2022,0,False,False,False,False,False,False,True,False,False,True,False
279.26,-1.0,26,2022,0,True,False,False,False,False,False,True,False,False,True,False
68.17,-1.0,26,2022,0,False,False,False,True,False,False,True,False,False,True,False
231.4,-1.0,26,2022,0,True,False,False,False,False,False,True,False,False,True,False
132.81,-1.0,26,2022,0,False,False,True,False,False,False,True,False,False,True,False
190.35,-1.0,26,2022,0,False,False,False,True,False,False,True,False,False,True,False
467.26,-1.0,26,2022,0,False,False,False,False,False,False,True,False,False,True,False
336.03,8374.0,40,2022,0,False,False,True,False,False,False,False,False,True,False,True
336.03,2102.0,40,2022,0,False,False,True,False,True,False,False,False,True,False,True
99.66,8374.0,40,2022,0,True,False,False,False,False,False,False,False,True,False,True
99.66,2102.0,40,2022,0,True,False,False,False,True,False,False,False,True,False,True
279.94,8374.0,40,2022,0,False,False,True,False,False,False,False,False,True,False,True
279.94,2102.0,40,2022,0,False,False,True,False,True,False,False,False,True,False,True
340.08,8374.0,40,2022,0,False,False,False,True,False,False,False,False,True,False,True
340.08,2102.0,40,2022,0,False,False,False,True,True,False,False,False,True,False,True
190.15,8374.0,40,2022,0,False,False,True,False,False,False,False,False,True,False,True
190.15,2102.0,40,2022,0,False,False,True,False,True,False,False,False,True,False,True
392.17,2421.0,1,2022,0,False,False,False,True,True,False,False,True,False,False,False
129.42,2551.0,19,2022,0,False,False,False,True,False,True,False,True,False,False,False
286.58,2551.0,19,2022,0,False,False,False,True,False,True,False,True,False,False,False
25.25,2551.0,19,2022,0,False,False,False,True,False,True,False,True,False,False,False
41.17,2551.0,19,2022,0,False,False,False,False,False,True,False,True,False,False,False
120.11,2551.0,19,2022,0,False,False,True,False,False,True,False,True,False,False,False
221.45,2551.0,19,2022,0,False,False,False,True,False,True,False,True,False,False,False
25.55,2551.0,19,2022,0,True,False,False,False,False,True,False,True,False,False,False
244.86,2551.0,19,2022,0,False,False,False,False,False,True,False,True,False,False,False
342.78,2551.0,19,2022,0,False,False,True,False,False,True,False,True,False,False,False
376.8,2280.0,26,2022,0,False,False,False,False,False,True,False,False,True,False,False
376.8,9611.0,26,2022,0,False,False,False,False,False,False,False,False,True,False,False
123.63,2280.0,26,2022,0,False,False,True,False,False,True,False,False,True,False,False
123.63,9611.0,26,2022,0,False,False,True,False,False,False,False,False,True,False,False
135.65,2280.0,26,2022,0,False,False,False,False,False,True,False,False,True,False,False
135.65,9611.0,26,2022,0,False,False,False,False,False,False,False,False,True,False,False
161.63,2280.0,26,2022,0,False,False,False,True,False,True,False,False,True,False,False
161.63,9611.0,26,2022,0,False,False,False,True,False,False,False,False,True,False,False
40.82,2280.0,26,2022,0,False,False,False,True,False,True,False,False,True,False,False
40.82,9611.0,26,2022,0,False,False,False,True,False,False,False,False,True,False,False
317.35,2280.0,26,2022,0,False,True,False,False,False,True,False,False,True,False,False
317.35,9611.0,26,2022,0,False,True,False,False,False,False,False,False,True,False,False
189.08,2280.0,26,2022,0,True,False,False,False,False,True,False,False,True,False,False
189.08,9611.0,26,2022,0,True,False,False,False,False,False,False,False,True,False,False
392.59,2280.0,26,2022,0,True,False,False,False,False,True,False,False,True,False,False
392.59,9611.0,26,2022,0,True,False,False,False,False,False,False,False,True,False,False
359.7,2280.0,26,2022,0,False,False,False,True,False,True,False,False,True,False,False
359.7,9611.0,26,2022,0,False,False,False,True,False,False,False,False,True,False,False
147.64,-1.0,35,2022,0,False,False,False,True,False,False,True,False,False,False,False
290.44,-1.0,35,2022,0,False,False,True,False,False,False,True,False,False,False,False
353.1,-1.0,35,2022,0,False,False,False,False,False,False,True,False,False,False,False
127.4,-1.0,35,2022,0,False,False,False,False,False,False,True,False,False,False,False
261.34,-1.0,35,2022,0,False,True,False,False,False,False,True,False,False,False,False
313.48,-1.0,35,2022,0,False,False,False,True,False,False,True,False,False,False,False
74.12,-1.0,35,2022,0,True,False,False,False,False,False,True,False,False,False,False
113.2,4494.0,16,2022,1,False,True,False,False,True,False,False,True,False,True,False
194.79,4494.0,16,2022,1,False,True,False,False,True,False,False,True,False,True,False
249.98,4494.0,16,2022,1,False,False,False,True,True,False,False,True,False,True,False
197.21,4494.0,16,2022,1,False,False,True,False,True,False,False,True,False,True,False
380.12,4494.0,16,2022,1,True,False,False,False,True,False,False,True,False,True,False
217.89,5199.0,13,2022,1,False,True,False,False,True,False,False,False,True,False,False
42.39,5199.0,13,2022,1,True,False,False,False,True,False,False,False,True,False,False
331.74,5199.0,13,2022,1,False,True,False,False,True,False,False,False,True,False,False
196.07,5199.0,13,2022,1,False,False,False,True,True,False,False,False,True,False,False
285.69,5199.0,13,2022,1,True,False,False,False,True,False,False,False,True,False,False
59.01,5199.0,13,2022,1,False,False,False,True,True,False,False,False,True,False,False
280.14,9789.0,10,2022,0,True,False,False,False,False,False,False,False,True,False,True
280.14,4430.0,10,2022,0,True,False,False,False,True,False,False,True,False,False,True
59.8,9789.0,10,2022,0,False,False,False,False,False,False,False,False,True,False,True
59.8,4430.0,10,2022,0,False,False,False,False,True,False,False,True,False,False,True
437.72,9789.0,10,2022,0,True,False,False,False,False,False,False,False,True,False,True
437.72,4430.0,10,2022,0,True,False,False,False,True,False,False,True,False,False,True
252.58,9789.0,10,2022,0,False,False,False,False,False,False,False,False,True,False,True
252.58,4430.0,10,2022,0,False,False,False,False,True,False,False,True,False,False,True
454.77,9789.0,10,2022,0,False,False,True,False,False,False,False,False,True,False,True
454.77,4430.0,10,2022,0,False,False,True,False,True,False,False,True,False,False,True
173.15,9789.0,10,2022,0,True,False,False,False,False,False,False,False,True,False,True
173.15,4430.0,10,2022,0,True,False,False,False,True,False,False,True,False,False,True
448.55,7821.0,8,2022,0,False,False,True,False,False,False,False,True,False,False,False
448.55,9411.0,8,2022,0,False,False,True,False,True,False,False,False,True,False,False
370.87,7821.0,8,2022,0,False,False,False,False,False,False,False,True,False,False,False
370.87,9411.0,8,2022,0,False,False,False,False,True,False,False,False,True,False,False
332.62,7821.0,8,2022,0,False,False,False,True,False,False,False,True,False,False,False
332.62,9411.0,8,2022,0,False,False,False,True,True,False,False,False,True,False,False
326.68,7821.0,8,2022,0,True,False,False,False,False,False,False,True,False,False,False
326.68,9411.0,8,2022,0,True,False,False,False,True,False,False,False,True,False,False
469.91,7821.0,8,2022,0,False,False,True,False,False,False,False,True,False,False,False
469.91,9411.0,8,2022,0,False,False,True,False,True,False,False,False,True,False,False
14.51,7821.0,8,2022,0,False,False,True,False,False,False,False,True,False,False,False
14.51,9411.0,8,2022,0,False,False,True,False,True,False,False,False,True,False,False
347.79,7821.0,8,2022,0,False,True,False,False,False,False,False,True,False,False,False
347.79,9411.0,8,2022,0,False,True,False,False,True,False,False,False,True,False,False
365.33,7821.0,8,2022,0,False,True,False,False,False,False,False,True,False,False,False
365.33,9411.0,8,2022,0,False,True,False,False,True,False,False,False,True,False,False
437.18,-1.0,27,2022,0,False,True,False,False,False,False,True,False,False,False,False
16.09,-1.0,27,2022,0,False,False,False,False,False,False,True,False,False,False,False
158.53,-1.0,27,2022,0,True,False,False,False,False,False,True,False,False,False,False
77.64,-1.0,27,2022,0,False,False,True,False,False,False,True,False,False,False,False
187.96,-1.0,27,2022,0,False,False,False,True,False,False,True,False,False,False,False
174.1,-1.0,27,2022,0,False,False,False,True,False,False,True,False,False,False,False
135.15,-1.0,27,2022,0,True,False,False,False,False,False,True,False,False,False,False
393.04,-1.0,27,2022,0,False,False,True,False,False,False,True,False,False,False,False
338.38,-1.0,26,2022,0,False,False,False,False,False,False,True,False,False,False,False
32.79,-1.0,26,2022,0,False,True,False,False,False,False,True,False,False,False,False
258.76,-1.0,26,2022,0,False,False,True,False,False,False,True,False,False,False,False
128.48,-1.0,26,2022,0,False,False,True,False,False,False,True,False,False,False,False
139.02,7239.0,3,2022,0,True,False,False,False,False,False,False,False,True,False,False
123.83,7239.0,3,2022,0,False,True,False,False,False,False,False,False,True,False,False
336.29,7239.0,3,2022,0,True,False,False,False,False,False,False,False,True,False,False
89.08,7239.0,3,2022,0,False,False,False,False,False,False,False,False,True,False,False
313.23,7239.0,3,2022,0,False,False,False,True,False,False,False,False,True,False,False
159.54,7239.0,3,2022,0,False,False,True,False,False,False,False,False,True,False,False
291.06,5133.0,45,2022,0,False,False,False,True,False,False,False,False,True,True,False
450.45,5133.0,45,2022,0,False,True,False,False,False,False,False,False,True,True,False
314.72,5133.0,45,2022,0,False,False,False,False,False,False,False,False,True,True,False
31.35,5133.0,45,2022,0,True,False,False,False,False,False,False,False,True,True,False
480.09,5133.0,45,2022,0,False,False,False,True,False,False,False,False,True,True,False
405.27,5133.0,45,2022,0,False,True,False,False,False,False,False,False,True,True,False
385.5,8699.0,36,2022,0,False,False,True,False,False,False,False,False,True,True,False
145.6,8699.0,36,2022,0,False,False,True,False,False,False,False,False,True,True,False
138.58,8699.0,36,2022,0,False,True,False,False,False,False,False,False,True,True,False
254.25,8699.0,36,2022,0,True,False,False,False,False,False,False,False,True,True,False
481.26,8699.0,36,2022,0,False,False,True,False,False,False,False,False,True,True,False
474.38,-1.0,41,2022,0,True,False,False,False,False,False,True,False,False,True,False
172.22,8809.0,8,2022,0,False,True,False,False,False,True,False,True,False,True,False
352.72,8809.0,8,2022,0,False,False,False,True,False,True,False,True,False,True,False
110.56,8809.0,8,2022,0,True,False,False,False,False,True,False,True,False,True,False
430.85,8809.0,8,2022,0,False,False,True,False,False,True,False,True,False,True,False
65.17,8809.0,8,2022,0,True,False,False,False,False,True,False,True,False,True,False
310.63,8809.0,8,2022,0,True,False,False,False,False,True,False,True,False,True,False
371.56,9203.0,32,2022,0,False,False,False,True,True,False,False,False,True,False,True
73.96,9203.0,32,2022,0,False,True,False,False,True,False,False,False,True,False,True
158.05,9203.0,32,2022,0,False,False,False,True,True,False,False,False,True,False,True
336.53,9203.0,32,2022,0,True,False,False,False,True,False,False,False,True,False,True
122.31,9203.0,32,2022,0,False,False,False,True,True,False,False,False,True,False,True
125.16,9203.0,32,2022,0,False,True,False,False,True,False,False,False,True,False,True
481.02,9203.0,32,2022,0,False,False,False,True,True,False,False,False,True,False,True
159.36,6673.0,19,2022,0,False,False,True,False,False,False,False,False,True,False,True
159.36,5134.0,19,2022,0,False,False,True,False,False,True,False,True,False,False,True
62.98,6673.0,19,2022,0,False,False,False,True,False,False,False,False,True,False,True
62.98,5134.0,19,2022,0,False,False,False,True,False,True,False,True,False,False,True
63.54,6673.0,19,2022,0,False,False,False,False,False,False,False,False,True,False,True
63.54,5134.0,19,2022,0,False,False,False,False,False,True,False,True,False,False,True
378.25,6673.0,19,2022,0,False,False,False,False,False,False,False,False,True,False,True
378.25,5134.0,19,2022,0,False,False,False,False,False,True,False,True,False,False,True
373.76,6673.0,19,2022,0,False,True,False,False,False,False,False,False,True,False,True
373.76,5134.0,19,2022,0,False,True,False,False,False,True,False,True,False,False,True
479.52,6673.0,19,2022,0,False,False,True,False,False,False,False,False,True,False,True
479.52,5134.0,19,2022,0,False,False,True,False,False,True,False,True,False,False,True
397.73,6673.0,19,2022,0,False,False,False,False,False,False,False,False,True,False,True
397.73,5134.0,19,2022,0,False,False,False,False,False,True,False,True,False,False,True
317.27,6673.0,19,2022,0,False,False,False,True,False,False,False,False,True,False,True
317.27,5134.0,19,2022,0,False,False,False,True,False,True,False,True,False,False,True
143.34,-1.0,12,2022,0,False,False,False,False,False,False,True,False,False,True,False
433.52,6616.0,45,2022,0,False,False,False,True,False,False,False,True,False,True,False
174.93,6616.0,45,2022,0,True,False,False,False,False,False,False,True,False,True,False
366.71,6616.0,45,2022,0,False,False,False,True,False,False,False,True,False,True,False
178.09,6616.0,45,2022,0,False,False,False,False,False,False,False,True,False,True,False
385.96,6616.0,45,2022,0,False,False,False,False,False,False,False,True,False,True,False
62.72,6616.0,45,2022,0,True,False,False,False,False,False,False,True,False,True,False
439.84,6616.0,45,2022,0,False,False,False,True,False,False,False,True,False,True,False
184.87,6616.0,45,2022,0,False,False,False,False,False,False,False,True,False,True,False
360.83,6616.0,45,2022,0,True,False,False,False,False,False,False,True,False,True,False
77.31,5070.0,45,2022,0,False,False,False,False,True,False,False,True,False,False,False
77.31,4167.0,45,2022,0,False,False,False,False,True,False,False,True,False,False,False
350.5,9433.0,13,2022,0,False,False,False,False,True,False,False,True,False,False,False
350.5,3478.0,13,2022,0,False,False,False,False,False,False,False,True,False,False,False
374.29,9433.0,13,2022,0,False,True,False,False,True,False,False,True,False,False,False
374.29,3478.0,13,2022,0,False,True,False,False,False,False,False,True,False,False,False
144.73,9433.0,13,2022,0,False,False,True,False,True,False,False,True,False,False,False
144.73,3478.0,13,2022,0,False,False,True,False,False,False,False,True,False,False,False
18.54,9433.0,13,2022,0,False,False,False,True,True,False,False,True,False,False,False
18.54,3478.0,13,2022,0,False,False,False,True,False,False,False,True,False,False,False
13.35,9433.0,13,2022,0,False,True,False,False,True,False,False,True,False,False,False
13.35,3478.0,13,2022,0,False,True,False,False,False,False,False,True,False,False,False
304.26,9433.0,13,2022,0,False,False,False,True,True,False,False,True,False,False,False
304.26,3478.0,13,2022,0,False,False,False,True,False,False,False,True,False,False,False
188.14,9433.0,13,2022,0,False,False,False,False,True,False,False,True,False,False,False
188.14,3478.0,13,2022,0,False,False,False,False,False,False,False,True,False,False,False
385.69,9433.0,13,2022,0,False,False,False,True,True,False,False,True,False,False,False
385.69,3478.0,13,2022,0,False,False,False,True,False,False,False,True,False,False,False
220.16,8560.0,44,2022,1,False,False,False,True,True,False,False,True,False,True,False
220.16,5011.0,44,2022,1,False,False,False,True,False,False,False,False,True,True,False
446.98,8560.0,44,2022,1,False,False,True,False,True,False,False,True,False,True,False
446.98,5011.0,44,2022,1,False,False,True,False,False,False,False,False,True,True,False
232.54,8560.0,44,2022,1,False,False,False,False,True,False,False,True,False,True,False
232.54,5011.0,44,2022,1,False,False,False,False,False,False,False,False,True,True,False
89.75,8560.0,44,2022,1,True,False,False,False,True,False,False,True,False,True,False
89.75,5011.0,44,2022,1,True,False,False,False,False,False,False,False,True,True,False
342.21,8560.0,44,2022,1,False,True,False,False,True,False,False,True,False,True,False
342.21,5011.0,44,2022,1,False,True,False,False,False,False,False,False,True,True,False
118.55,8560.0,44,2022,1,False,False,False,True,True,False,False,True,False,True,False
118.55,5011.0,44,2022,1,False,False,False,True,False,False,False,False,True,True,False
375.94,8560.0,44,2022,1,False,False,False,True,True,False,False,True,False,True,False
375.94,5011.0,44,2022,1,False,False,False,True,False,False,False,False,True,True,False
86.53,8560.0,44,2022,1,False,True,False,False,True,False,False,True,False,True,False
86.53,5011.0,44,2022,1,False,True,False,False,False,False,False,False,True,True,False
401.83,8560.0,44,2022,1,False,False,False,False,True,False,False,True,False,True,False
401.83,5011.0,44,2022,1,False,False,False,False,False,False,False,False,True,True,False
188.49,9377.0,48,2022,0,True,False,False,False,False,True,False,True,False,True,False
188.49,2155.0,48,2022,0,True,False,False,False,False,True,False,True,False,True,False
295.47,9377.0,48,2022,0,False,False,False,False,False,True,False,True,False,True,False
295.47,2155.0,48,2022,0,False,False,False,False,False,True,False,True,False,True,False
451.46,9377.0,48,2022,0,False,True,False,False,False,True,False,True,False,True,False
451.46,2155.0,48,2022,0,False,True,False,False,False,True,False,True,False,True,False
159.75,9377.0,48,2022,0,False,False,False,False,False,True,False,True,False,True,False
159.75,2155.0,48,2022,0,False,False,False,False,False,True,False,True,False,True,False
41.06,9377.0,48,2022,0,False,False,False,False,False,True,False,True,False,True,False
41.06,2155.0,48,2022,0,False,False,False,False,False,True,False,True,False,True,False
410.8,9377.0,48,2022,0,True,False,False,False,False,True,False,True,False,True,False
410.8,2155.0,48,2022,0,True,False,False,False,False,True,False,True,False,True,False
412.76,9377.0,48,2022,0,False,True,False,False,False,True,False,True,False,True,False
412.76,2155.0,48,2022,0,False,True,False,False,False,True,False,True,False,True,False
403.36,9377.0,48,2022,0,False,False,True,False,False,True,False,True,False,True,False
403.36,2155.0,48,2022,0,False,False,True,False,False,True,False,True,False,True,False
98.15,9377.0,48,2022,0,False,False,False,True,False,True,False,True,False,True,False
98.15,2155.0,48,2022,0,False,False,False,True,False,True,False,True,False,True,False
304.15,-1.0,45,2022,0,True,False,False,False,False,False,True,False,False,False,False
55.19,-1.0,45,2022,0,False,False,False,True,False,False,True,False,False,False,False
139.79,-1.0,45,2022,0,False,True,False,False,False,False,True,False,False,False,False
248.76,-1.0,45,2022,0,False,True,False,False,False,False,True,False,False,False,False
175.66,-1.0,45,2022,0,False,False,False,False,False,False,True,False,False,False,False
308.82,9685.0,7,2022,1,False,False,False,True,False,False,False,False,True,False,True
308.82,9351.0,7,2022,1,False,False,False,True,False,False,False,True,False,False,True
202.88,2293.0,47,2022,0,False,False,False,True,False,False,False,True,False,True,False
165.75,2293.0,47,2022,0,False,False,True,False,False,False,False,True,False,True,False
287.35,2293.0,47,2022,0,False,False,False,True,False,False,False,True,False,True,False
208.32,2293.0,47,2022,0,False,True,False,False,False,False,False,True,False,True,False
51.39,4394.0,47,2022,0,False,False,True,False,False,True,False,False,True,False,True
51.39,7667.0,47,2022,0,False,False,True,False,False,True,False,True,False,False,True
220.19,4394.0,47,2022,0,False,False,True,False,False,True,False,False,True,False,True
220.19,7667.0,47,2022,0,False,False,True,False,False,True,False,True,False,False,True
415.7,4394.0,47,2022,0,False,False,False,True,False,True,False,False,True,False,True
415.7,7667.0,47,2022,0,False,False,False,True,False,True,False,True,False,False,True
154.83,4394.0,47,2022,0,False,True,False,False,False,True,False,False,True,False,True
154.83,7667.0,47,2022,0,False,True,False,False,False,True,False,True,False,False,True
495.28,4394.0,47,2022,0,True,False,False,False,False,True,False,False,True,False,True
495.28,7667.0,47,2022,0,True,False,False,False,False,True,False,True,False,False,True
221.19,4394.0,47,2022,0,False,False,False,True,False,True,False,False,True,False,True
221.19,7667.0,47,2022,0,False,False,False,True,False,True,False,True,False,False,True
141.72,4394.0,47,2022,0,False,False,True,False,False,True,False,False,True,False,True
141.72,7667.0,47,2022,0,False,False,True,False,False,True,False,True,False,False,True
239.04,-1.0,16,2022,0,True,False,False,False,False,False,True,False,False,False,True
268.64,-1.0,16,2022,0,False,False,False,False,False,False,True,False,False,False,True
348.02,-1.0,16,2022,0,False,False,False,True,False,False,True,False,False,False,True
270.91,-1.0,16,2022,0,False,True,False,False,False,False,True,False,False,False,True
382.47,-1.0,16,2022,0,False,True,False,False,False,False,True,False,False,False,True
259.05,-1.0,16,2022,0,True,False,False,False,False,False,True,False,False,False,True
423.15,-1.0,16,2022,0,True,False,False,False,False,False,True,False,False,False,True
119.22,-1.0,16,2022,0,False,False,False,True,False,False,True,False,False,False,True
180.35,-1.0,16,2022,0,False,False,False,True,False,False,True,False,False,False,True
162.19,-1.0,32,2022,0,False,False,False,True,False,False,True,False,False,False,False
331.13,-1.0,32,2022,0,False,False,False,True,False,False,True,False,False,False,False
483.99,-1.0,32,2022,0,False,True,False,False,False,False,True,False,False,False,False
485.88,-1.0,32,2022,0,True,False,False,False,False,False,True,False,False,False,False
11.67,9620.0,9,2022,1,False,False,False,True,True,False,False,True,False,False,False
200.47,9620.0,9,2022,1,False,False,True,False,True,False,False,True,False,False,False
394.83,9620.0,9,2022,1,False,False,False,False,True,False,False,True,False,False,False
33.83,9620.0,9,2022,1,False,True,False,False,True,False,False,True,False,False,False
443.31,9620.0,9,2022,1,True,False,False,False,True,False,False,True,False,False,False
163.04,5775.0,26,2022,0,False,False,True,False,False,True,False,False,True,True,False
163.04,6361.0,26,2022,0,False,False,True,False,False,True,False,True,False,True,False
435.35,5775.0,26,2022,0,True,False,False,False,False,True,False,False,True,True,False
435.35,6361.0,26,2022,0,True,False,False,False,False,True,False,True,False,True,False
264.2,5775.0,26,2022,0,False,False,False,False,False,True,False,False,True,True,False
264.2,6361.0,26,2022,0,False,False,False,False,False,True,False,True,False,True,False
218.67,5775.0,26,2022,0,True,False,False,False,False,True,False,False,True,True,False
218.67,6361.0,26,2022,0,True,False,False,False,False,True,False,True,False,True,False
302.02,5775.0,26,2022,0,True,False,False,False,False,True,False,False,True,True,False
302.02,6361.0,26,2022,0,True,False,False,False,False,True,False,True,False,True,False
162.41,7578.0,48,2022,0,False,True,False,False,False,True,False,True,False,False,False
396.58,7578.0,48,2022,0,True,False,False,False,False,True,False,True,False,False,False
132.76,7578.0,48,2022,0,False,False,False,True,False,True,False,True,False,False,False
324.97,7578.0,48,2022,0,False,True,False,False,False,True,False,True,False,False,False
224.22,7578.0,48,2022,0,False,False,True,False,False,True,False,True,False,False,False
484.37,-1.0,40,2022,1,False,False,False,True,False,False,True,False,False,False,True
50.37,-1.0,40,2022,1,True,False,False,False,False,False,True,False,False,False,True
21.54,-1.0,47,2022,0,True,False,False,False,False,False,True,False,False,False,True
128.43,-1.0,47,2022,0,False,False,False,True,False,False,True,False,False,False,True
452.08,-1.0,47,2022,0,False,False,False,False,False,False,True,False,False,False,True
417.62,-1.0,47,2022,0,True,False,False,False,False,False,True,False,False,False,True
314.6,8550.0,20,2022,0,False,False,False,False,True,False,False,True,False,True,False
5.2,8550.0,20,2022,0,False,False,False,True,True,False,False,True,False,True,False
16.66,8550.0,20,2022,0,False,False,False,False,True,False,False,True,False,True,False
117.36,8550.0,20,2022,0,False,False,False,True,True,False,False,True,False,True,False
140.41,8550.0,20,2022,0,False,False,True,False,True,False,False,True,False,True,False
127.12,8550.0,20,2022,0,False,False,False,False,True,False,False,True,False,True,False
57.82,8550.0,20,2022,0,True,False,False,False,True,False,False,True,False,True,False
292.59,8550.0,20,2022,0,False,False,False,True,True,False,False,True,False,True,False
374.93,8550.0,20,2022,0,False,False,True,False,True,False,False,True,False,True,False
477.01,8931.0,6,2022,0,False,False,False,False,True,False,False,False,True,False,True
477.01,7860.0,6,2022,0,False,False,False,False,True,False,False,True,False,False,True
201.39,8931.0,6,2022,0,False,False,False,True,True,False,False,False,True,False,True
201.39,7860.0,6,2022,0,False,False,False,True,True,False,False,True,False,False,True
115.69,8931.0,6,2022,0,False,True,False,False,True,False,False,False,True,False,True
115.69,7860.0,6,2022,0,False,True,False,False,True,False,False,True,False,False,True
122.33,8931.0,6,2022,0,False,False,False,False,True,False,False,False,True,False,True
122.33,7860.0,6,2022,0,False,False,False,False,True,False,False,True,False,False,True
172.15,8931.0,6,2022,0,False,True,False,False,True,False,False,False,True,False,True
172.15,7860.0,6,2022,0,False,True,False,False,True,False,False,True,False,False,True
109.16,8931.0,6,2022,0,False,False,True,False,True,False,False,False,True,False,True
109.16,7860.0,6,2022,0,False,False,True,False,True,False,False,True,False,False,True
243.52,8931.0,6,2022,0,False,False,True,False,True,False,False,False,True,False,True
243.52,7860.0,6,2022,0,False,False,True,False,True,False,False,True,False,False,True
359.25,8931.0,6,2022,0,True,False,False,False,True,False,False,False,True,False,True
359.25,7860.0,6,2022,0,True,False,False,False,True,False,False,True,False,False,True
480.97,8931.0,6,2022,0,True,False,False,False,True,False,False,False,True,False,True
480.97,7860.0,6,2022,0,True,False,False,False,True,False,False,True,False,False,True
494.48,-1.0,11,2022,0,False,False,True,False,False,False,True,False,False,False,False
188.12,-1.0,11,2022,0,False,False,False,True,False,False,True,False,False,False,False
94.88,-1.0,11,2022,0,False,False,True,False,False,False,True,False,False,False,False
120.03,-1.0,11,2022,0,False,True,False,False,False,False,True,False,False,False,False
175.32,-1.0,29,2022,0,False,True,False,False,False,False,True,False,False,True,False
214.9,-1.0,29,2022,0,True,False,False,False,False,False,True,False,False,True,False
247.84,-1.0,29,2022,0,False,False,False,True,False,False,True,False,False,True,False
353.08,-1.0,7,2022,1,False,False,False,False,False,False,True,False,False,False,False
330.11,-1.0,7,2022,1,False,False,False,False,False,False,True,False,False,False,False
52.48,-1.0,29,2022,0,False,True,False,False,False,False,True,False,False,False,True
451.02,-1.0,29,2022,0,False,True,False,False,False,False,True,False,False,False,True
463.28,-1.0,29,2022,0,True,False,False,False,False,False,True,False,False,False,True
443.65,-1.0,29,2022,0,False,False,False,False,False,False,True,False,False,False,True
10.83,-1.0,29,2022,0,True,False,False,False,False,False,True,False,False,False,True
103.18,3751.0,43,2022,0,False,False,False,True,False,False,False,True,False,False,False
448.32,3751.0,43,2022,0,True,False,False,False,False,False,False,True,False,False,False
197.26,3751.0,43,2022,0,False,False,True,False,False,False,False,True,False,False,False
323.51,3751.0,43,2022,0,False,True,False,False,False,False,False,True,False,False,False
335.95,3751.0,43,2022,0,False,True,False,False,False,False,False,True,False,False,False
455.11,3751.0,43,2022,0,False,False,True,False,False,False,False,True,False,False,False
101.09,3751.0,43,2022,0,False,True,False,False,False,False,False,True,False,False,False
190.2,3751.0,43,2022,0,True,False,False,False,False,False,False,True,False,False,False
174.92,-1.0,4,2022,0,False,False,True,False,False,False,True,False,False,True,False
416.41,-1.0,4,2022,0,False,False,False,True,False,False,True,False,False,True,False
182.67,-1.0,4,2022,0,False,False,False,True,False,False,True,False,False,True,False
80.74,-1.0,4,2022,0,False,False,False,False,False,False,True,False,False,True,False
7.74,-1.0,4,2022,0,False,False,False,True,False,False,True,False,False,True,False
433.03,-1.0,4,2022,0,False,False,False,False,False,False,True,False,False,True,False
204.93,-1.0,4,2022,0,False,False,False,True,False,False,True,False,False,True,False
236.08,2906.0,24,2022,1,False,False,False,True,True,False,False,True,False,False,False
236.08,8308.0,24,2022,1,False,False,False,True,True,False,False,False,True,False,False
498.81,2906.0,24,2022,1,False,False,False,False,True,False,False,True,False,False,False
498.81,8308.0,24,2022,1,False,False,False,False,True,False,False,False,True,False,False
361.14,2906.0,24,2022,1,False,False,False,False,True,False,False,True,False,False,False
361.14,8308.0,24,2022,1,False,False,False,False,True,False,False,False,True,False,False
24.44,2906.0,24,2022,1,False,True,False,False,True,False,False,True,False,False,False
24.44,8308.0,24,2022,1,False,True,False,False,True,False,False,False,True,False,False
317.22,2906.0,24,2022,1,False,True,False,False,True,False,False,True,False,False,False
317.22,8308.0,24,2022,1,False,True,False,False,True,False,False,False,True,False,False
337.5,2906.0,24,2022,1,False,True,False,False,True,False,False,True,False,False,False
337.5,8308.0,24,2022,1,False,True,False,False,True,False,False,False,True,False,False
427.05,2906.0,24,2022,1,False,True,False,False,True,False,False,True,False,False,False
427.05,8308.0,24,2022,1,False,True,False,False,True,False,False,False,True,False,False
102.69,2906.0,24,2022,1,False,False,True,False,True,False,False,True,False,False,False
102.69,8308.0,24,2022,1,False,False,True,False,True,False,False,False,True,False,False
310.5,2906.0,24,2022,1,False,False,False,False,True,False,False,True,False,False,False
310.5,8308.0,24,2022,1,False,False,False,False,True,False,False,False,True,False,False
55.77,4735.0,3,2022,1,True,False,False,False,False,False,False,False,True,False,True
165.83,-1.0,12,2022,0,False,False,False,False,False,False,True,False,False,True,False
323.27,-1.0,12,2022,0,False,False,True,False,False,False,True,False,False,True,False
28.82,-1.0,35,2022,0,False,False,True,False,False,False,True,False,False,False,True
244.2,-1.0,35,2022,0,False,False,True,False,False,False,True,False,False,False,True
39.15,-1.0,8,2022,1,False,True,False,False,False,False,True,False,False,False,False
88.03,-1.0,8,2022,1,False,False,False,True,False,False,True,False,False,False,False
451.89,-1.0,8,2022,1,False,False,False,True,False,False,True,False,False,False,False
415.09,-1.0,8,2022,1,False,True,False,False,False,False,True,False,False,False,False
254.34,5884.0,38,2022,0,False,False,False,True,True,False,False,False,True,True,False
254.34,8574.0,38,2022,0,False,False,False,True,True,False,False,True,False,True,False
459.5,5884.0,38,2022,0,False,True,False,False,True,False,False,False,True,True,False
459.5,8574.0,38,2022,0,False,True,False,False,True,False,False,True,False,True,False
343.42,5884.0,38,2022,0,False,False,True,False,True,False,False,False,True,True,False
343.42,8574.0,38,2022,0,False,False,True,False,True,False,False,True,False,True,False
122.61,5884.0,38,2022,0,False,False,False,False,True,False,False,False,True,True,False
122.61,8574.0,38,2022,0,False,False,False,False,True,False,False,True,False,True,False
257.16,5884.0,38,2022,0,False,False,False,False,True,False,False,False,True,True,False
257.16,8574.0,38,2022,0,False,False,False,False,True,False,False,True,False,True,False
394.23,5884.0,38,2022,0,False,True,False,False,True,False,False,False,True,True,False
394.23,8574.0,38,2022,0,False,True,False,False,True,False,False,True,False,True,False
498.56,5884.0,38,2022,0,True,False,False,False,True,False,False,False,True,True,False
498.56,8574.0,38,2022,0,True,False,False,False,True,False,False,True,False,True,False
480.46,5884.0,38,2022,0,False,False,False,True,True,False,False,False,True,True,False
480.46,8574.0,38,2022,0,False,False,False,True,True,False,False,True,False,True,False
235.26,-1.0,41,2022,0,False,False,False,False,False,False,True,False,False,True,False
405.65,-1.0,41,2022,0,False,False,False,True,False,False,True,False,False,True,False
473.3,-1.0,41,2022,0,False,True,False,False,False,False,True,False,False,True,False
164.74,-1.0,41,2022,0,False,True,False,False,False,False,True,False,False,True,False
30.89,-1.0,41,2022,0,False,False,False,False,False,False,True,False,False,True,False
196.46,-1.0,41,2022,0,False,False,False,True,False,False,True,False,False,True,False
365.9,-1.0,41,2022,0,False,True,False,False,False,False,True,False,False,True,False
193.6,-1.0,41,2022,0,False,False,False,False,False,False,True,False,False,True,False
329.3,-1.0,41,2022,0,False,False,True,False,False,False,True,False,False,True,False
62.9,-1.0,38,2022,1,False,False,False,False,False,False,True,False,False,False,False
373.17,-1.0,38,2022,1,False,False,True,False,False,False,True,False,False,False,False
152.65,-1.0,38,2022,1,True,False,False,False,False,False,True,False,False,False,False
10.97,-1.0,38,2022,1,False,False,False,False,False,False,True,False,False,False,False
82.08,-1.0,38,2022,1,False,False,False,False,False,False,True,False,False,False,False
26.19,3912.0,15,2022,0,False,False,False,False,False,False,False,True,False,False,False
26.19,7353.0,15,2022,0,False,False,False,False,True,False,False,True,False,False,False
82.57,3912.0,15,2022,0,False,True,False,False,False,False,False,True,False,False,False
82.57,7353.0,15,2022,0,False,True,False,False,True,False,False,True,False,False,False
329.78,3912.0,15,2022,0,False,False,True,False,False,False,False,True,False,False,False
329.78,7353.0,15,2022,0,False,False,True,False,True,False,False,True,False,False,False
77.58,3912.0,15,2022,0,False,False,False,False,False,False,False,True,False,False,False
77.58,7353.0,15,2022,0,False,False,False,False,True,False,False,True,False,False,False
470.88,3912.0,15,2022,0,False,False,False,False,False,False,False,True,False,False,False
470.88,7353.0,15,2022,0,False,False,False,False,True,False,False,True,False,False,False
162.13,3912.0,15,2022,0,False,False,False,True,False,False,False,True,False,False,False
162.13,7353.0,15,2022,0,False,False,False,True,True,False,False,True,False,False,False
140.42,3912.0,15,2022,0,False,True,False,False,False,False,False,True,False,False,False
140.42,7353.0,15,2022,0,False,True,False,False,True,False,False,True,False,False,False
405.36,-1.0,5,2022,0,False,True,False,False,False,False,True,False,False,False,True
122.04,-1.0,5,2022,0,False,False,False,False,False,False,True,False,False,False,True
421.28,-1.0,5,2022,0,False,True,False,False,False,False,True,False,False,False,True
32.26,5903.0,40,2022,0,False,False,False,False,True,False,False,False,True,False,True
32.26,3747.0,40,2022,0,False,False,False,False,True,False,False,False,True,False,True
111.76,5903.0,40,2022,0,True,False,False,False,True,False,False,False,True,False,True
111.76,3747.0,40,2022,0,True,False,False,False,True,False,False,False,True,False,True
475.86,5903.0,40,2022,0,False,False,False,True,True,False,False,False,True,False,True
475.86,3747.0,40,2022,0,False,False,False,True,True,False,False,False,True,False,True
440.36,5903.0,40,2022,0,True,False,False,False,True,False,False,False,True,False,True
440.36,3747.0,40,2022,0,True,False,False,False,True,False,False,False,True,False,True
360.83,5903.0,40,2022,0,False,False,False,True,True,False,False,False,True,False,True
360.83,3747.0,40,2022,0,False,False,False,True,True,False,False,False,True,False,True
136.88,5903.0,40,2022,0,False,False,True,False,True,False,False,False,True,False,True
136.88,3747.0,40,2022,0,False,False,True,False,True,False,False,False,True,False,True
225.52,5903.0,40,2022,0,False,False,False,False,True,False,False,False,True,False,True
225.52,3747.0,40,2022,0,False,False,False,False,True,False,False,False,True,False,True
104.0,4683.0,16,2022,0,False,False,False,False,False,True,False,False,True,True,False
35.24,6251.0,46,2022,0,False,False,False,True,True,False,False,False,True,True,False
49.98,6576.0,28,2022,0,False,False,True,False,False,True,False,False,True,False,True
268.56,6576.0,28,2022,0,False,True,False,False,False,True,False,False,True,False,True
488.94,6576.0,28,2022,0,True,False,False,False,False,True,False,False,True,False,True
346.94,-1.0,13,2022,0,False,False,False,False,False,False,True,False,False,False,False
232.5,-1.0,41,2022,0,True,False,False,False,False,False,True,False,False,False,True
420.63,-1.0,41,2022,0,False,False,True,False,False,False,True,False,False,False,True
43.93,-1.0,41,2022,0,True,False,False,False,False,False,True,False,False,False,True
465.95,-1.0,41,2022,0,False,False,False,False,False,False,True,False,False,False,True
41.18,-1.0,41,2022,0,False,False,True,False,False,False,True,False,False,False,True
169.47,-1.0,41,2022,0,False,False,True,False,False,False,True,False,False,False,True
391.99,2633.0,11,2022,0,True,False,False,False,False,False,False,False,True,False,True
80.76,8384.0,37,2022,0,False,True,False,False,True,False,False,True,False,False,False
80.76,2125.0,37,2022,0,False,True,False,False,True,False,False,True,False,False,False
164.49,8384.0,37,2022,0,False,False,True,False,True,False,False,True,False,False,False
164.49,2125.0,37,2022,0,False,False,True,False,True,False,False,True,False,False,False
377.8,8384.0,37,2022,0,False,False,False,False,True,False,False,True,False,False,False
377.8,2125.0,37,2022,0,False,False,False,False,True,False,False,True,False,False,False
191.7,8384.0,37,2022,0,False,False,True,False,True,False,False,True,False,False,False
191.7,2125.0,37,2022,0,False,False,True,False,True,False,False,True,False,False,False
344.64,8384.0,37,2022,0,False,False,False,False,True,False,False,True,False,False,False
344.64,2125.0,37,2022,0,False,False,False,False,True,False,False,True,False,False,False
102.53,4688.0,3,2022,0,False,False,True,False,True,False,False,True,False,False,True
366.21,4688.0,3,2022,0,False,True,False,False,True,False,False,True,False,False,True
101.8,4688.0,3,2022,0,False,False,False,False,True,False,False,True,False,False,True
266.32,4688.0,3,2022,0,False,False,True,False,True,False,False,True,False,False,True
215.65,4688.0,3,2022,0,True,False,False,False,True,False,False,True,False,False,True
390.15,4688.0,3,2022,0,False,False,False,False,True,False,False,True,False,False,True
192.59,4688.0,3,2022,0,False,False,False,False,True,False,False,True,False,False,True
157.29,4688.0,3,2022,0,False,False,True,False,True,False,False,True,False,False,True
119.15,-1.0,8,2022,0,False,False,False,True,False,False,True,False,False,False,False
485.71,-1.0,8,2022,0,True,False,False,False,False,False,True,False,False,False,False
25.82,-1.0,8,2022,0,True,False,False,False,False,False,True,False,False,False,False
35.08,-1.0,8,2022,0,False,False,False,True,False,False,True,False,False,False,False
181.4,-1.0,8,2022,0,False,False,False,True,False,False,True,False,False,False,False
10.91,-1.0,8,2022,0,False,True,False,False,False,False,True,False,False,False,False
89.37,-1.0,8,2022,0,True,False,False,False,False,False,True,False,False,False,False
222.88,-1.0,8,2022,0,True,False,False,False,False,False,True,False,False,False,False
112.98,7909.0,38,2022,0,False,False,True,False,True,False,False,False,True,True,False
442.93,7909.0,38,2022,0,False,False,True,False,True,False,False,False,True,True,False
463.28,6224.0,47,2022,1,False,False,True,False,True,False,False,False,True,False,False
463.28,9724.0,47,2022,1,False,False,True,False,True,False,False,True,False,False,False
20.38,6224.0,47,2022,1,True,False,False,False,True,False,False,False,True,False,False
20.38,9724.0,47,2022,1,True,False,False,False,True,False,False,True,False,False,False
210.08,6224.0,47,2022,1,False,False,True,False,True,False,False,False,True,False,False
210.08,9724.0,47,2022,1,False,False,True,False,True,False,False,True,False,False,False
388.48,6224.0,47,2022,1,False,True,False,False,True,False,False,False,True,False,False
388.48,9724.0,47,2022,1,False,True,False,False,True,False,False,True,False,False,False
403.0,6224.0,47,2022,1,False,False,False,False,True,False,False,False,True,False,False
403.0,9724.0,47,2022,1,False,False,False,False,True,False,False,True,False,False,False
442.8,6224.0,47,2022,1,False,False,False,False,True,False,False,False,True,False,False
442.8,9724.0,47,2022,1,False,False,False,False,True,False,False,True,False,False,False
348.82,6224.0,47,2022,1,False,False,False,True,True,False,False,False,True,False,False
348.82,9724.0,47,2022,1,False,False,False,True,True,False,False,True,False,False,False
487.46,6224.0,47,2022,1,False,True,False,False,True,False,False,False,True,False,False
487.46,9724.0,47,2022,1,False,True,False,False,True,False,False,True,False,False,False
456.0,6224.0,47,2022,1,False,True,False,False,True,False,False,False,True,False,False
456.0,9724.0,47,2022,1,False,True,False,False,True,False,False,True,False,False,False
207.82,2499.0,34,2022,0,False,True,False,False,True,False,False,False,True,False,True
207.82,4922.0,34,2022,0,False,True,False,False,False,True,False,False,True,False,True
56.27,2499.0,34,2022,0,True,False,False,False,True,False,False,False,True,False,True
56.27,4922.0,34,2022,0,True,False,False,False,False,True,False,False,True,False,True
356.3,2499.0,34,2022,0,False,True,False,False,True,False,False,False,True,False,True
356.3,4922.0,34,2022,0,False,True,False,False,False,True,False,False,True,False,True
298.11,2499.0,34,2022,0,False,False,True,False,True,False,False,False,True,False,True
298.11,4922.0,34,2022,0,False,False,True,False,False,True,False,False,True,False,True
303.43,2499.0,34,2022,0,False,False,True,False,True,False,False,False,True,False,True
303.43,4922.0,34,2022,0,False,False,True,False,False,True,False,False,True,False,True
278.96,2499.0,34,2022,0,False,True,False,False,True,False,False,False,True,False,True
278.96,4922.0,34,2022,0,False,True,False,False,False,True,False,False,True,False,True
449.74,2499.0,34,2022,0,False,True,False,False,True,False,False,False,True,False,True
449.74,4922.0,34,2022,0,False,True,False,False,False,True,False,False,True,False,True
162.3,6162.0,38,2022,0,False,True,False,False,False,True,False,False,True,False,False
397.05,6162.0,38,2022,0,False,False,False,True,False,True,False,False,True,False,False
407.9,6162.0,38,2022,0,False,False,False,True,False,True,False,False,True,False,False
157.49,6162.0,38,2022,0,False,False,False,False,False,True,False,False,True,False,False
488.77,6162.0,38,2022,0,True,False,False,False,False,True,False,False,True,False,False
231.7,6162.0,38,2022,0,True,False,False,False,False,True,False,False,True,False,False
134.56,-1.0,42,2022,0,False,False,True,False,False,False,True,False,False,True,False
300.3,-1.0,42,2022,0,True,False,False,False,False,False,True,False,False,True,False
305.08,2737.0,24,2022,0,False,False,False,False,True,False,False,True,False,False,True
305.08,9596.0,24,2022,0,False,False,False,False,False,True,False,False,True,False,True
207.86,2737.0,24,2022,0,False,False,False,False,True,False,False,True,False,False,True
207.86,9596.0,24,2022,0,False,False,False,False,False,True,False,False,True,False,True
148.93,2737.0,24,2022,0,False,True,False,False,True,False,False,True,False,False,True
148.93,9596.0,24,2022,0,False,True,False,False,False,True,False,False,True,False,True
323.99,2737.0,24,2022,0,False,False,True,False,True,False,False,True,False,False,True
323.99,9596.0,24,2022,0,False,False,True,False,False,True,False,False,True,False,True
490.97,2737.0,24,2022,0,False,True,False,False,True,False,False,True,False,False,True
490.97,9596.0,24,2022,0,False,True,False,False,False,True,False,False,True,False,True
74.3,2737.0,24,2022,0,False,False,False,False,True,False,False,True,False,False,True
74.3,9596.0,24,2022,0,False,False,False,False,False,True,False,False,True,False,True
313.02,-1.0,18,2022,0,False,True,False,False,False,False,True,False,False,False,True
157.35,-1.0,18,2022,0,False,False,False,False,False,False,True,False,False,False,True
218.89,-1.0,18,2022,0,False,False,True,False,False,False,True,False,False,False,True
79.73,-1.0,18,2022,0,False,True,False,False,False,False,True,False,False,False,True
152.34,-1.0,18,2022,0,True,False,False,False,False,False,True,False,False,False,True
69.23,6144.0,25,2022,0,True,False,False,False,True,False,False,False,True,False,True
442.42,6144.0,25,2022,0,True,False,False,False,True,False,False,False,True,False,True
303.09,6144.0,25,2022,0,False,False,True,False,True,False,False,False,True,False,True
359.73,8742.0,13,2022,0,False,False,False,False,True,False,False,True,False,False,True
359.73,7427.0,13,2022,0,False,False,False,False,False,True,False,True,False,False,True
334.58,8742.0,13,2022,0,True,False,False,False,True,False,False,True,False,False,True
334.58,7427.0,13,2022,0,True,False,False,False,False,True,False,True,False,False,True
267.86,8742.0,13,2022,0,True,False,False,False,True,False,False,True,False,False,True
267.86,7427.0,13,2022,0,True,False,False,False,False,True,False,True,False,False,True
344.29,8742.0,13,2022,0,False,False,True,False,True,False,False,True,False,False,True
344.29,7427.0,13,2022,0,False,False,True,False,False,True,False,True,False,False,True
453.19,8742.0,13,2022,0,True,False,False,False,True,False,False,True,False,False,True
453.19,7427.0,13,2022,0,True,False,False,False,False,True,False,True,False,False,True
226.2,8742.0,13,2022,0,True,False,False,False,True,False,False,True,False,False,True
226.2,7427.0,13,2022,0,True,False,False,False,False,True,False,True,False,False,True
157.71,8742.0,13,2022,0,True,False,False,False,True,False,False,True,False,False,True
157.71,7427.0,13,2022,0,True,False,False,False,False,True,False,True,False,False,True
94.23,2070.0,39,2022,0,False,False,False,False,False,True,False,False,True,False,True
383.5,2070.0,39,2022,0,False,False,True,False,False,True,False,False,True,False,True
213.86,-1.0,22,2022,0,False,True,False,False,False,False,True,False,False,False,False
413.43,-1.0,22,2022,0,False,False,False,False,False,False,True,False,False,False,False
209.93,7109.0,30,2022,0,True,False,False,False,False,False,False,True,False,True,False
477.94,7109.0,30,2022,0,False,True,False,False,False,False,False,True,False,True,False
367.51,7109.0,30,2022,0,False,False,False,True,False,False,False,True,False,True,False
447.67,7109.0,30,2022,0,False,False,False,False,False,False,False,True,False,True,False
129.52,7109.0,30,2022,0,False,False,True,False,False,False,False,True,False,True,False
108.67,7109.0,30,2022,0,False,False,False,False,False,False,False,True,False,True,False
239.81,7109.0,30,2022,0,True,False,False,False,False,False,False,True,False,True,False
67.15,7109.0,30,2022,0,False,True,False,False,False,False,False,True,False,True,False
15.4,-1.0,30,2022,0,False,False,False,False,False,False,True,False,False,False,False
491.58,-1.0,30,2022,0,False,False,False,True,False,False,True,False,False,False,False
388.59,-1.0,30,2022,0,False,True,False,False,False,False,True,False,False,False,False
125.96,-1.0,30,2022,0,True,False,False,False,False,False,True,False,False,False,False
183.18,-1.0,30,2022,0,False,False,True,False,False,False,True,False,False,False,False
47.39,-1.0,30,2022,0,False,False,False,True,False,False,True,False,False,False,False
470.47,8721.0,37,2022,0,False,True,False,False,False,False,False,False,True,False,True
173.97,8721.0,37,2022,0,False,False,False,True,False,False,False,False,True,False,True
325.74,8721.0,37,2022,0,True,False,False,False,False,False,False,False,True,False,True
212.91,8721.0,37,2022,0,False,False,True,False,False,False,False,False,True,False,True
369.35,8721.0,37,2022,0,False,False,True,False,False,False,False,False,True,False,True
74.35,3360.0,45,2022,0,True,False,False,False,False,True,False,True,False,False,False
86.72,3360.0,45,2022,0,False,False,False,False,False,True,False,True,False,False,False
154.42,2880.0,43,2022,0,False,False,False,False,True,False,False,True,False,False,True
54.27,2880.0,43,2022,0,False,True,False,False,True,False,False,True,False,False,True
237.89,2880.0,43,2022,0,False,True,False,False,True,False,False,True,False,False,True
226.53,2880.0,43,2022,0,True,False,False,False,True,False,False,True,False,False,True
187.0,2880.0,43,2022,0,False,False,False,True,True,False,False,True,False,False,True
387.68,2880.0,43,2022,0,False,False,True,False,True,False,False,True,False,False,True
433.53,-1.0,15,2022,0,False,False,False,False,False,False,True,False,False,True,False
58.04,-1.0,15,2022,0,False,False,False,True,False,False,True,False,False,True,False
105.69,-1.0,15,2022,0,False,True,False,False,False,False,True,False,False,True,False
358.51,-1.0,15,2022,0,False,False,False,False,False,False,True,False,False,True,False
244.67,-1.0,15,2022,0,True,False,False,False,False,False,True,False,False,True,False
229.05,-1.0,15,2022,0,False,True,False,False,False,False,True,False,False,True,False
84.69,-1.0,15,2022,0,False,False,True,False,False,False,True,False,False,True,False
45.32,-1.0,15,2022,0,False,False,True,False,False,False,True,False,False,True,False
87.28,4278.0,35,2022,0,True,False,False,False,False,True,False,False,True,False,False
5.18,4278.0,35,2022,0,False,False,False,False,False,True,False,False,True,False,False
458.37,4278.0,35,2022,0,False,False,True,False,False,True,False,False,True,False,False
419.92,4278.0,35,2022,0,False,True,False,False,False,True,False,False,True,False,False
218.73,4278.0,35,2022,0,False,False,False,True,False,True,False,False,True,False,False
288.53,4278.0,35,2022,0,False,False,False,False,False,True,False,False,True,False,False
101.82,4278.0,35,2022,0,True,False,False,False,False,True,False,False,True,False,False
26.62,4278.0,35,2022,0,False,False,False,False,False,True,False,False,True,False,False
259.27,4278.0,35,2022,0,False,False,False,False,False,True,False,False,True,False,False
330.42,6266.0,6,2022,1,False,False,False,True,False,True,False,False,True,True,False
330.42,7128.0,6,2022,1,False,False,False,True,False,True,False,False,True,True,False
101.43,6266.0,6,2022,1,False,False,False,True,False,True,False,False,True,True,False
101.43,7128.0,6,2022,1,False,False,False,True,False,True,False,False,True,True,False
249.29,6266.0,6,2022,1,False,True,False,False,False,True,False,False,True,True,False
249.29,7128.0,6,2022,1,False,True,False,False,False,True,False,False,True,True,False
22.45,5166.0,11,2022,0,False,False,True,False,False,False,False,True,False,False,False
22.45,8059.0,11,2022,0,False,False,True,False,False,True,False,False,True,False,False
460.14,5166.0,11,2022,0,False,True,False,False,False,False,False,True,False,False,False
460.14,8059.0,11,2022,0,False,True,False,False,False,True,False,False,True,False,False
96.96,5166.0,11,2022,0,False,False,False,True,False,False,False,True,False,False,False
96.96,8059.0,11,2022,0,False,False,False,True,False,True,False,False,True,False,False
80.32,5166.0,11,2022,0,False,False,True,False,False,False,False,True,False,False,False
80.32,8059.0,11,2022,0,False,False,True,False,False,True,False,False,True,False,False
387.25,5166.0,11,2022,0,False,True,False,False,False,False,False,True,False,False,False
387.25,8059.0,11,2022,0,False,True,False,False,False,True,False,False,True,False,False
431.62,5939.0,28,2022,0,False,False,False,True,True,False,False,True,False,False,True
431.62,6486.0,28,2022,0,False,False,False,True,True,False,False,False,True,False,True
155.43,5939.0,28,2022,0,False,True,False,False,True,False,False,True,False,False,True
155.43,6486.0,28,2022,0,False,True,False,False,True,False,False,False,True,False,True
409.65,5939.0,28,2022,0,True,False,False,False,True,False,False,True,False,False,True
409.65,6486.0,28,2022,0,True,False,False,False,True,False,False,False,True,False,True
60.1,5939.0,28,2022,0,False,True,False,False,True,False,False,True,False,False,True
60.1,6486.0,28,2022,0,False,True,False,False,True,False,False,False,True,False,True
496.35,5939.0,28,2022,0,True,False,False,False,True,False,False,True,False,False,True
496.35,6486.0,28,2022,0,True,False,False,False,True,False,False,False,True,False,True
372.43,5939.0,28,2022,0,False,True,False,False,True,False,False,True,False,False,True
372.43,6486.0,28,2022,0,False,True,False,False,True,False,False,False,True,False,True
195.7,5939.0,28,2022,0,False,False,True,False,True,False,False,True,False,False,True
195.7,6486.0,28,2022,0,False,False,True,False,True,False,False,False,True,False,True
44.21,5939.0,28,2022,0,True,False,False,False,True,False,False,True,False,False,True
44.21,6486.0,28,2022,0,True,False,False,False,True,False,False,False,True,False,True
243.79,4803.0,30,2022,0,False,True,False,False,False,False,False,False,True,False,True
70.76,4803.0,30,2022,0,False,False,False,True,False,False,False,False,True,False,True
261.75,4803.0,30,2022,0,True,False,False,False,False,False,False,False,True,False,True
329.72,7378.0,16,2022,0,False,False,False,True,False,True,False,False,True,False,False
329.72,3860.0,16,2022,0,False,False,False,True,True,False,False,True,False,False,False
123.68,7378.0,16,2022,0,False,True,False,False,False,True,False,False,True,False,False
123.68,3860.0,16,2022,0,False,True,False,False,True,False,False,True,False,False,False
271.56,7378.0,16,2022,0,True,False,False,False,False,True,False,False,True,False,False
271.56,3860.0,16,2022,0,True,False,False,False,True,False,False,True,False,False,False
120.66,7378.0,16,2022,0,True,False,False,False,False,True,False,False,True,False,False
120.66,3860.0,16,2022,0,True,False,False,False,True,False,False,True,False,False,False
161.59,7378.0,16,2022,0,False,False,False,True,False,True,False,False,True,False,False
161.59,3860.0,16,2022,0,False,False,False,True,True,False,False,True,False,False,False
161.81,7378.0,16,2022,0,False,False,True,False,False,True,False,False,True,False,False
161.81,3860.0,16,2022,0,False,False,True,False,True,False,False,True,False,False,False
463.64,7378.0,16,2022,0,True,False,False,False,False,True,False,False,True,False,False
463.64,3860.0,16,2022,0,True,False,False,False,True,False,False,True,False,False,False
75.07,7378.0,16,2022,0,False,True,False,False,False,True,False,False,True,False,False
75.07,3860.0,16,2022,0,False,True,False,False,True,False,False,True,False,False,False
424.32,7378.0,16,2022,0,False,False,True,False,False,True,False,False,True,False,False
424.32,3860.0,16,2022,0,False,False,True,False,True,False,False,True,False,False,False
389.35,5245.0,28,2022,0,False,False,True,False,False,False,False,False,True,False,False
389.35,4682.0,28,2022,0,False,False,True,False,False,False,False,False,True,False,False
235.64,5245.0,28,2022,0,False,False,True,False,False,False,False,False,True,False,False
235.64,4682.0,28,2022,0,False,False,True,False,False,False,False,False,True,False,False
50.37,5245.0,28,2022,0,False,False,True,False,False,False,False,False,True,False,False
50.37,4682.0,28,2022,0,False,False,True,False,False,False,False,False,True,False,False
272.39,-1.0,25,2022,0,False,False,False,True,False,False,True,False,False,True,False
66.58,-1.0,25,2022,0,False,False,False,False,False,False,True,False,False,True,False
59.01,2817.0,48,2022,0,False,False,False,False,False,False,False,True,False,True,False
358.17,2817.0,48,2022,0,True,False,False,False,False,False,False,True,False,True,False
213.1,2817.0,48,2022,0,False,False,True,False,False,False,False,True,False,True,False
104.17,2817.0,48,2022,0,False,False,True,False,False,False,False,True,False,True,False
350.12,2817.0,48,2022,0,True,False,False,False,False,False,False,True,False,True,False
394.69,2817.0,48,2022,0,False,False,False,False,False,False,False,True,False,True,False
121.49,2817.0,48,2022,0,False,False,True,False,False,False,False,True,False,True,False
17.89,2817.0,48,2022,0,False,True,False,False,False,False,False,True,False,True,False
476.17,2817.0,48,2022,0,False,False,False,True,False,False,False,True,False,True,False
268.49,9748.0,30,2022,0,True,False,False,False,False,False,False,True,False,False,True
149.44,9748.0,30,2022,0,False,False,True,False,False,False,False,True,False,False,True
459.56,9748.0,30,2022,0,False,False,False,False,False,False,False,True,False,False,True
485.51,9748.0,30,2022,0,False,False,True,False,False,False,False,True,False,False,True
228.01,9748.0,30,2022,0,False,False,False,True,False,False,False,True,False,False,True
447.21,9748.0,30,2022,0,False,True,False,False,False,False,False,True,False,False,True
203.31,9748.0,30,2022,0,False,False,True,False,False,False,False,True,False,False,True
76.13,9748.0,30,2022,0,False,True,False,False,False,False,False,True,False,False,True
493.76,-1.0,45,2022,1,False,False,False,True,False,False,True,False,False,True,False
89.34,-1.0,45,2022,1,False,False,False,False,False,False,True,False,False,True,False
323.09,5698.0,14,2022,0,True,False,False,False,True,False,False,True,False,True,False
323.09,9217.0,14,2022,0,True,False,False,False,False,False,False,True,False,True,False
344.42,5698.0,14,2022,0,False,False,False,True,True,False,False,True,False,True,False
344.42,9217.0,14,2022,0,False,False,False,True,False,False,False,True,False,True,False
179.05,5698.0,14,2022,0,False,False,False,True,True,False,False,True,False,True,False
179.05,9217.0,14,2022,0,False,False,False,True,False,False,False,True,False,True,False
271.85,5698.0,14,2022,0,False,False,False,False,True,False,False,True,False,True,False
271.85,9217.0,14,2022,0,False,False,False,False,False,False,False,True,False,True,False
108.19,-1.0,27,2022,0,False,False,True,False,False,False,True,False,False,False,True
252.57,-1.0,27,2022,0,True,False,False,False,False,False,True,False,False,False,True
13.15,-1.0,27,2022,0,False,False,False,False,False,False,True,False,False,False,True
260.61,-1.0,27,2022,0,False,False,True,False,False,False,True,False,False,False,True
298.72,-1.0,27,2022,0,True,False,False,False,False,False,True,False,False,False,True
198.79,-1.0,27,2022,0,False,True,False,False,False,False,True,False,False,False,True
270.38,-1.0,48,2022,0,False,True,False,False,False,False,True,False,False,False,True
351.3,-1.0,48,2022,0,False,True,False,False,False,False,True,False,False,False,True
53.15,-1.0,48,2022,0,False,True,False,False,False,False,True,False,False,False,True
390.89,-1.0,48,2022,0,False,False,True,False,False,False,True,False,False,False,True
353.88,-1.0,48,2022,0,False,False,False,False,False,False,True,False,False,False,True
473.86,-1.0,48,2022,0,False,True,False,False,False,False,True,False,False,False,True
270.99,-1.0,48,2022,0,False,False,False,False,False,False,True,False,False,False,True
79.47,-1.0,48,2022,0,False,False,True,False,False,False,True,False,False,False,True
395.36,-1.0,48,2022,0,True,False,False,False,False,False,True,False,False,False,True
488.88,9027.0,30,2022,0,False,False,True,False,False,True,False,True,False,False,False
115.94,9027.0,30,2022,0,False,False,True,False,False,True,False,True,False,False,False
107.67,2229.0,10,2022,0,True,False,False,False,False,False,False,False,True,True,False
107.67,8086.0,10,2022,0,True,False,False,False,True,False,False,False,True,True,False
280.8,2229.0,10,2022,0,True,False,False,False,False,False,False,False,True,True,False
280.8,8086.0,10,2022,0,True,False,False,False,True,False,False,False,True,True,False
79.71,2229.0,10,2022,0,True,False,False,False,False,False,False,False,True,True,False
79.71,8086.0,10,2022,0,True,False,False,False,True,False,False,False,True,True,False
498.9,2229.0,10,2022,0,False,False,True,False,False,False,False,False,True,True,False
498.9,8086.0,10,2022,0,False,False,True,False,True,False,False,False,True,True,False
200.79,-1.0,20,2022,1,False,False,True,False,False,False,True,False,False,False,False
83.78,-1.0,20,2022,1,False,True,False,False,False,False,True,False,False,False,False
254.96,3012.0,44,2022,0,False,False,False,False,False,True,False,True,False,True,False
254.96,7159.0,44,2022,0,False,False,False,False,False,False,False,False,True,True,False
207.63,3012.0,44,2022,0,False,True,False,False,False,True,False,True,False,True,False
207.63,7159.0,44,2022,0,False,True,False,False,False,False,False,False,True,True,False
155.68,3012.0,44,2022,0,False,False,False,True,False,True,False,True,False,True,False
155.68,7159.0,44,2022,0,False,False,False,True,False,False,False,False,True,True,False
391.54,3080.0,7,2022,0,False,False,True,False,True,False,False,False,True,False,True
391.54,2893.0,7,2022,0,False,False,True,False,True,False,False,True,False,False,True
435.75,3080.0,7,2022,0,False,False,False,False,True,False,False,False,True,False,True
435.75,2893.0,7,2022,0,False,False,False,False,True,False,False,True,False,False,True
63.34,3080.0,7,2022,0,False,False,True,False,True,False,False,False,True,False,True
63.34,2893.0,7,2022,0,False,False,True,False,True,False,False,True,False,False,True
472.13,3080.0,7,2022,0,False,False,False,True,True,False,False,False,True,False,True
472.13,2893.0,7,2022,0,False,False,False,True,True,False,False,True,False,False,True
186.75,3080.0,7,2022,0,True,False,False,False,True,False,False,False,True,False,True
186.75,2893.0,7,2022,0,True,False,False,False,True,False,False,True,False,False,True
280.86,3080.0,7,2022,0,True,False,False,False,True,False,False,False,True,False,True
280.86,2893.0,7,2022,0,True,False,False,False,True,False,False,True,False,False,True
313.56,3080.0,7,2022,0,False,False,True,False,True,False,False,False,True,False,True
313.56,2893.0,7,2022,0,False,False,True,False,True,False,False,True,False,False,True
456.48,3080.0,7,2022,0,False,False,False,False,True,False,False,False,True,False,True
456.48,2893.0,7,2022,0,False,False,False,False,True,False,False,True,False,False,True
496.89,4355.0,34,2022,0,True,False,False,False,False,False,False,True,False,False,True
64.64,4355.0,34,2022,0,False,False,True,False,False,False,False,True,False,False,True
97.39,4355.0,34,2022,0,True,False,False,False,False,False,False,True,False,False,True
61.4,4355.0,34,2022,0,True,False,False,False,False,False,False,True,False,False,True
367.17,4355.0,34,2022,0,True,False,False,False,False,False,False,True,False,False,True
84.86,4355.0,34,2022,0,True,False,False,False,False,False,False,True,False,False,True
437.1,9885.0,27,2022,0,True,False,False,False,True,False,False,True,False,False,True
437.1,3454.0,27,2022,0,True,False,False,False,True,False,False,True,False,False,True
48.25,9885.0,27,2022,0,True,False,False,False,True,False,False,True,False,False,True
48.25,3454.0,27,2022,0,True,False,False,False,True,False,False,True,False,False,True
188.18,9885.0,27,2022,0,True,False,False,False,True,False,False,True,False,False,True
188.18,3454.0,27,2022,0,True,False,False,False,True,False,False,True,False,False,True
65.48,9885.0,27,2022,0,False,False,False,True,True,False,False,True,False,False,True
65.48,3454.0,27,2022,0,False,False,False,True,True,False,False,True,False,False,True
250.45,9885.0,27,2022,0,False,False,False,False,True,False,False,True,False,False,True
250.45,3454.0,27,2022,0,False,False,False,False,True,False,False,True,False,False,True
345.16,9885.0,27,2022,0,False,False,True,False,True,False,False,True,False,False,True
345.16,3454.0,27,2022,0,False,False,True,False,True,False,False,True,False,False,True
162.36,9885.0,27,2022,0,False,False,False,True,True,False,False,True,False,False,True
162.36,3454.0,27,2022,0,False,False,False,True,True,False,False,True,False,False,True
89.93,9885.0,27,2022,0,False,False,True,False,True,False,False,True,False,False,True
89.93,3454.0,27,2022,0,False,False,True,False,True,False,False,True,False,False,True
469.85,9885.0,27,2022,0,False,False,False,False,True,False,False,True,False,False,True
469.85,3454.0,27,2022,0,False,False,False,False,True,False,False,True,False,False,True
99.89,8792.0,23,2022,1,False,False,False,True,False,True,False,False,True,True,False
99.89,2849.0,23,2022,1,False,False,False,True,False,False,False,True,False,True,False
170.23,8792.0,23,2022,1,False,False,False,True,False,True,False,False,True,True,False
170.23,2849.0,23,2022,1,False,False,False,True,False,False,False,True,False,True,False
181.76,8792.0,23,2022,1,False,False,True,False,False,True,False,False,True,True,False
181.76,2849.0,23,2022,1,False,False,True,False,False,False,False,True,False,True,False
417.24,8792.0,23,2022,1,False,True,False,False,False,True,False,False,True,True,False
417.24,2849.0,23,2022,1,False,True,False,False,False,False,False,True,False,True,False
216.62,8792.0,23,2022,1,False,False,False,False,False,True,False,False,True,True,False
216.62,2849.0,23,2022,1,False,False,False,False,False,False,False,True,False,True,False
475.21,8792.0,23,2022,1,False,False,False,False,False,True,False,False,True,True,False
475.21,2849.0,23,2022,1,False,False,False,False,False,False,False,True,False,True,False
138.67,-1.0,46,2022,0,False,False,False,True,False,False,True,False,False,False,True
323.96,-1.0,46,2022,0,False,False,False,False,False,False,True,False,False,False,True
405.13,-1.0,46,2022,0,True,False,False,False,False,False,True,False,False,False,True
254.31,-1.0,46,2022,0,False,False,False,True,False,False,True,False,False,False,True
7.34,-1.0,45,2022,0,False,False,False,False,False,False,True,False,False,False,True
331.36,-1.0,45,2022,0,False,False,True,False,False,False,True,False,False,False,True
200.98,-1.0,45,2022,0,True,False,False,False,False,False,True,False,False,False,True
264.97,-1.0,25,2022,0,False,False,False,True,False,False,True,False,False,False,False
431.05,-1.0,25,2022,0,False,False,False,True,False,False,True,False,False,False,False
318.9,-1.0,25,2022,0,False,False,False,False,False,False,True,False,False,False,False
482.48,-1.0,25,2022,0,False,False,False,False,False,False,True,False,False,False,False
114.32,-1.0,25,2022,0,False,False,True,False,False,False,True,False,False,False,False
469.98,-1.0,25,2022,0,False,False,True,False,False,False,True,False,False,False,False
308.98,9257.0,28,2022,1,False,False,False,False,True,False,False,True,False,False,False
314.25,9257.0,28,2022,1,False,False,True,False,True,False,False,True,False,False,False
158.33,9257.0,28,2022,1,False,False,False,False,True,False,False,True,False,False,False
352.08,9257.0,28,2022,1,False,True,False,False,True,False,False,True,False,False,False
350.48,9257.0,28,2022,1,False,False,False,True,True,False,False,True,False,False,False
198.41,8305.0,18,2022,0,False,False,False,True,False,True,False,False,True,True,False
198.41,2658.0,18,2022,0,False,False,False,True,True,False,False,False,True,True,False
462.84,8305.0,18,2022,0,False,False,False,False,False,True,False,False,True,True,False
462.84,2658.0,18,2022,0,False,False,False,False,True,False,False,False,True,True,False
26.34,8305.0,18,2022,0,False,False,False,True,False,True,False,False,True,True,False
26.34,2658.0,18,2022,0,False,False,False,True,True,False,False,False,True,True,False
101.5,8305.0,18,2022,0,False,False,False,True,False,True,False,False,True,True,False
101.5,2658.0,18,2022,0,False,False,False,True,True,False,False,False,True,True,False
18.8,8305.0,18,2022,0,False,False,True,False,False,True,False,False,True,True,False
18.8,2658.0,18,2022,0,False,False,True,False,True,False,False,False,True,True,False
258.25,8305.0,18,2022,0,True,False,False,False,False,True,False,False,True,True,False
258.25,2658.0,18,2022,0,True,False,False,False,True,False,False,False,True,True,False
193.74,8305.0,18,2022,0,False,False,False,False,False,True,False,False,True,True,False
193.74,2658.0,18,2022,0,False,False,False,False,True,False,False,False,True,True,False
401.82,8305.0,18,2022,0,False,False,False,True,False,True,False,False,True,True,False
401.82,2658.0,18,2022,0,False,False,False,True,True,False,False,False,True,True,False
63.8,8305.0,18,2022,0,True,False,False,False,False,True,False,False,True,True,False
63.8,2658.0,18,2022,0,True,False,False,False,True,False,False,False,True,True,False
384.04,7040.0,13,2022,0,True,False,False,False,False,False,False,True,False,False,True
191.93,7040.0,13,2022,0,False,True,False,False,False,False,False,True,False,False,True
477.75,9300.0,13,2022,0,False,False,False,True,False,True,False,False,True,True,False
477.75,3725.0,13,2022,0,False,False,False,True,True,False,False,True,False,True,False
44.23,7110.0,45,2022,0,False,False,False,False,True,False,False,True,False,True,False
201.99,7110.0,45,2022,0,False,False,False,True,True,False,False,True,False,True,False
40.91,7110.0,45,2022,0,False,True,False,False,True,False,False,True,False,True,False
200.55,7110.0,45,2022,0,False,False,False,True,True,False,False,True,False,True,False
339.09,7110.0,45,2022,0,False,False,False,True,True,False,False,True,False,True,False
268.73,7110.0,45,2022,0,False,False,False,False,True,False,False,True,False,True,False
52.79,7110.0,45,2022,0,False,True,False,False,True,False,False,True,False,True,False
146.92,7110.0,45,2022,0,False,False,False,False,True,False,False,True,False,True,False
14.01,7110.0,45,2022,0,False,False,False,True,True,False,False,True,False,True,False
135.18,5732.0,34,2022,1,False,True,False,False,False,False,False,False,True,False,False
238.97,5732.0,34,2022,1,True,False,False,False,False,False,False,False,True,False,False
405.41,5732.0,34,2022,1,False,True,False,False,False,False,False,False,True,False,False
221.27,5732.0,34,2022,1,True,False,False,False,False,False,False,False,True,False,False
215.69,5732.0,34,2022,1,True,False,False,False,False,False,False,False,True,False,False
345.23,5732.0,34,2022,1,False,False,False,True,False,False,False,False,True,False,False
166.32,5732.0,34,2022,1,False,False,True,False,False,False,False,False,True,False,False
386.53,5732.0,34,2022,1,False,False,False,True,False,False,False,False,True,False,False
463.35,5732.0,34,2022,1,False,False,False,False,False,False,False,False,True,False,False
253.05,6016.0,14,2022,1,False,False,True,False,True,False,False,True,False,False,False
253.05,6708.0,14,2022,1,False,False,True,False,False,False,False,True,False,False,False
91.44,6016.0,14,2022,1,False,True,False,False,True,False,False,True,False,False,False
91.44,6708.0,14,2022,1,False,True,False,False,False,False,False,True,False,False,False
142.52,6016.0,14,2022,1,False,True,False,False,True,False,False,True,False,False,False
142.52,6708.0,14,2022,1,False,True,False,False,False,False,False,True,False,False,False
113.4,6016.0,14,2022,1,False,False,True,False,True,False,False,True,False,False,False
113.4,6708.0,14,2022,1,False,False,True,False,False,False,False,True,False,False,False
92.72,6016.0,14,2022,1,True,False,False,False,True,False,False,True,False,False,False
92.72,6708.0,14,2022,1,True,False,False,False,False,False,False,True,False,False,False
496.99,-1.0,28,2022,0,False,False,False,True,False,False,True,False,False,False,False
169.28,5203.0,13,2022,0,False,False,False,False,False,True,False,True,False,True,False
33.02,5203.0,13,2022,0,False,False,False,False,False,True,False,True,False,True,False
498.03,5203.0,13,2022,0,False,True,False,False,False,True,False,True,False,True,False
348.92,5203.0,13,2022,0,True,False,False,False,False,True,False,True,False,True,False
29.95,5203.0,13,2022,0,False,True,False,False,False,True,False,True,False,True,False
334.87,4575.0,34,2022,0,True,False,False,False,True,False,False,True,False,False,True
334.87,2027.0,34,2022,0,True,False,False,False,False,False,False,True,False,False,True
238.58,4575.0,34,2022,0,False,False,False,False,True,False,False,True,False,False,True
238.58,2027.0,34,2022,0,False,False,False,False,False,False,False,True,False,False,True
336.78,4575.0,34,2022,0,False,True,False,False,True,False,False,True,False,False,True
336.78,2027.0,34,2022,0,False,True,False,False,False,False,False,True,False,False,True
212.99,-1.0,5,2022,0,False,False,True,False,False,False,True,False,False,False,False
203.4,-1.0,5,2022,0,False,False,False,False,False,False,True,False,False,False,False
209.36,-1.0,5,2022,0,True,False,False,False,False,False,True,False,False,False,False
278.98,-1.0,5,2022,0,False,False,True,False,False,False,True,False,False,False,False
225.61,-1.0,5,2022,0,False,False,True,False,False,False,True,False,False,False,False
331.71,-1.0,5,2022,0,False,True,False,False,False,False,True,False,False,False,False
324.95,-1.0,5,2022,0,False,True,False,False,False,False,True,False,False,False,False
402.69,-1.0,5,2022,0,False,False,True,False,False,False,True,False,False,False,False
72.63,-1.0,40,2022,0,False,False,False,True,False,False,True,False,False,False,False
191.76,-1.0,40,2022,0,False,False,False,False,False,False,True,False,False,False,False
459.88,-1.0,40,2022,0,True,False,False,False,False,False,True,False,False,False,False
263.88,-1.0,40,2022,0,True,False,False,False,False,False,True,False,False,False,False
80.31,-1.0,40,2022,0,False,False,True,False,False,False,True,False,False,False,False
176.8,9250.0,10,2022,0,False,False,True,False,False,True,False,True,False,False,False
176.8,8596.0,10,2022,0,False,False,True,False,False,False,False,False,True,False,False
379.53,9250.0,10,2022,0,False,False,False,True,False,True,False,True,False,False,False
379.53,8596.0,10,2022,0,False,False,False,True,False,False,False,False,True,False,False
151.61,9250.0,10,2022,0,False,True,False,False,False,True,False,True,False,False,False
151.61,8596.0,10,2022,0,False,True,False,False,False,False,False,False,True,False,False
200.99,9250.0,10,2022,0,False,False,True,False,False,True,False,True,False,False,False
200.99,8596.0,10,2022,0,False,False,True,False,False,False,False,False,True,False,False
348.52,9250.0,10,2022,0,False,False,True,False,False,True,False,True,False,False,False
348.52,8596.0,10,2022,0,False,False,True,False,False,False,False,False,True,False,False
149.5,2202.0,36,2022,0,False,False,True,False,True,False,False,False,True,False,True
149.5,6780.0,36,2022,0,False,False,True,False,False,True,False,False,True,False,True
369.57,2202.0,36,2022,0,False,False,True,False,True,False,False,False,True,False,True
369.57,6780.0,36,2022,0,False,False,True,False,False,True,False,False,True,False,True
94.86,2202.0,36,2022,0,True,False,False,False,True,False,False,False,True,False,True
94.86,6780.0,36,2022,0,True,False,False,False,False,True,False,False,True,False,True
97.61,2202.0,36,2022,0,True,False,False,False,True,False,False,False,True,False,True
97.61,6780.0,36,2022,0,True,False,False,False,False,True,False,False,True,False,True
193.06,2202.0,36,2022,0,False,False,False,True,True,False,False,False,True,False,True
193.06,6780.0,36,2022,0,False,False,False,True,False,True,False,False,True,False,True
66.07,2202.0,36,2022,0,False,False,False,True,True,False,False,False,True,False,True
66.07,6780.0,36,2022,0,False,False,False,True,False,True,False,False,True,False,True
302.14,9943.0,6,2022,0,False,False,False,False,False,False,False,False,True,True,False
302.14,3634.0,6,2022,0,False,False,False,False,False,True,False,True,False,True,False
180.32,9943.0,6,2022,0,False,False,True,False,False,False,False,False,True,True,False
180.32,3634.0,6,2022,0,False,False,True,False,False,True,False,True,False,True,False
37.04,9943.0,6,2022,0,False,False,True,False,False,False,False,False,True,True,False
37.04,3634.0,6,2022,0,False,False,True,False,False,True,False,True,False,True,False
333.32,9943.0,6,2022,0,False,False,False,True,False,False,False,False,True,True,False
333.32,3634.0,6,2022,0,False,False,False,True,False,True,False,True,False,True,False
80.66,9943.0,6,2022,0,False,True,False,False,False,False,False,False,True,True,False
80.66,3634.0,6,2022,0,False,True,False,False,False,True,False,True,False,True,False
95.42,9943.0,6,2022,0,False,False,False,True,False,False,False,False,True,True,False
95.42,3634.0,6,2022,0,False,False,False,True,False,True,False,True,False,True,False
471.73,9943.0,6,2022,0,False,False,True,False,False,False,False,False,True,True,False
471.73,3634.0,6,2022,0,False,False,True,False,False,True,False,True,False,True,False
49.08,4233.0,21,2022,0,False,False,True,False,True,False,False,False,True,True,False
49.08,5276.0,21,2022,0,False,False,True,False,False,True,False,False,True,True,False
206.39,4233.0,21,2022,0,False,False,False,False,True,False,False,False,True,True,False
206.39,5276.0,21,2022,0,False,False,False,False,False,True,False,False,True,True,False
467.71,4233.0,21,2022,0,False,False,True,False,True,False,False,False,True,True,False
467.71,5276.0,21,2022,0,False,False,True,False,False,True,False,False,True,True,False
401.4,4233.0,21,2022,0,False,False,False,True,True,False,False,False,True,True,False
401.4,5276.0,21,2022,0,False,False,False,True,False,True,False,False,True,True,False
393.2,-1.0,35,2022,0,False,True,False,False,False,False,True,False,False,False,True
48.41,-1.0,35,2022,0,False,False,False,False,False,False,True,False,False,False,True
65.26,-1.0,35,2022,0,True,False,False,False,False,False,True,False,False,False,True
362.2,-1.0,35,2022,0,False,False,False,False,False,False,True,False,False,False,True
123.77,-1.0,35,2022,0,False,True,False,False,False,False,True,False,False,False,True
455.92,-1.0,35,2022,0,True,False,False,False,False,False,True,False,False,False,True
153.11,-1.0,35,2022,0,True,False,False,False,False,False,True,False,False,False,True
317.04,-1.0,35,2022,0,False,False,False,True,False,False,True,False,False,False,True
41.49,-1.0,16,2022,0,False,False,False,False,False,False,True,False,False,True,False
156.07,8904.0,20,2022,1,False,True,False,False,True,False,False,True,False,False,True
162.11,8904.0,20,2022,1,False,False,False,True,True,False,False,True,False,False,True
495.15,8904.0,20,2022,1,True,False,False,False,True,False,False,True,False,False,True
429.12,8904.0,20,2022,1,False,False,False,False,True,False,False,True,False,False,True
344.45,8904.0,20,2022,1,False,True,False,False,True,False,False,True,False,False,True
297.39,2133.0,31,2022,0,False,False,True,False,False,False,False,False,True,False,False
297.39,2146.0,31,2022,0,False,False,True,False,True,False,False,True,False,False,False
459.53,2133.0,31,2022,0,False,False,False,False,False,False,False,False,True,False,False
459.53,2146.0,31,2022,0,False,False,False,False,True,False,False,True,False,False,False
210.71,2133.0,31,2022,0,False,False,True,False,False,False,False,False,True,False,False
210.71,2146.0,31,2022,0,False,False,True,False,True,False,False,True,False,False,False
276.74,2133.0,31,2022,0,False,False,False,False,False,False,False,False,True,False,False
276.74,2146.0,31,2022,0,False,False,False,False,True,False,False,True,False,False,False
403.36,2133.0,31,2022,0,True,False,False,False,False,False,False,False,True,False,False
403.36,2146.0,31,2022,0,True,False,False,False,True,False,False,True,False,False,False
259.71,-1.0,5,2022,1,False,True,False,False,False,False,True,False,False,False,True
225.37,-1.0,5,2022,1,False,False,False,False,False,False,True,False,False,False,True
15.74,-1.0,5,2022,1,False,False,True,False,False,False,True,False,False,False,True
286.41,-1.0,5,2022,1,False,True,False,False,False,False,True,False,False,False,True
250.9,-1.0,5,2022,1,False,False,True,False,False,False,True,False,False,False,True
449.87,-1.0,5,2022,1,False,False,True,False,False,False,True,False,False,False,True
195.29,2118.0,6,2022,0,False,False,False,True,False,False,False,False,True,True,False
195.29,8759.0,6,2022,0,False,False,False,True,False,True,False,True,False,True,False
384.45,2118.0,6,2022,0,False,True,False,False,False,False,False,False,True,True,False
384.45,8759.0,6,2022,0,False,True,False,False,False,True,False,True,False,True,False
102.73,2118.0,6,2022,0,False,True,False,False,False,False,False,False,True,True,False
102.73,8759.0,6,2022,0,False,True,False,False,False,True,False,True,False,True,False
350.37,2118.0,6,2022,0,False,False,False,False,False,False,False,False,True,True,False
350.37,8759.0,6,2022,0,False,False,False,False,False,True,False,True,False,True,False
153.24,2118.0,6,2022,0,False,False,True,False,False,False,False,False,True,True,False
153.24,8759.0,6,2022,0,False,False,True,False,False,True,False,True,False,True,False
105.83,2118.0,6,2022,0,True,False,False,False,False,False,False,False,True,True,False
105.83,8759.0,6,2022,0,True,False,False,False,False,True,False,True,False,True,False
49.28,2118.0,6,2022,0,False,False,False,True,False,False,False,False,True,True,False
49.28,8759.0,6,2022,0,False,False,False,True,False,True,False,True,False,True,False
446.03,2118.0,6,2022,0,False,False,False,True,False,False,False,False,True,True,False
446.03,8759.0,6,2022,0,False,False,False,True,False,True,False,True,False,True,False
277.29,2118.0,6,2022,0,False,False,True,False,False,False,False,False,True,True,False
277.29,8759.0,6,2022,0,False,False,True,False,False,True,False,True,False,True,False
463.86,3327.0,2,2022,0,False,False,False,True,False,True,False,True,False,False,False
156.48,3327.0,2,2022,0,True,False,False,False,False,True,False,True,False,False,False
99.08,3327.0,2,2022,0,False,False,False,False,False,True,False,True,False,False,False
490.68,3327.0,2,2022,0,False,False,False,True,False,True,False,True,False,False,False
179.31,3327.0,2,2022,0,False,True,False,False,False,True,False,True,False,False,False
173.65,3327.0,2,2022,0,False,True,False,False,False,True,False,True,False,False,False
395.65,8469.0,39,2022,0,False,True,False,False,False,False,False,False,True,False,False
155.76,8469.0,39,2022,0,False,False,True,False,False,False,False,False,True,False,False
336.49,8469.0,39,2022,0,True,False,False,False,False,False,False,False,True,False,False
55.87,8469.0,39,2022,0,False,False,False,False,False,False,False,False,True,False,False
385.3,8469.0,39,2022,0,True,False,False,False,False,False,False,False,True,False,False
322.27,8469.0,39,2022,0,False,True,False,False,False,False,False,False,True,False,False
456.25,8469.0,39,2022,0,False,False,False,True,False,False,False,False,True,False,False
93.38,6969.0,22,2022,0,True,False,False,False,False,True,False,True,False,False,False
455.23,6969.0,22,2022,0,True,False,False,False,False,True,False,True,False,False,False
308.14,8743.0,11,2022,1,False,False,False,False,True,False,False,False,True,False,False
197.04,8743.0,11,2022,1,False,False,True,False,True,False,False,False,True,False,False
18.26,8743.0,11,2022,1,True,False,False,False,True,False,False,False,True,False,False
221.51,8743.0,11,2022,1,False,True,False,False,True,False,False,False,True,False,False
297.84,8743.0,11,2022,1,False,True,False,False,True,False,False,False,True,False,False
128.19,-1.0,15,2022,0,False,True,False,False,False,False,True,False,False,False,True
398.63,-1.0,15,2022,0,False,True,False,False,False,False,True,False,False,False,True
333.21,-1.0,15,2022,0,False,False,True,False,False,False,True,False,False,False,True
56.94,-1.0,15,2022,0,False,False,True,False,False,False,True,False,False,False,True
56.92,-1.0,15,2022,0,False,False,True,False,False,False,True,False,False,False,True
159.79,-1.0,15,2022,0,False,True,False,False,False,False,True,False,False,False,True
365.81,6927.0,13,2022,0,False,True,False,False,True,False,False,True,False,True,False
365.81,8967.0,13,2022,0,False,True,False,False,True,False,False,False,True,True,False
311.59,6927.0,13,2022,0,False,False,False,False,True,False,False,True,False,True,False
311.59,8967.0,13,2022,0,False,False,False,False,True,False,False,False,True,True,False
410.45,6927.0,13,2022,0,False,False,False,True,True,False,False,True,False,True,False
410.45,8967.0,13,2022,0,False,False,False,True,True,False,False,False,True,True,False
479.86,6927.0,13,2022,0,False,False,False,True,True,False,False,True,False,True,False
479.86,8967.0,13,2022,0,False,False,False,True,True,False,False,False,True,True,False
288.14,2210.0,33,2022,0,False,False,True,False,True,False,False,True,False,True,False
292.94,2210.0,33,2022,0,False,False,False,True,True,False,False,True,False,True,False
492.58,2210.0,33,2022,0,False,False,True,False,True,False,False,True,False,True,False
161.11,2210.0,33,2022,0,False,False,True,False,True,False,False,True,False,True,False
315.93,2210.0,33,2022,0,False,False,False,True,True,False,False,True,False,True,False
261.19,2210.0,33,2022,0,False,False,False,False,True,False,False,True,False,True,False
148.88,2210.0,33,2022,0,False,True,False,False,True,False,False,True,False,True,False
247.85,5795.0,46,2022,0,True,False,False,False,True,False,False,True,False,False,False
247.85,7390.0,46,2022,0,True,False,False,False,True,False,False,False,True,False,False
289.21,5795.0,46,2022,0,False,True,False,False,True,False,False,True,False,False,False
289.21,7390.0,46,2022,0,False,True,False,False,True,False,False,False,True,False,False
288.49,5795.0,46,2022,0,False,False,True,False,True,False,False,True,False,False,False
288.49,7390.0,46,2022,0,False,False,True,False,True,False,False,False,True,False,False
149.53,5795.0,46,2022,0,False,False,True,False,True,False,False,True,False,False,False
149.53,7390.0,46,2022,0,False,False,True,False,True,False,False,False,True,False,False
182.47,5795.0,46,2022,0,False,False,True,False,True,False,False,True,False,False,False
182.47,7390.0,46,2022,0,False,False,True,False,True,False,False,False,True,False,False
492.41,5795.0,46,2022,0,False,True,False,False,True,False,False,True,False,False,False
492.41,7390.0,46,2022,0,False,True,False,False,True,False,False,False,True,False,False
178.04,5795.0,46,2022,0,True,False,False,False,True,False,False,True,False,False,False
178.04,7390.0,46,2022,0,True,False,False,False,True,False,False,False,True,False,False
164.18,5795.0,46,2022,0,False,False,False,False,True,False,False,True,False,False,False
164.18,7390.0,46,2022,0,False,False,False,False,True,False,False,False,True,False,False
149.22,5795.0,46,2022,0,False,False,False,True,True,False,False,True,False,False,False
149.22,7390.0,46,2022,0,False,False,False,True,True,False,False,False,True,False,False
26.23,2929.0,14,2022,0,False,False,True,False,False,False,False,False,True,False,True
26.23,8153.0,14,2022,0,False,False,True,False,False,False,False,True,False,False,True
71.8,2929.0,14,2022,0,True,False,False,False,False,False,False,False,True,False,True
71.8,8153.0,14,2022,0,True,False,False,False,False,False,False,True,False,False,True
241.7,2929.0,14,2022,0,False,False,False,False,False,False,False,False,True,False,True
241.7,8153.0,14,2022,0,False,False,False,False,False,False,False,True,False,False,True
94.11,2929.0,14,2022,0,False,False,False,False,False,False,False,False,True,False,True
94.11,8153.0,14,2022,0,False,False,False,False,False,False,False,True,False,False,True
218.93,2929.0,14,2022,0,False,False,True,False,False,False,False,False,True,False,True
218.93,8153.0,14,2022,0,False,False,True,False,False,False,False,True,False,False,True
281.85,2929.0,14,2022,0,False,False,False,False,False,False,False,False,True,False,True
281.85,8153.0,14,2022,0,False,False,False,False,False,False,False,True,False,False,True
5.76,2929.0,14,2022,0,False,False,False,False,False,False,False,False,True,False,True
5.76,8153.0,14,2022,0,False,False,False,False,False,False,False,True,False,False,True
315.0,2929.0,14,2022,0,False,True,False,False,False,False,False,False,True,False,True
315.0,8153.0,14,2022,0,False,True,False,False,False,False,False,True,False,False,True
329.52,-1.0,39,2022,1,False,False,False,False,False,False,True,False,False,True,False
148.67,-1.0,39,2022,1,True,False,False,False,False,False,True,False,False,True,False
29.93,-1.0,39,2022,1,True,False,False,False,False,False,True,False,False,True,False
64.33,-1.0,39,2022,1,False,False,False,False,False,False,True,False,False,True,False
468.7,-1.0,39,2022,1,False,False,False,False,False,False,True,False,False,True,False
425.53,8888.0,2,2022,1,False,False,False,False,True,False,False,True,False,False,True
425.53,6801.0,2,2022,1,False,False,False,False,False,False,False,True,False,False,True
231.64,8888.0,2,2022,1,False,True,False,False,True,False,False,True,False,False,True
231.64,6801.0,2,2022,1,False,True,False,False,False,False,False,True,False,False,True
453.78,8888.0,2,2022,1,False,False,False,True,True,False,False,True,False,False,True
453.78,6801.0,2,2022,1,False,False,False,True,False,False,False,True,False,False,True
24.26,8888.0,2,2022,1,False,True,False,False,True,False,False,True,False,False,True
24.26,6801.0,2,2022,1,False,True,False,False,False,False,False,True,False,False,True
76.14,8888.0,2,2022,1,False,False,True,False,True,False,False,True,False,False,True
76.14,6801.0,2,2022,1,False,False,True,False,False,False,False,True,False,False,True
158.97,8888.0,2,2022,1,True,False,False,False,True,False,False,True,False,False,True
158.97,6801.0,2,2022,1,True,False,False,False,False,False,False,True,False,False,True
212.9,8888.0,2,2022,1,False,True,False,False,True,False,False,True,False,False,True
212.9,6801.0,2,2022,1,False,True,False,False,False,False,False,True,False,False,True
172.48,8888.0,2,2022,1,True,False,False,False,True,False,False,True,False,False,True
172.48,6801.0,2,2022,1,True,False,False,False,False,False,False,True,False,False,True
73.32,5445.0,10,2022,0,False,False,False,True,True,False,False,True,False,False,True
403.39,5445.0,10,2022,0,False,True,False,False,True,False,False,True,False,False,True
437.03,5445.0,10,2022,0,False,False,False,True,True,False,False,True,False,False,True
201.93,5445.0,10,2022,0,False,False,False,False,True,False,False,True,False,False,True
152.9,5445.0,10,2022,0,True,False,False,False,True,False,False,True,False,False,True
404.92,5445.0,10,2022,0,True,False,False,False,True,False,False,True,False,False,True
348.89,5445.0,10,2022,0,False,False,False,True,True,False,False,True,False,False,True
409.43,5445.0,10,2022,0,True,False,False,False,True,False,False,True,False,False,True
350.35,5445.0,10,2022,0,False,True,False,False,True,False,False,True,False,False,True
111.29,5374.0,42,2022,1,True,False,False,False,True,False,False,True,False,False,True
111.29,8824.0,42,2022,1,True,False,False,False,False,True,False,True,False,False,True
330.03,5374.0,42,2022,1,False,True,False,False,True,False,False,True,False,False,True
330.03,8824.0,42,2022,1,False,True,False,False,False,True,False,True,False,False,True
235.01,8455.0,30,2022,0,True,False,False,False,False,True,False,True,False,True,False
235.01,9493.0,30,2022,0,True,False,False,False,True,False,False,False,True,True,False
164.41,8455.0,30,2022,0,True,False,False,False,False,True,False,True,False,True,False
164.41,9493.0,30,2022,0,True,False,False,False,True,False,False,False,True,True,False
343.51,8455.0,30,2022,0,False,False,False,False,False,True,False,True,False,True,False
343.51,9493.0,30,2022,0,False,False,False,False,True,False,False,False,True,True,False
341.06,8455.0,30,2022,0,False,False,False,False,False,True,False,True,False,True,False
341.06,9493.0,30,2022,0,False,False,False,False,True,False,False,False,True,True,False
297.18,8455.0,30,2022,0,False,True,False,False,False,True,False,True,False,True,False
297.18,9493.0,30,2022,0,False,True,False,False,True,False,False,False,True,True,False
433.81,4052.0,32,2022,0,False,True,False,False,False,True,False,True,False,False,True
52.89,4052.0,32,2022,0,False,False,False,False,False,True,False,True,False,False,True
189.83,4052.0,32,2022,0,True,False,False,False,False,True,False,True,False,False,True
400.82,4052.0,32,2022,0,False,True,False,False,False,True,False,True,False,False,True
25.55,4052.0,32,2022,0,False,False,False,False,False,True,False,True,False,False,True
86.25,4052.0,32,2022,0,False,True,False,False,False,True,False,True,False,False,True
463.77,6457.0,9,2022,0,False,False,False,False,False,False,False,True,False,False,True
463.77,8898.0,9,2022,0,False,False,False,False,False,False,False,True,False,False,True
496.91,6457.0,9,2022,0,False,False,False,True,False,False,False,True,False,False,True
496.91,8898.0,9,2022,0,False,False,False,True,False,False,False,True,False,False,True
300.0,6457.0,9,2022,0,False,False,False,False,False,False,False,True,False,False,True
300.0,8898.0,9,2022,0,False,False,False,False,False,False,False,True,False,False,True
363.46,6457.0,9,2022,0,False,False,False,True,False,False,False,True,False,False,True
363.46,8898.0,9,2022,0,False,False,False,True,False,False,False,True,False,False,True
438.8,6457.0,9,2022,0,False,True,False,False,False,False,False,True,False,False,True
438.8,8898.0,9,2022,0,False,True,False,False,False,False,False,True,False,False,True
367.81,6457.0,9,2022,0,True,False,False,False,False,False,False,True,False,False,True
367.81,8898.0,9,2022,0,True,False,False,False,False,False,False,True,False,False,True
230.08,3549.0,48,2022,0,True,False,False,False,True,False,False,True,False,True,False
249.15,3549.0,48,2022,0,True,False,False,False,True,False,False,True,False,True,False
21.2,3549.0,48,2022,0,False,True,False,False,True,False,False,True,False,True,False
492.61,3549.0,48,2022,0,False,False,False,False,True,False,False,True,False,True,False
457.81,-1.0,16,2022,0,False,False,False,False,False,False,True,False,False,False,True
239.38,-1.0,16,2022,0,False,True,False,False,False,False,True,False,False,False,True
293.05,-1.0,16,2022,0,False,False,True,False,False,False,True,False,False,False,True
53.71,-1.0,16,2022,0,False,True,False,False,False,False,True,False,False,False,True
353.45,-1.0,16,2022,0,False,False,False,False,False,False,True,False,False,False,True
434.45,-1.0,16,2022,0,True,False,False,False,False,False,True,False,False,False,True
97.79,-1.0,16,2022,0,False,True,False,False,False,False,True,False,False,False,True
374.91,-1.0,16,2022,0,False,False,False,False,False,False,True,False,False,False,True
5.4,-1.0,16,2022,0,False,False,False,True,False,False,True,False,False,False,True
459.8,9626.0,39,2022,0,False,True,False,False,False,True,False,True,False,False,True
117.65,9626.0,39,2022,0,False,True,False,False,False,True,False,True,False,False,True
264.77,9626.0,39,2022,0,False,True,False,False,False,True,False,True,False,False,True
80.0,9626.0,39,2022,0,False,False,True,False,False,True,False,True,False,False,True
159.66,4603.0,5,2022,0,False,False,False,False,True,False,False,True,False,False,False
159.66,7499.0,5,2022,0,False,False,False,False,True,False,False,True,False,False,False
36.01,4603.0,5,2022,0,False,False,False,False,True,False,False,True,False,False,False
36.01,7499.0,5,2022,0,False,False,False,False,True,False,False,True,False,False,False
190.09,4603.0,5,2022,0,True,False,False,False,True,False,False,True,False,False,False
190.09,7499.0,5,2022,0,True,False,False,False,True,False,False,True,False,False,False
202.72,4603.0,5,2022,0,False,False,True,False,True,False,False,True,False,False,False
202.72,7499.0,5,2022,0,False,False,True,False,True,False,False,True,False,False,False
293.43,4603.0,5,2022,0,False,False,True,False,True,False,False,True,False,False,False
293.43,7499.0,5,2022,0,False,False,True,False,True,False,False,True,False,False,False
72.04,4603.0,5,2022,0,False,False,False,False,True,False,False,True,False,False,False
72.04,7499.0,5,2022,0,False,False,False,False,True,False,False,True,False,False,False
262.51,6098.0,46,2022,1,False,False,True,False,True,False,False,False,True,False,False
274.28,6098.0,46,2022,1,False,False,False,True,True,False,False,False,True,False,False
267.92,6098.0,46,2022,1,False,False,True,False,True,False,False,False,True,False,False
107.42,6098.0,46,2022,1,False,False,False,True,True,False,False,False,True,False,False
312.15,5458.0,15,2022,0,False,True,False,False,False,True,False,True,False,True,False
312.15,7105.0,15,2022,0,False,True,False,False,False,False,False,False,True,True,False
382.56,5458.0,15,2022,0,True,False,False,False,False,True,False,True,False,True,False
382.56,7105.0,15,2022,0,True,False,False,False,False,False,False,False,True,True,False
93.08,5458.0,15,2022,0,False,True,False,False,False,True,False,True,False,True,False
93.08,7105.0,15,2022,0,False,True,False,False,False,False,False,False,True,True,False
31.75,5458.0,15,2022,0,True,False,False,False,False,True,False,True,False,True,False
31.75,7105.0,15,2022,0,True,False,False,False,False,False,False,False,True,True,False
393.55,5458.0,15,2022,0,False,False,False,True,False,True,False,True,False,True,False
393.55,7105.0,15,2022,0,False,False,False,True,False,False,False,False,True,True,False
338.11,-1.0,4,2022,0,True,False,False,False,False,False,True,False,False,False,True
454.68,-1.0,4,2022,0,False,False,True,False,False,False,True,False,False,False,True
179.88,-1.0,4,2022,0,False,False,False,False,False,False,True,False,False,False,True
60.96,-1.0,4,2022,0,True,False,False,False,False,False,True,False,False,False,True
104.63,-1.0,4,2022,0,False,False,False,True,False,False,True,False,False,False,True
284.49,-1.0,4,2022,0,True,False,False,False,False,False,True,False,False,False,True
199.24,-1.0,4,2022,0,False,False,False,False,False,False,True,False,False,False,True
69.57,4245.0,24,2022,0,True,False,False,False,False,True,False,False,True,False,False
69.57,9532.0,24,2022,0,True,False,False,False,False,True,False,True,False,False,False
434.72,4245.0,24,2022,0,True,False,False,False,False,True,False,False,True,False,False
434.72,9532.0,24,2022,0,True,False,False,False,False,True,False,True,False,False,False
387.68,3737.0,25,2022,0,False,True,False,False,True,False,False,False,True,False,True
64.82,3737.0,25,2022,0,False,False,False,False,True,False,False,False,True,False,True
206.6,3737.0,25,2022,0,False,False,False,False,True,False,False,False,True,False,True
327.7,3737.0,25,2022,0,False,False,False,False,True,False,False,False,True,False,True
342.64,3737.0,25,2022,0,False,False,True,False,True,False,False,False,True,False,True
248.13,3737.0,25,2022,0,True,False,False,False,True,False,False,False,True,False,True
464.17,3737.0,25,2022,0,False,False,True,False,True,False,False,False,True,False,True
94.65,3737.0,25,2022,0,False,False,True,False,True,False,False,False,True,False,True
217.37,2615.0,37,2022,0,True,False,False,False,False,True,False,True,False,False,True
402.82,2615.0,37,2022,0,False,False,False,True,False,True,False,True,False,False,True
461.38,2615.0,37,2022,0,True,False,False,False,False,True,False,True,False,False,True
451.44,2615.0,37,2022,0,False,False,False,True,False,True,False,True,False,False,True
176.28,2615.0,37,2022,0,False,False,True,False,False,True,False,True,False,False,True
365.09,2615.0,37,2022,0,True,False,False,False,False,True,False,True,False,False,True
144.15,2615.0,37,2022,0,False,True,False,False,False,True,False,True,False,False,True
45.66,2153.0,24,2022,0,True,False,False,False,False,False,False,True,False,False,True
136.08,2153.0,24,2022,0,False,False,False,True,False,False,False,True,False,False,True
463.45,2153.0,24,2022,0,False,False,True,False,False,False,False,True,False,False,True
285.16,2153.0,24,2022,0,False,False,False,True,False,False,False,True,False,False,True
139.51,2153.0,24,2022,0,False,True,False,False,False,False,False,True,False,False,True
30.76,2153.0,24,2022,0,False,True,False,False,False,False,False,True,False,False,True
266.12,7775.0,42,2022,1,False,False,False,False,False,False,False,True,False,True,False
54.87,7775.0,42,2022,1,False,True,False,False,False,False,False,True,False,True,False
100.31,7775.0,42,2022,1,True,False,False,False,False,False,False,True,False,True,False
362.15,-1.0,13,2022,1,False,False,True,False,False,False,True,False,False,False,False
119.98,-1.0,13,2022,1,False,False,True,False,False,False,True,False,False,False,False
465.22,-1.0,13,2022,1,False,True,False,False,False,False,True,False,False,False,False
270.06,-1.0,13,2022,1,False,False,False,True,False,False,True,False,False,False,False
372.13,9002.0,20,2022,0,True,False,False,False,True,False,False,True,False,True,False
372.13,7272.0,20,2022,0,True,False,False,False,True,False,False,False,True,True,False
39.63,9002.0,20,2022,0,True,False,False,False,True,False,False,True,False,True,False
39.63,7272.0,20,2022,0,True,False,False,False,True,False,False,False,True,True,False
465.79,9002.0,20,2022,0,False,False,False,True,True,False,False,True,False,True,False
465.79,7272.0,20,2022,0,False,False,False,True,True,False,False,False,True,True,False
152.59,9002.0,20,2022,0,True,False,False,False,True,False,False,True,False,True,False
152.59,7272.0,20,2022,0,True,False,False,False,True,False,False,False,True,True,False
229.92,9002.0,20,2022,0,True,False,False,False,True,False,False,True,False,True,False
229.92,7272.0,20,2022,0,True,False,False,False,True,False,False,False,True,True,False
499.57,9002.0,20,2022,0,False,False,False,True,True,False,False,True,False,True,False
499.57,7272.0,20,2022,0,False,False,False,True,True,False,False,False,True,True,False
367.49,-1.0,5,2022,0,False,False,False,True,False,False,True,False,False,False,False
137.66,-1.0,5,2022,0,False,False,False,False,False,False,True,False,False,False,False
68.58,-1.0,5,2022,0,True,False,False,False,False,False,True,False,False,False,False
11.26,-1.0,5,2022,0,False,False,False,True,False,False,True,False,False,False,False
52.24,-1.0,5,2022,0,False,False,True,False,False,False,True,False,False,False,False
431.04,-1.0,5,2022,0,True,False,False,False,False,False,True,False,False,False,False
27.65,-1.0,5,2022,0,False,False,False,False,False,False,True,False,False,False,False
307.82,-1.0,5,2022,0,True,False,False,False,False,False,True,False,False,False,False
78.62,-1.0,5,2022,0,False,True,False,False,False,False,True,False,False,False,False
254.76,9209.0,20,2022,0,False,False,False,False,False,False,False,True,False,True,False
280.19,9209.0,20,2022,0,False,True,False,False,False,False,False,True,False,True,False
461.0,9209.0,20,2022,0,True,False,False,False,False,False,False,True,False,True,False
294.13,9209.0,20,2022,0,False,False,False,False,False,False,False,True,False,True,False
441.85,7467.0,18,2022,0,False,True,False,False,False,False,False,True,False,True,False
429.26,7467.0,18,2022,0,False,False,True,False,False,False,False,True,False,True,False
318.96,3097.0,39,2022,1,False,False,False,True,True,False,False,True,False,False,False
318.96,7000.0,39,2022,1,False,False,False,True,False,False,False,True,False,False,False
288.81,3097.0,39,2022,1,False,False,False,False,True,False,False,True,False,False,False
288.81,7000.0,39,2022,1,False,False,False,False,False,False,False,True,False,False,False
274.25,3097.0,39,2022,1,False,False,False,True,True,False,False,True,False,False,False
274.25,7000.0,39,2022,1,False,False,False,True,False,False,False,True,False,False,False
111.75,3097.0,39,2022,1,False,True,False,False,True,False,False,True,False,False,False
111.75,7000.0,39,2022,1,False,True,False,False,False,False,False,True,False,False,False
427.62,3097.0,39,2022,1,False,False,False,True,True,False,False,True,False,False,False
427.62,7000.0,39,2022,1,False,False,False,True,False,False,False,True,False,False,False
459.89,3097.0,39,2022,1,False,False,False,False,True,False,False,True,False,False,False
459.89,7000.0,39,2022,1,False,False,False,False,False,False,False,True,False,False,False
161.01,3097.0,39,2022,1,False,False,True,False,True,False,False,True,False,False,False
161.01,7000.0,39,2022,1,False,False,True,False,False,False,False,True,False,False,False
460.83,-1.0,49,2022,0,False,False,False,False,False,False,True,False,False,False,True
82.36,-1.0,49,2022,0,False,False,False,False,False,False,True,False,False,False,True
185.34,-1.0,49,2022,0,False,False,False,True,False,False,True,False,False,False,True
335.91,-1.0,49,2022,0,False,False,False,False,False,False,True,False,False,False,True
443.26,-1.0,49,2022,0,False,False,False,False,False,False,True,False,False,False,True
35.03,-1.0,49,2022,0,False,False,False,False,False,False,True,False,False,False,True
284.25,-1.0,49,2022,0,False,True,False,False,False,False,True,False,False,False,True
379.31,-1.0,49,2022,0,False,False,True,False,False,False,True,False,False,False,True
65.05,6970.0,3,2022,0,False,True,False,False,False,True,False,True,False,True,False
65.05,3646.0,3,2022,0,False,True,False,False,True,False,False,True,False,True,False
79.07,6970.0,3,2022,0,False,False,False,False,False,True,False,True,False,True,False
79.07,3646.0,3,2022,0,False,False,False,False,True,False,False,True,False,True,False
360.71,6970.0,3,2022,0,False,False,False,False,False,True,False,True,False,True,False
360.71,3646.0,3,2022,0,False,False,False,False,True,False,False,True,False,True,False
216.02,6970.0,3,2022,0,False,True,False,False,False,True,False,True,False,True,False
216.02,3646.0,3,2022,0,False,True,False,False,True,False,False,True,False,True,False
107.96,6970.0,3,2022,0,False,True,False,False,False,True,False,True,False,True,False
107.96,3646.0,3,2022,0,False,True,False,False,True,False,False,True,False,True,False
183.15,6970.0,3,2022,0,False,False,False,False,False,True,False,True,False,True,False
183.15,3646.0,3,2022,0,False,False,False,False,True,False,False,True,False,True,False
237.31,6970.0,3,2022,0,False,False,True,False,False,True,False,True,False,True,False
237.31,3646.0,3,2022,0,False,False,True,False,True,False,False,True,False,True,False
91.24,6970.0,3,2022,0,False,False,False,True,False,True,False,True,False,True,False
91.24,3646.0,3,2022,0,False,False,False,True,True,False,False,True,False,True,False
309.76,6970.0,3,2022,0,True,False,False,False,False,True,False,True,False,True,False
309.76,3646.0,3,2022,0,True,False,False,False,True,False,False,True,False,True,False
18.09,-1.0,44,2022,0,False,False,False,True,False,False,True,False,False,True,False
475.29,-1.0,44,2022,0,False,False,True,False,False,False,True,False,False,True,False
185.06,-1.0,31,2022,0,False,False,True,False,False,False,True,False,False,True,False
35.95,-1.0,31,2022,0,False,False,True,False,False,False,True,False,False,True,False
14.1,-1.0,31,2022,0,True,False,False,False,False,False,True,False,False,True,False
416.07,-1.0,31,2022,0,False,False,False,False,False,False,True,False,False,True,False
201.36,-1.0,31,2022,0,False,False,True,False,False,False,True,False,False,True,False
73.24,-1.0,31,2022,0,False,False,False,True,False,False,True,False,False,True,False
111.94,-1.0,31,2022,0,False,False,False,False,False,False,True,False,False,True,False
261.65,-1.0,31,2022,0,False,False,False,False,False,False,True,False,False,True,False
20.13,-1.0,30,2022,0,True,False,False,False,False,False,True,False,False,False,True
153.21,-1.0,30,2022,0,False,False,False,True,False,False,True,False,False,False,True
66.3,-1.0,30,2022,0,False,False,False,True,False,False,True,False,False,False,True
98.26,-1.0,30,2022,0,True,False,False,False,False,False,True,False,False,False,True
186.95,9448.0,41,2022,0,False,True,False,False,False,False,False,True,False,True,False
248.09,9448.0,41,2022,0,False,False,False,True,False,False,False,True,False,True,False
264.65,9448.0,41,2022,0,True,False,False,False,False,False,False,True,False,True,False
140.75,9448.0,41,2022,0,True,False,False,False,False,False,False,True,False,True,False
161.25,9448.0,41,2022,0,True,False,False,False,False,False,False,True,False,True,False
93.14,9448.0,41,2022,0,True,False,False,False,False,False,False,True,False,True,False
124.78,9448.0,41,2022,0,True,False,False,False,False,False,False,True,False,True,False
76.13,9448.0,41,2022,0,False,True,False,False,False,False,False,True,False,True,False
58.98,5389.0,24,2022,0,False,False,False,False,True,False,False,False,True,False,True
241.79,5389.0,24,2022,0,True,False,False,False,True,False,False,False,True,False,True
251.83,5389.0,24,2022,0,False,False,True,False,True,False,False,False,True,False,True
241.81,5389.0,24,2022,0,False,True,False,False,True,False,False,False,True,False,True
190.85,5389.0,24,2022,0,False,False,True,False,True,False,False,False,True,False,True
157.86,-1.0,5,2022,0,False,False,False,True,False,False,True,False,False,True,False
408.6,-1.0,5,2022,0,False,False,True,False,False,False,True,False,False,True,False
179.44,6608.0,20,2022,0,False,True,False,False,False,False,False,True,False,False,False
125.51,6608.0,20,2022,0,False,False,True,False,False,False,False,True,False,False,False
178.72,9404.0,24,2022,0,False,False,False,True,False,False,False,False,True,False,False
178.72,2637.0,24,2022,0,False,False,False,True,False,True,False,False,True,False,False
340.9,9404.0,24,2022,0,False,False,False,True,False,False,False,False,True,False,False
340.9,2637.0,24,2022,0,False,False,False,True,False,True,False,False,True,False,False
250.62,9404.0,24,2022,0,False,False,False,True,False,False,False,False,True,False,False
250.62,2637.0,24,2022,0,False,False,False,True,False,True,False,False,True,False,False
227.11,9404.0,24,2022,0,False,False,True,False,False,False,False,False,True,False,False
227.11,2637.0,24,2022,0,False,False,True,False,False,True,False,False,True,False,False
148.43,9404.0,24,2022,0,False,False,False,False,False,False,False,False,True,False,False
148.43,2637.0,24,2022,0,False,False,False,False,False,True,False,False,True,False,False
485.9,9404.0,24,2022,0,True,False,False,False,False,False,False,False,True,False,False
485.9,2637.0,24,2022,0,True,False,False,False,False,True,False,False,True,False,False
39.66,9404.0,24,2022,0,False,False,False,False,False,False,False,False,True,False,False
39.66,2637.0,24,2022,0,False,False,False,False,False,True,False,False,True,False,False
200.97,9404.0,24,2022,0,False,False,True,False,False,False,False,False,True,False,False
200.97,2637.0,24,2022,0,False,False,True,False,False,True,False,False,True,False,False
402.93,9404.0,24,2022,0,False,False,False,False,False,False,False,False,True,False,False
402.93,2637.0,24,2022,0,False,False,False,False,False,True,False,False,True,False,False
301.06,3534.0,17,2022,1,False,True,False,False,False,True,False,True,False,True,False
126.58,3534.0,17,2022,1,False,False,False,True,False,True,False,True,False,True,False
223.74,3534.0,17,2022,1,False,False,True,False,False,True,False,True,False,True,False
318.01,-1.0,8,2022,0,False,False,True,False,False,False,True,False,False,True,False
22.44,-1.0,21,2022,0,False,False,True,False,False,False,True,False,False,False,True
28.54,-1.0,21,2022,0,True,False,False,False,False,False,True,False,False,False,True
31.78,-1.0,21,2022,0,False,False,False,False,False,False,True,False,False,False,True
280.56,-1.0,21,2022,0,True,False,False,False,False,False,True,False,False,False,True
312.35,-1.0,21,2022,0,True,False,False,False,False,False,True,False,False,False,True
49.1,-1.0,21,2022,0,False,False,False,False,False,False,True,False,False,False,True
235.86,-1.0,21,2022,0,False,False,False,False,False,False,True,False,False,False,True
67.92,-1.0,21,2022,0,False,False,False,False,False,False,True,False,False,False,True
58.5,-1.0,21,2022,0,False,False,True,False,False,False,True,False,False,False,True
149.77,2747.0,14,2022,1,True,False,False,False,False,False,False,False,True,False,False
55.47,2747.0,14,2022,1,False,True,False,False,False,False,False,False,True,False,False
255.02,2747.0,14,2022,1,False,True,False,False,False,False,False,False,True,False,False
94.85,2747.0,14,2022,1,False,False,False,False,False,False,False,False,True,False,False
442.76,2747.0,14,2022,1,True,False,False,False,False,False,False,False,True,False,False
101.58,2747.0,14,2022,1,False,False,True,False,False,False,False,False,True,False,False
442.88,-1.0,38,2022,1,False,False,False,False,False,False,True,False,False,True,False
328.16,-1.0,38,2022,1,False,True,False,False,False,False,True,False,False,True,False
388.23,-1.0,38,2022,1,True,False,False,False,False,False,True,False,False,True,False
491.34,-1.0,38,2022,1,False,False,False,True,False,False,True,False,False,True,False
409.82,-1.0,38,2022,1,False,True,False,False,False,False,True,False,False,True,False
257.5,-1.0,38,2022,1,False,False,False,False,False,False,True,False,False,True,False
402.75,4664.0,32,2022,0,False,False,True,False,True,False,False,False,True,True,False
428.95,4664.0,32,2022,0,False,False,True,False,True,False,False,False,True,True,False
178.81,4664.0,32,2022,0,False,True,False,False,True,False,False,False,True,True,False
351.08,4664.0,32,2022,0,True,False,False,False,True,False,False,False,True,True,False
144.37,-1.0,36,2022,0,False,True,False,False,False,False,True,False,False,True,False
14.13,-1.0,40,2022,0,False,False,False,True,False,False,True,False,False,False,True
381.86,-1.0,40,2022,0,True,False,False,False,False,False,True,False,False,False,True
212.27,6228.0,4,2022,1,True,False,False,False,False,True,False,False,True,False,False
267.15,6228.0,4,2022,1,False,False,True,False,False,True,False,False,True,False,False
47.42,6228.0,4,2022,1,False,False,False,False,False,True,False,False,True,False,False
218.86,6228.0,4,2022,1,False,False,True,False,False,True,False,False,True,False,False
291.46,6228.0,4,2022,1,False,False,False,True,False,True,False,False,True,False,False
34.36,6228.0,4,2022,1,False,False,False,False,False,True,False,False,True,False,False
132.91,6228.0,4,2022,1,True,False,False,False,False,True,False,False,True,False,False
213.52,6228.0,4,2022,1,False,False,True,False,False,True,False,False,True,False,False
383.15,-1.0,21,2022,0,True,False,False,False,False,False,True,False,False,False,True
184.58,-1.0,21,2022,0,False,False,False,False,False,False,True,False,False,False,True
81.79,-1.0,21,2022,0,False,False,False,True,False,False,True,False,False,False,True
351.83,-1.0,21,2022,0,False,False,False,True,False,False,True,False,False,False,True
462.27,-1.0,21,2022,0,False,False,False,True,False,False,True,False,False,False,True
480.2,5999.0,25,2022,0,False,True,False,False,False,True,False,False,True,False,False
42.67,5999.0,25,2022,0,False,True,False,False,False,True,False,False,True,False,False
189.22,5999.0,25,2022,0,False,True,False,False,False,True,False,False,True,False,False
121.71,5999.0,25,2022,0,True,False,False,False,False,True,False,False,True,False,False
166.99,5999.0,25,2022,0,False,False,True,False,False,True,False,False,True,False,False
300.0,8783.0,45,2022,0,False,False,False,False,False,True,False,False,True,False,False
486.18,8783.0,45,2022,0,False,False,True,False,False,True,False,False,True,False,False
42.37,8783.0,45,2022,0,False,False,True,False,False,True,False,False,True,False,False
440.47,8783.0,45,2022,0,False,False,False,False,False,True,False,False,True,False,False
252.84,8783.0,45,2022,0,False,True,False,False,False,True,False,False,True,False,False
302.59,3563.0,1,2022,0,False,True,False,False,False,False,False,True,False,False,False
158.49,3563.0,1,2022,0,False,False,False,False,False,False,False,True,False,False,False
82.55,3563.0,1,2022,0,False,False,True,False,False,False,False,True,False,False,False
98.82,3563.0,1,2022,0,False,False,False,True,False,False,False,True,False,False,False
182.75,3563.0,1,2022,0,False,False,True,False,False,False,False,True,False,False,False
56.15,3149.0,47,2022,1,False,True,False,False,True,False,False,True,False,False,False
56.15,8648.0,47,2022,1,False,True,False,False,False,False,False,True,False,False,False
248.41,3149.0,47,2022,1,False,False,True,False,True,False,False,True,False,False,False
248.41,8648.0,47,2022,1,False,False,True,False,False,False,False,True,False,False,False
32.68,3149.0,47,2022,1,False,True,False,False,True,False,False,True,False,False,False
32.68,8648.0,47,2022,1,False,True,False,False,False,False,False,True,False,False,False
52.36,3149.0,47,2022,1,False,True,False,False,True,False,False,True,False,False,False
52.36,8648.0,47,2022,1,False,True,False,False,False,False,False,True,False,False,False
437.15,3149.0,47,2022,1,False,False,True,False,True,False,False,True,False,False,False
437.15,8648.0,47,2022,1,False,False,True,False,False,False,False,True,False,False,False
303.69,3149.0,47,2022,1,False,True,False,False,True,False,False,True,False,False,False
303.69,8648.0,47,2022,1,False,True,False,False,False,False,False,True,False,False,False
103.15,-1.0,13,2022,0,False,False,False,True,False,False,True,False,False,False,True
86.41,-1.0,13,2022,0,True,False,False,False,False,False,True,False,False,False,True
385.53,-1.0,13,2022,0,True,False,False,False,False,False,True,False,False,False,True
347.93,-1.0,13,2022,0,False,False,True,False,False,False,True,False,False,False,True
70.87,-1.0,13,2022,0,False,True,False,False,False,False,True,False,False,False,True
387.2,-1.0,13,2022,0,False,False,False,True,False,False,True,False,False,False,True
218.92,-1.0,13,2022,0,True,False,False,False,False,False,True,False,False,False,True
466.26,2233.0,16,2022,0,False,True,False,False,False,False,False,True,False,True,False
466.26,5610.0,16,2022,0,False,True,False,False,True,False,False,False,True,True,False
67.09,2233.0,16,2022,0,False,False,False,True,False,False,False,True,False,True,False
67.09,5610.0,16,2022,0,False,False,False,True,True,False,False,False,True,True,False
30.05,2233.0,16,2022,0,True,False,False,False,False,False,False,True,False,True,False
30.05,5610.0,16,2022,0,True,False,False,False,True,False,False,False,True,True,False
61.52,2233.0,16,2022,0,False,False,True,False,False,False,False,True,False,True,False
61.52,5610.0,16,2022,0,False,False,True,False,True,False,False,False,True,True,False
65.82,2233.0,16,2022,0,False,True,False,False,False,False,False,True,False,True,False
65.82,5610.0,16,2022,0,False,True,False,False,True,False,False,False,True,True,False
329.41,2233.0,16,2022,0,False,False,False,False,False,False,False,True,False,True,False
329.41,5610.0,16,2022,0,False,False,False,False,True,False,False,False,True,True,False
142.05,2233.0,16,2022,0,False,False,False,False,False,False,False,True,False,True,False
142.05,5610.0,16,2022,0,False,False,False,False,True,False,False,False,True,True,False
240.73,2233.0,16,2022,0,False,True,False,False,False,False,False,True,False,True,False
240.73,5610.0,16,2022,0,False,True,False,False,True,False,False,False,True,True,False
327.0,2233.0,16,2022,0,False,False,False,False,False,False,False,True,False,True,False
327.0,5610.0,16,2022,0,False,False,False,False,True,False,False,False,True,True,False
266.24,-1.0,29,2022,0,False,False,True,False,False,False,True,False,False,False,False
253.65,-1.0,29,2022,0,False,True,False,False,False,False,True,False,False,False,False
221.73,-1.0,29,2022,0,False,False,False,True,False,False,True,False,False,False,False
58.22,-1.0,29,2022,0,False,True,False,False,False,False,True,False,False,False,False
382.76,-1.0,29,2022,0,True,False,False,False,False,False,True,False,False,False,False
128.71,7971.0,39,2022,0,False,False,False,True,False,False,False,True,False,False,False
106.63,7971.0,39,2022,0,False,False,False,True,False,False,False,True,False,False,False
248.34,7971.0,39,2022,0,False,False,False,True,False,False,False,True,False,False,False
14.76,7971.0,39,2022,0,False,True,False,False,False,False,False,True,False,False,False
499.39,7971.0,39,2022,0,False,False,False,True,False,False,False,True,False,False,False
398.25,8385.0,29,2022,1,True,False,False,False,True,False,False,False,True,False,True
101.52,8385.0,29,2022,1,False,False,True,False,True,False,False,False,True,False,True
270.02,8385.0,29,2022,1,False,False,False,False,True,False,False,False,True,False,True
67.51,8385.0,29,2022,1,False,False,True,False,True,False,False,False,True,False,True
404.29,8385.0,29,2022,1,False,True,False,False,True,False,False,False,True,False,True
267.47,8385.0,29,2022,1,False,True,False,False,True,False,False,False,True,False,True
289.58,8385.0,29,2022,1,False,False,True,False,True,False,False,False,True,False,True
30.82,8385.0,29,2022,1,False,False,True,False,True,False,False,False,True,False,True
393.64,2385.0,12,2022,0,False,False,False,True,False,False,False,True,False,False,False
320.05,2385.0,12,2022,0,False,False,False,True,False,False,False,True,False,False,False
393.87,2385.0,12,2022,0,False,False,False,True,False,False,False,True,False,False,False
191.11,2385.0,12,2022,0,True,False,False,False,False,False,False,True,False,False,False
421.85,2385.0,12,2022,0,False,False,False,True,False,False,False,True,False,False,False
388.61,2385.0,12,2022,0,False,False,False,False,False,False,False,True,False,False,False
417.04,2385.0,12,2022,0,True,False,False,False,False,False,False,True,False,False,False
280.52,2385.0,12,2022,0,False,False,False,False,False,False,False,True,False,False,False
303.04,2620.0,31,2022,0,True,False,False,False,False,False,False,True,False,False,True
248.84,2620.0,31,2022,0,False,False,False,False,False,False,False,True,False,False,True
104.61,2620.0,31,2022,0,False,False,False,False,False,False,False,True,False,False,True
257.83,2620.0,31,2022,0,False,False,False,True,False,False,False,True,False,False,True
155.21,2620.0,31,2022,0,False,False,True,False,False,False,False,True,False,False,True
474.15,-1.0,20,2022,0,False,False,False,True,False,False,True,False,False,False,False
123.34,-1.0,20,2022,0,False,False,False,False,False,False,True,False,False,False,False
150.51,-1.0,20,2022,0,False,False,True,False,False,False,True,False,False,False,False
30.25,-1.0,20,2022,0,True,False,False,False,False,False,True,False,False,False,False
428.16,-1.0,20,2022,0,True,False,False,False,False,False,True,False,False,False,False
298.82,-1.0,20,2022,0,False,False,True,False,False,False,True,False,False,False,False
192.83,-1.0,35,2022,0,False,False,False,False,False,False,True,False,False,True,False
303.83,-1.0,35,2022,0,True,False,False,False,False,False,True,False,False,True,False
381.46,-1.0,35,2022,0,False,False,True,False,False,False,True,False,False,True,False
217.96,-1.0,35,2022,0,False,False,True,False,False,False,True,False,False,True,False
298.13,-1.0,35,2022,0,False,False,False,False,False,False,True,False,False,True,False
377.71,-1.0,35,2022,0,True,False,False,False,False,False,True,False,False,True,False
404.14,-1.0,35,2022,0,False,True,False,False,False,False,True,False,False,True,False
62.8,-1.0,35,2022,0,False,False,False,True,False,False,True,False,False,True,False
331.94,-1.0,41,2022,0,True,False,False,False,False,False,True,False,False,False,False
252.07,-1.0,41,2022,0,False,False,True,False,False,False,True,False,False,False,False
368.69,-1.0,41,2022,0,False,False,True,False,False,False,True,False,False,False,False
249.52,-1.0,41,2022,0,True,False,False,False,False,False,True,False,False,False,False
465.26,-1.0,41,2022,0,False,False,True,False,False,False,True,False,False,False,False
293.62,9892.0,28,2022,0,False,True,False,False,False,True,False,True,False,True,False
293.62,8701.0,28,2022,0,False,True,False,False,False,False,False,True,False,True,False
168.35,9892.0,28,2022,0,True,False,False,False,False,True,False,True,False,True,False
168.35,8701.0,28,2022,0,True,False,False,False,False,False,False,True,False,True,False
470.34,9892.0,28,2022,0,False,False,False,True,False,True,False,True,False,True,False
470.34,8701.0,28,2022,0,False,False,False,True,False,False,False,True,False,True,False
240.47,9892.0,28,2022,0,False,False,False,False,False,True,False,True,False,True,False
240.47,8701.0,28,2022,0,False,False,False,False,False,False,False,True,False,True,False
432.78,9892.0,28,2022,0,False,False,False,True,False,True,False,True,False,True,False
432.78,8701.0,28,2022,0,False,False,False,True,False,False,False,True,False,True,False
67.37,9892.0,28,2022,0,False,False,True,False,False,True,False,True,False,True,False
67.37,8701.0,28,2022,0,False,False,True,False,False,False,False,True,False,True,False
407.35,2963.0,35,2022,1,False,True,False,False,False,True,False,True,False,False,False
407.35,2801.0,35,2022,1,False,True,False,False,True,False,False,False,True,False,False
282.81,2963.0,35,2022,1,False,False,True,False,False,True,False,True,False,False,False
282.81,2801.0,35,2022,1,False,False,True,False,True,False,False,False,True,False,False
269.99,3736.0,29,2022,0,False,False,True,False,False,True,False,True,False,False,True
269.99,7106.0,29,2022,0,False,False,True,False,False,False,False,False,True,False,True
187.97,3736.0,29,2022,0,True,False,False,False,False,True,False,True,False,False,True
187.97,7106.0,29,2022,0,True,False,False,False,False,False,False,False,True,False,True
204.13,3736.0,29,2022,0,False,False,False,True,False,True,False,True,False,False,True
204.13,7106.0,29,2022,0,False,False,False,True,False,False,False,False,True,False,True
147.83,3736.0,29,2022,0,False,True,False,False,False,True,False,True,False,False,True
147.83,7106.0,29,2022,0,False,True,False,False,False,False,False,False,True,False,True
20.62,3736.0,29,2022,0,False,False,True,False,False,True,False,True,False,False,True
20.62,7106.0,29,2022,0,False,False,True,False,False,False,False,False,True,False,True
38.12,-1.0,44,2022,1,False,False,False,False,False,False,True,False,False,False,False
278.53,2973.0,39,2022,0,False,True,False,False,False,True,False,True,False,True,False
301.65,2973.0,39,2022,0,False,True,False,False,False,True,False,True,False,True,False
79.62,8533.0,29,2022,0,False,False,False,False,False,False,False,False,True,False,False
213.86,8533.0,29,2022,0,False,False,False,False,False,False,False,False,True,False,False
179.26,8533.0,29,2022,0,True,False,False,False,False,False,False,False,True,False,False
96.39,8533.0,29,2022,0,False,False,False,False,False,False,False,False,True,False,False
446.06,3630.0,34,2022,0,False,False,True,False,False,False,False,False,True,False,True
415.66,3630.0,34,2022,0,False,False,False,False,False,False,False,False,True,False,True
317.23,3630.0,34,2022,0,True,False,False,False,False,False,False,False,True,False,True
47.85,7837.0,10,2022,0,False,False,True,False,False,True,False,False,True,False,False
47.85,8748.0,10,2022,0,False,False,True,False,False,True,False,True,False,False,False
329.76,5267.0,37,2022,0,False,False,False,False,True,False,False,False,True,True,False
329.76,2045.0,37,2022,0,False,False,False,False,True,False,False,True,False,True,False
425.26,5267.0,37,2022,0,False,False,False,True,True,False,False,False,True,True,False
425.26,2045.0,37,2022,0,False,False,False,True,True,False,False,True,False,True,False
329.23,5267.0,37,2022,0,False,False,False,False,True,False,False,False,True,True,False
329.23,2045.0,37,2022,0,False,False,False,False,True,False,False,True,False,True,False
201.95,5267.0,37,2022,0,False,False,False,True,True,False,False,False,True,True,False
201.95,2045.0,37,2022,0,False,False,False,True,True,False,False,True,False,True,False
294.33,5267.0,37,2022,0,False,True,False,False,True,False,False,False,True,True,False
294.33,2045.0,37,2022,0,False,True,False,False,True,False,False,True,False,True,False
347.91,5267.0,37,2022,0,False,False,False,False,True,False,False,False,True,True,False
347.91,2045.0,37,2022,0,False,False,False,False,True,False,False,True,False,True,False
313.01,5267.0,37,2022,0,False,True,False,False,True,False,False,False,True,True,False
313.01,2045.0,37,2022,0,False,True,False,False,True,False,False,True,False,True,False
414.71,5267.0,37,2022,0,False,False,True,False,True,False,False,False,True,True,False
414.71,2045.0,37,2022,0,False,False,True,False,True,False,False,True,False,True,False
31.77,-1.0,48,2022,0,False,False,False,False,False,False,True,False,False,False,True
214.57,-1.0,48,2022,0,False,True,False,False,False,False,True,False,False,False,True
278.02,-1.0,48,2022,0,False,False,False,False,False,False,True,False,False,False,True
379.0,4166.0,7,2022,1,False,False,True,False,True,False,False,True,False,False,False
21.56,4452.0,9,2022,0,True,False,False,False,False,True,False,True,False,False,True
21.56,9156.0,9,2022,0,True,False,False,False,False,False,False,True,False,False,True
202.77,4452.0,9,2022,0,True,False,False,False,False,True,False,True,False,False,True
202.77,9156.0,9,2022,0,True,False,False,False,False,False,False,True,False,False,True
181.06,-1.0,16,2022,0,True,False,False,False,False,False,True,False,False,False,True
264.05,-1.0,16,2022,0,True,False,False,False,False,False,True,False,False,False,True
377.86,-1.0,16,2022,0,False,False,False,False,False,False,True,False,False,False,True
203.72,-1.0,16,2022,0,False,False,False,True,False,False,True,False,False,False,True
39.51,-1.0,16,2022,0,True,False,False,False,False,False,True,False,False,False,True
343.64,-1.0,16,2022,0,False,False,False,True,False,False,True,False,False,False,True
300.41,-1.0,16,2022,0,False,True,False,False,False,False,True,False,False,False,True
464.12,-1.0,16,2022,0,False,True,False,False,False,False,True,False,False,False,True
146.53,-1.0,16,2022,0,True,False,False,False,False,False,True,False,False,False,True
28.16,2688.0,21,2022,0,False,True,False,False,True,False,False,False,True,False,False
28.16,9335.0,21,2022,0,False,True,False,False,True,False,False,True,False,False,False
382.2,2688.0,21,2022,0,False,False,False,False,True,False,False,False,True,False,False
382.2,9335.0,21,2022,0,False,False,False,False,True,False,False,True,False,False,False
93.01,5632.0,14,2022,0,False,True,False,False,False,True,False,True,False,False,True
165.78,5632.0,14,2022,0,False,False,False,False,False,True,False,True,False,False,True
195.68,-1.0,2,2022,0,False,False,True,False,False,False,True,False,False,True,False
294.67,-1.0,2,2022,0,False,False,True,False,False,False,True,False,False,True,False
189.7,-1.0,2,2022,0,False,False,False,True,False,False,True,False,False,True,False
291.92,-1.0,2,2022,0,False,True,False,False,False,False,True,False,False,True,False
330.92,-1.0,2,2022,0,False,False,False,False,False,False,True,False,False,True,False
278.24,-1.0,2,2022,0,False,False,False,True,False,False,True,False,False,True,False
10.28,4780.0,26,2022,0,True,False,False,False,False,True,False,True,False,True,False
10.28,2121.0,26,2022,0,True,False,False,False,False,True,False,False,True,True,False
87.99,4780.0,26,2022,0,False,False,False,True,False,True,False,True,False,True,False
87.99,2121.0,26,2022,0,False,False,False,True,False,True,False,False,True,True,False
250.54,4780.0,26,2022,0,False,False,False,True,False,True,False,True,False,True,False
250.54,2121.0,26,2022,0,False,False,False,True,False,True,False,False,True,True,False
17.7,4780.0,26,2022,0,True,False,False,False,False,True,False,True,False,True,False
17.7,2121.0,26,2022,0,True,False,False,False,False,True,False,False,True,True,False
162.11,4780.0,26,2022,0,False,False,False,False,False,True,False,True,False,True,False
162.11,2121.0,26,2022,0,False,False,False,False,False,True,False,False,True,True,False
360.91,4780.0,26,2022,0,False,False,True,False,False,True,False,True,False,True,False
360.91,2121.0,26,2022,0,False,False,True,False,False,True,False,False,True,True,False
141.51,4780.0,26,2022,0,False,True,False,False,False,True,False,True,False,True,False
141.51,2121.0,26,2022,0,False,True,False,False,False,True,False,False,True,True,False
289.27,-1.0,34,2022,0,False,True,False,False,False,False,True,False,False,False,True
96.27,-1.0,34,2022,0,False,False,False,False,False,False,True,False,False,False,True
41.2,-1.0,34,2022,0,True,False,False,False,False,False,True,False,False,False,True
427.48,-1.0,34,2022,0,False,False,False,True,False,False,True,False,False,False,True
146.58,-1.0,34,2022,0,False,False,True,False,False,False,True,False,False,False,True
347.62,-1.0,34,2022,0,False,True,False,False,False,False,True,False,False,False,True
188.73,-1.0,34,2022,0,False,False,False,False,False,False,True,False,False,False,True
441.07,5509.0,47,2022,0,True,False,False,False,False,True,False,False,True,False,False
488.9,5509.0,47,2022,0,True,False,False,False,False,True,False,False,True,False,False
171.04,5509.0,47,2022,0,True,False,False,False,False,True,False,False,True,False,False
378.48,5509.0,47,2022,0,True,False,False,False,False,True,False,False,True,False,False
336.84,5509.0,47,2022,0,False,False,False,False,False,True,False,False,True,False,False
280.38,5509.0,47,2022,0,False,False,False,True,False,True,False,False,True,False,False
270.9,5509.0,47,2022,0,False,False,False,True,False,True,False,False,True,False,False
219.03,5509.0,47,2022,0,False,False,True,False,False,True,False,False,True,False,False
153.05,5509.0,47,2022,0,False,False,False,False,False,True,False,False,True,False,False
117.43,-1.0,49,2022,0,False,False,False,True,False,False,True,False,False,False,True
322.66,-1.0,49,2022,0,False,False,False,True,False,False,True,False,False,False,True
21.62,-1.0,18,2022,0,False,False,False,False,False,False,True,False,False,False,True
168.51,-1.0,18,2022,0,False,False,False,False,False,False,True,False,False,False,True
200.61,-1.0,18,2022,0,False,False,False,True,False,False,True,False,False,False,True
61.42,-1.0,18,2022,0,False,False,False,False,False,False,True,False,False,False,True
35.63,-1.0,18,2022,0,False,False,True,False,False,False,True,False,False,False,True
497.4,-1.0,18,2022,0,False,False,False,True,False,False,True,False,False,False,True
375.38,-1.0,12,2022,0,False,False,True,False,False,False,True,False,False,False,True
139.2,-1.0,12,2022,0,True,False,False,False,False,False,True,False,False,False,True
319.74,-1.0,12,2022,0,False,True,False,False,False,False,True,False,False,False,True
385.35,-1.0,12,2022,0,False,False,False,False,False,False,True,False,False,False,True
273.54,-1.0,12,2022,0,False,False,False,False,False,False,True,False,False,False,True
364.8,-1.0,12,2022,0,False,False,False,False,False,False,True,False,False,False,True
30.29,5240.0,19,2022,1,False,True,False,False,True,False,False,False,True,True,False
30.29,9934.0,19,2022,1,False,True,False,False,False,False,False,True,False,True,False
477.36,5240.0,19,2022,1,False,False,False,True,True,False,False,False,True,True,False
477.36,9934.0,19,2022,1,False,False,False,True,False,False,False,True,False,True,False
469.66,5240.0,19,2022,1,False,False,False,True,True,False,False,False,True,True,False
469.66,9934.0,19,2022,1,False,False,False,True,False,False,False,True,False,True,False
367.48,5240.0,19,2022,1,False,False,True,False,True,False,False,False,True,True,False
367.48,9934.0,19,2022,1,False,False,True,False,False,False,False,True,False,True,False
79.01,5240.0,19,2022,1,False,False,False,False,True,False,False,False,True,True,False
79.01,9934.0,19,2022,1,False,False,False,False,False,False,False,True,False,True,False
86.63,5240.0,19,2022,1,False,False,False,True,True,False,False,False,True,True,False
86.63,9934.0,19,2022,1,False,False,False,True,False,False,False,True,False,True,False
197.63,5240.0,19,2022,1,False,False,False,True,True,False,False,False,True,True,False
197.63,9934.0,19,2022,1,False,False,False,True,False,False,False,True,False,True,False
358.81,4478.0,36,2022,0,False,False,True,False,False,True,False,False,True,False,True
435.69,2460.0,38,2022,0,False,False,False,True,False,True,False,True,False,True,False
435.69,7926.0,38,2022,0,False,False,False,True,False,False,False,False,True,True,False
377.44,2460.0,38,2022,0,True,False,False,False,False,True,False,True,False,True,False
377.44,7926.0,38,2022,0,True,False,False,False,False,False,False,False,True,True,False
41.78,2460.0,38,2022,0,False,False,False,False,False,True,False,True,False,True,False
41.78,7926.0,38,2022,0,False,False,False,False,False,False,False,False,True,True,False
413.92,2460.0,38,2022,0,True,False,False,False,False,True,False,True,False,True,False
413.92,7926.0,38,2022,0,True,False,False,False,False,False,False,False,True,True,False
397.28,-1.0,16,2022,0,False,False,False,False,False,False,True,False,False,False,True
161.04,-1.0,16,2022,0,False,True,False,False,False,False,True,False,False,False,True
403.68,-1.0,16,2022,0,False,True,False,False,False,False,True,False,False,False,True
468.54,-1.0,16,2022,0,False,True,False,False,False,False,True,False,False,False,True
350.22,-1.0,16,2022,0,False,True,False,False,False,False,True,False,False,False,True
204.03,-1.0,16,2022,0,False,False,False,True,False,False,True,False,False,False,True
374.04,-1.0,16,2022,0,False,False,False,True,False,False,True,False,False,False,True
351.24,-1.0,16,2022,0,False,False,False,False,False,False,True,False,False,False,True
410.81,-1.0,46,2022,0,False,False,False,True,False,False,True,False,False,False,True
154.15,-1.0,46,2022,0,False,False,True,False,False,False,True,False,False,False,True
303.76,-1.0,46,2022,0,True,False,False,False,False,False,True,False,False,False,True
488.21,8867.0,8,2022,0,False,True,False,False,False,True,False,True,False,False,False
488.21,9220.0,8,2022,0,False,True,False,False,True,False,False,True,False,False,False
137.18,-1.0,9,2022,0,True,False,False,False,False,False,True,False,False,False,True
441.56,-1.0,9,2022,0,False,False,False,False,False,False,True,False,False,False,True
399.17,-1.0,9,2022,0,False,False,False,False,False,False,True,False,False,False,True
90.99,-1.0,9,2022,0,True,False,False,False,False,False,True,False,False,False,True
443.99,-1.0,9,2022,0,False,False,True,False,False,False,True,False,False,False,True
186.4,-1.0,9,2022,0,False,True,False,False,False,False,True,False,False,False,True
81.49,-1.0,9,2022,0,False,False,True,False,False,False,True,False,False,False,True
285.93,-1.0,9,2022,0,True,False,False,False,False,False,True,False,False,False,True
62.47,9818.0,4,2022,0,False,False,False,False,False,True,False,True,False,True,False
436.31,9818.0,4,2022,0,True,False,False,False,False,True,False,True,False,True,False
293.53,9818.0,4,2022,0,False,False,False,True,False,True,False,True,False,True,False
222.38,9818.0,4,2022,0,False,False,True,False,False,True,False,True,False,True,False
158.37,9818.0,4,2022,0,False,False,False,True,False,True,False,True,False,True,False
469.02,9818.0,4,2022,0,False,True,False,False,False,True,False,True,False,True,False
89.27,9818.0,4,2022,0,False,False,True,False,False,True,False,True,False,True,False
209.27,9818.0,4,2022,0,False,False,False,True,False,True,False,True,False,True,False
449.78,-1.0,36,2022,0,False,False,False,True,False,False,True,False,False,False,True
133.48,-1.0,36,2022,0,False,False,False,True,False,False,True,False,False,False,True
309.67,-1.0,36,2022,0,False,True,False,False,False,False,True,False,False,False,True
169.27,-1.0,36,2022,0,False,False,False,False,False,False,True,False,False,False,True
381.87,-1.0,36,2022,0,False,True,False,False,False,False,True,False,False,False,True
422.21,-1.0,36,2022,0,False,True,False,False,False,False,True,False,False,False,True
323.27,-1.0,36,2022,0,False,False,False,True,False,False,True,False,False,False,True
116.56,-1.0,47,2022,0,False,False,False,True,False,False,True,False,False,False,True
177.75,-1.0,47,2022,0,False,False,True,False,False,False,True,False,False,False,True
244.97,-1.0,47,2022,0,False,True,False,False,False,False,True,False,False,False,True
356.11,-1.0,47,2022,0,True,False,False,False,False,False,True,False,False,False,True
444.03,-1.0,47,2022,0,False,False,False,True,False,False,True,False,False,False,True
73.24,-1.0,47,2022,0,False,True,False,False,False,False,True,False,False,False,True
467.13,-1.0,47,2022,0,True,False,False,False,False,False,True,False,False,False,True
301.83,-1.0,47,2022,0,False,False,False,False,False,False,True,False,False,False,True
328.09,9659.0,38,2022,0,False,True,False,False,True,False,False,True,False,True,False
35.99,8438.0,49,2022,0,False,True,False,False,True,False,False,True,False,True,False
35.99,6694.0,49,2022,0,False,True,False,False,True,False,False,True,False,True,False
442.73,8438.0,49,2022,0,False,False,True,False,True,False,False,True,False,True,False
442.73,6694.0,49,2022,0,False,False,True,False,True,False,False,True,False,True,False
73.21,8438.0,49,2022,0,False,True,False,False,True,False,False,True,False,True,False
73.21,6694.0,49,2022,0,False,True,False,False,True,False,False,True,False,True,False
49.97,8438.0,49,2022,0,True,False,False,False,True,False,False,True,False,True,False
49.97,6694.0,49,2022,0,True,False,False,False,True,False,False,True,False,True,False
202.25,8438.0,49,2022,0,False,False,False,True,True,False,False,True,False,True,False
202.25,6694.0,49,2022,0,False,False,False,True,True,False,False,True,False,True,False
47.64,8438.0,49,2022,0,False,False,False,True,True,False,False,True,False,True,False
47.64,6694.0,49,2022,0,False,False,False,True,True,False,False,True,False,True,False
459.44,8438.0,49,2022,0,False,False,True,False,True,False,False,True,False,True,False
459.44,6694.0,49,2022,0,False,False,True,False,True,False,False,True,False,True,False
189.28,2704.0,49,2022,0,False,False,False,False,False,False,False,True,False,False,True
189.28,5423.0,49,2022,0,False,False,False,False,False,True,False,False,True,False,True
252.53,-1.0,45,2022,0,True,False,False,False,False,False,True,False,False,False,True
466.64,-1.0,45,2022,0,False,False,False,False,False,False,True,False,False,False,True
26.09,-1.0,45,2022,0,True,False,False,False,False,False,True,False,False,False,True
228.1,9222.0,4,2022,0,False,False,False,True,False,True,False,False,True,False,True
228.1,4689.0,4,2022,0,False,False,False,True,False,False,False,False,True,False,True
44.91,9222.0,4,2022,0,False,False,False,False,False,True,False,False,True,False,True
44.91,4689.0,4,2022,0,False,False,False,False,False,False,False,False,True,False,True
11.93,9222.0,4,2022,0,True,False,False,False,False,True,False,False,True,False,True
11.93,4689.0,4,2022,0,True,False,False,False,False,False,False,False,True,False,True
85.23,9222.0,4,2022,0,False,False,False,True,False,True,False,False,True,False,True
85.23,4689.0,4,2022,0,False,False,False,True,False,False,False,False,True,False,True
355.43,9222.0,4,2022,0,False,True,False,False,False,True,False,False,True,False,True
355.43,4689.0,4,2022,0,False,True,False,False,False,False,False,False,True,False,True
31.85,9222.0,4,2022,0,False,True,False,False,False,True,False,False,True,False,True
31.85,4689.0,4,2022,0,False,True,False,False,False,False,False,False,True,False,True
19.26,9222.0,4,2022,0,False,False,True,False,False,True,False,False,True,False,True
19.26,4689.0,4,2022,0,False,False,True,False,False,False,False,False,True,False,True
12.26,6009.0,8,2022,0,True,False,False,False,True,False,False,False,True,True,False
100.29,6009.0,8,2022,0,False,False,True,False,True,False,False,False,True,True,False
487.57,6009.0,8,2022,0,False,False,False,False,True,False,False,False,True,True,False
359.52,6009.0,8,2022,0,False,False,True,False,True,False,False,False,True,True,False
423.22,6009.0,8,2022,0,True,False,False,False,True,False,False,False,True,True,False
58.38,6009.0,8,2022,0,False,False,True,False,True,False,False,False,True,True,False
270.13,6009.0,8,2022,0,False,True,False,False,True,False,False,False,True,True,False
147.03,6009.0,8,2022,0,True,False,False,False,True,False,False,False,True,True,False
210.63,6009.0,8,2022,0,False,False,False,True,True,False,False,False,True,True,False
185.7,2490.0,43,2022,0,False,True,False,False,True,False,False,False,True,False,False
185.7,2307.0,43,2022,0,False,True,False,False,True,False,False,True,False,False,False
444.1,2490.0,43,2022,0,False,False,True,False,True,False,False,False,True,False,False
444.1,2307.0,43,2022,0,False,False,True,False,True,False,False,True,False,False,False
368.48,2490.0,43,2022,0,True,False,False,False,True,False,False,False,True,False,False
368.48,2307.0,43,2022,0,True,False,False,False,True,False,False,True,False,False,False
209.34,2490.0,43,2022,0,False,False,False,False,True,False,False,False,True,False,False
209.34,2307.0,43,2022,0,False,False,False,False,True,False,False,True,False,False,False
213.09,2490.0,43,2022,0,False,True,False,False,True,False,False,False,True,False,False
213.09,2307.0,43,2022,0,False,True,False,False,True,False,False,True,False,False,False
367.84,2490.0,43,2022,0,False,True,False,False,True,False,False,False,True,False,False
367.84,2307.0,43,2022,0,False,True,False,False,True,False,False,True,False,False,False
237.48,2490.0,43,2022,0,False,True,False,False,True,False,False,False,True,False,False
237.48,2307.0,43,2022,0,False,True,False,False,True,False,False,True,False,False,False
75.18,2490.0,43,2022,0,False,False,False,False,True,False,False,False,True,False,False
75.18,2307.0,43,2022,0,False,False,False,False,True,False,False,True,False,False,False
329.82,2490.0,43,2022,0,False,False,True,False,True,False,False,False,True,False,False
329.82,2307.0,43,2022,0,False,False,True,False,True,False,False,True,False,False,False
223.39,3001.0,7,2022,0,False,False,True,False,False,False,False,True,False,False,False
483.19,3001.0,7,2022,0,False,True,False,False,False,False,False,True,False,False,False
220.15,3001.0,7,2022,0,False,True,False,False,False,False,False,True,False,False,False
464.83,3001.0,7,2022,0,False,False,False,False,False,False,False,True,False,False,False
18.31,3001.0,7,2022,0,False,False,False,False,False,False,False,True,False,False,False
304.34,3001.0,7,2022,0,False,False,False,False,False,False,False,True,False,False,False
483.62,3001.0,7,2022,0,False,False,True,False,False,False,False,True,False,False,False
74.35,3277.0,3,2022,0,False,False,False,False,True,False,False,False,True,False,True
74.35,3163.0,3,2022,0,False,False,False,False,False,False,False,True,False,False,True
199.28,3277.0,3,2022,0,False,False,False,False,True,False,False,False,True,False,True
199.28,3163.0,3,2022,0,False,False,False,False,False,False,False,True,False,False,True
217.96,3277.0,3,2022,0,True,False,False,False,True,False,False,False,True,False,True
217.96,3163.0,3,2022,0,True,False,False,False,False,False,False,True,False,False,True
320.69,3277.0,3,2022,0,False,False,False,False,True,False,False,False,True,False,True
320.69,3163.0,3,2022,0,False,False,False,False,False,False,False,True,False,False,True
89.65,6698.0,1,2022,0,True,False,False,False,False,True,False,False,True,True,False
238.32,6698.0,1,2022,0,False,False,True,False,False,True,False,False,True,True,False
108.97,6698.0,1,2022,0,False,False,False,True,False,True,False,False,True,True,False
131.39,-1.0,4,2022,0,False,False,False,False,False,False,True,False,False,False,False
65.06,-1.0,4,2022,0,False,False,False,False,False,False,True,False,False,False,False
44.67,-1.0,4,2022,0,False,False,False,True,False,False,True,False,False,False,False
65.76,-1.0,4,2022,0,False,False,False,True,False,False,True,False,False,False,False
126.67,3724.0,1,2022,0,False,False,False,False,True,False,False,True,False,False,False
126.67,2150.0,1,2022,0,False,False,False,False,False,True,False,True,False,False,False
242.8,3724.0,1,2022,0,False,False,False,True,True,False,False,True,False,False,False
242.8,2150.0,1,2022,0,False,False,False,True,False,True,False,True,False,False,False
457.88,7464.0,46,2022,0,True,False,False,False,True,False,False,False,True,False,True
457.88,4858.0,46,2022,0,True,False,False,False,False,True,False,False,True,False,True
384.86,7464.0,46,2022,0,True,False,False,False,True,False,False,False,True,False,True
384.86,4858.0,46,2022,0,True,False,False,False,False,True,False,False,True,False,True
185.0,7464.0,46,2022,0,False,False,False,True,True,False,False,False,True,False,True
185.0,4858.0,46,2022,0,False,False,False,True,False,True,False,False,True,False,True
160.09,7464.0,46,2022,0,False,False,True,False,True,False,False,False,True,False,True
160.09,4858.0,46,2022,0,False,False,True,False,False,True,False,False,True,False,True
414.34,7464.0,46,2022,0,False,False,False,True,True,False,False,False,True,False,True
414.34,4858.0,46,2022,0,False,False,False,True,False,True,False,False,True,False,True
183.21,3101.0,42,2022,0,False,False,False,True,True,False,False,False,True,False,False
287.46,5741.0,38,2022,0,False,True,False,False,False,True,False,False,True,False,False
287.46,9491.0,38,2022,0,False,True,False,False,False,False,False,True,False,False,False
402.4,5741.0,38,2022,0,False,False,False,False,False,True,False,False,True,False,False
402.4,9491.0,38,2022,0,False,False,False,False,False,False,False,True,False,False,False
492.31,5741.0,38,2022,0,False,False,False,False,False,True,False,False,True,False,False
492.31,9491.0,38,2022,0,False,False,False,False,False,False,False,True,False,False,False
483.22,5741.0,38,2022,0,False,False,True,False,False,True,False,False,True,False,False
483.22,9491.0,38,2022,0,False,False,True,False,False,False,False,True,False,False,False
182.71,5741.0,38,2022,0,False,False,False,True,False,True,False,False,True,False,False
182.71,9491.0,38,2022,0,False,False,False,True,False,False,False,True,False,False,False
169.98,5741.0,38,2022,0,False,False,False,False,False,True,False,False,True,False,False
169.98,9491.0,38,2022,0,False,False,False,False,False,False,False,True,False,False,False
485.64,5741.0,38,2022,0,False,True,False,False,False,True,False,False,True,False,False
485.64,9491.0,38,2022,0,False,True,False,False,False,False,False,True,False,False,False
319.48,5741.0,38,2022,0,False,False,False,False,False,True,False,False,True,False,False
319.48,9491.0,38,2022,0,False,False,False,False,False,False,False,True,False,False,False
203.71,5741.0,38,2022,0,False,True,False,False,False,True,False,False,True,False,False
203.71,9491.0,38,2022,0,False,True,False,False,False,False,False,True,False,False,False
400.2,4284.0,37,2022,0,False,False,False,False,True,False,False,False,True,False,False
400.2,4632.0,37,2022,0,False,False,False,False,True,False,False,True,False,False,False
89.99,4284.0,37,2022,0,True,False,False,False,True,False,False,False,True,False,False
89.99,4632.0,37,2022,0,True,False,False,False,True,False,False,True,False,False,False
493.07,4284.0,37,2022,0,False,False,False,False,True,False,False,False,True,False,False
493.07,4632.0,37,2022,0,False,False,False,False,True,False,False,True,False,False,False
423.64,-1.0,12,2022,0,False,True,False,False,False,False,True,False,False,False,False
396.22,-1.0,12,2022,0,False,False,False,False,False,False,True,False,False,False,False
179.09,-1.0,12,2022,0,False,False,False,True,False,False,True,False,False,False,False
42.27,-1.0,12,2022,0,True,False,False,False,False,False,True,False,False,False,False
463.1,-1.0,12,2022,0,False,False,True,False,False,False,True,False,False,False,False
81.37,-1.0,12,2022,0,False,False,False,True,False,False,True,False,False,False,False
63.39,-1.0,12,2022,0,False,False,False,False,False,False,True,False,False,False,False
103.89,5659.0,42,2022,0,False,False,True,False,True,False,False,True,False,True,False
180.16,5659.0,42,2022,0,True,False,False,False,True,False,False,True,False,True,False
351.51,5659.0,42,2022,0,False,False,True,False,True,False,False,True,False,True,False
27.47,5659.0,42,2022,0,False,True,False,False,True,False,False,True,False,True,False
48.67,5659.0,42,2022,0,False,False,True,False,True,False,False,True,False,True,False
145.58,5659.0,42,2022,0,False,False,False,False,True,False,False,True,False,True,False
391.16,5659.0,42,2022,0,True,False,False,False,True,False,False,True,False,True,False
154.59,5659.0,42,2022,0,True,False,False,False,True,False,False,True,False,True,False
5.76,8214.0,10,2022,0,True,False,False,False,False,False,False,False,True,False,False
5.76,6097.0,10,2022,0,True,False,False,False,False,True,False,False,True,False,False
47.57,8214.0,10,2022,0,False,True,False,False,False,False,False,False,True,False,False
47.57,6097.0,10,2022,0,False,True,False,False,False,True,False,False,True,False,False
467.83,8214.0,10,2022,0,False,False,True,False,False,False,False,False,True,False,False
467.83,6097.0,10,2022,0,False,False,True,False,False,True,False,False,True,False,False
248.17,8214.0,10,2022,0,False,False,False,False,False,False,False,False,True,False,False
248.17,6097.0,10,2022,0,False,False,False,False,False,True,False,False,True,False,False
409.79,8214.0,10,2022,0,False,False,False,False,False,False,False,False,True,False,False
409.79,6097.0,10,2022,0,False,False,False,False,False,True,False,False,True,False,False
321.3,8214.0,10,2022,0,False,False,False,False,False,False,False,False,True,False,False
321.3,6097.0,10,2022,0,False,False,False,False,False,True,False,False,True,False,False
356.31,8214.0,10,2022,0,False,False,True,False,False,False,False,False,True,False,False
356.31,6097.0,10,2022,0,False,False,True,False,False,True,False,False,True,False,False
268.55,8214.0,10,2022,0,False,False,False,True,False,False,False,False,True,False,False
268.55,6097.0,10,2022,0,False,False,False,True,False,True,False,False,True,False,False
439.5,7376.0,47,2022,0,False,False,True,False,True,False,False,False,True,True,False
255.41,7376.0,47,2022,0,False,False,False,True,True,False,False,False,True,True,False
399.63,7376.0,47,2022,0,False,False,True,False,True,False,False,False,True,True,False
364.04,7376.0,47,2022,0,True,False,False,False,True,False,False,False,True,True,False
202.23,7376.0,47,2022,0,True,False,False,False,True,False,False,False,True,True,False
379.34,7376.0,47,2022,0,False,False,False,True,True,False,False,False,True,True,False
8.17,7376.0,47,2022,0,False,False,False,True,True,False,False,False,True,True,False
498.87,7376.0,47,2022,0,True,False,False,False,True,False,False,False,True,True,False
246.81,7376.0,47,2022,0,False,False,False,False,True,False,False,False,True,True,False
38.78,6308.0,1,2022,1,False,False,True,False,True,False,False,False,True,False,True
218.87,4285.0,2,2022,0,False,False,False,False,False,True,False,True,False,True,False
14.16,4285.0,2,2022,0,True,False,False,False,False,True,False,True,False,True,False
120.51,4285.0,2,2022,0,True,False,False,False,False,True,False,True,False,True,False
336.36,-1.0,12,2022,0,False,True,False,False,False,False,True,False,False,False,True
181.58,-1.0,12,2022,0,False,False,False,True,False,False,True,False,False,False,True
50.63,6830.0,39,2022,0,False,False,True,False,True,False,False,False,True,True,False
50.63,3061.0,39,2022,0,False,False,True,False,True,False,False,True,False,True,False
405.51,6830.0,39,2022,0,False,True,False,False,True,False,False,False,True,True,False
405.51,3061.0,39,2022,0,False,True,False,False,True,False,False,True,False,True,False
145.8,6830.0,39,2022,0,False,False,False,False,True,False,False,False,True,True,False
145.8,3061.0,39,2022,0,False,False,False,False,True,False,False,True,False,True,False
82.46,6830.0,39,2022,0,False,False,False,True,True,False,False,False,True,True,False
82.46,3061.0,39,2022,0,False,False,False,True,True,False,False,True,False,True,False
280.48,6830.0,39,2022,0,False,True,False,False,True,False,False,False,True,True,False
280.48,3061.0,39,2022,0,False,True,False,False,True,False,False,True,False,True,False
67.83,6830.0,39,2022,0,False,False,True,False,True,False,False,False,True,True,False
67.83,3061.0,39,2022,0,False,False,True,False,True,False,False,True,False,True,False
7.49,6830.0,39,2022,0,False,False,False,False,True,False,False,False,True,True,False
7.49,3061.0,39,2022,0,False,False,False,False,True,False,False,True,False,True,False
382.45,3283.0,48,2022,1,False,False,False,False,False,False,False,True,False,False,False
20.39,3283.0,48,2022,1,False,False,False,False,False,False,False,True,False,False,False
352.02,3283.0,48,2022,1,False,False,False,True,False,False,False,True,False,False,False
7.92,3283.0,48,2022,1,False,False,True,False,False,False,False,True,False,False,False
458.97,8006.0,36,2022,0,True,False,False,False,False,False,False,True,False,False,False
89.12,8006.0,36,2022,0,False,False,False,False,False,False,False,True,False,False,False
129.32,8006.0,36,2022,0,False,False,False,False,False,False,False,True,False,False,False
462.82,8006.0,36,2022,0,False,True,False,False,False,False,False,True,False,False,False
368.62,8006.0,36,2022,0,True,False,False,False,False,False,False,True,False,False,False
151.53,8006.0,36,2022,0,False,True,False,False,False,False,False,True,False,False,False
24.01,8006.0,36,2022,0,True,False,False,False,False,False,False,True,False,False,False
141.8,3607.0,7,2022,0,True,False,False,False,False,True,False,False,True,True,False
143.67,3607.0,7,2022,0,False,False,True,False,False,True,False,False,True,True,False
143.07,3607.0,7,2022,0,False,False,False,True,False,True,False,False,True,True,False
285.54,3607.0,7,2022,0,False,False,False,False,False,True,False,False,True,True,False
107.28,3607.0,7,2022,0,False,True,False,False,False,True,False,False,True,True,False
25.85,3607.0,7,2022,0,False,False,True,False,False,True,False,False,True,True,False
326.58,3607.0,7,2022,0,False,False,False,False,False,True,False,False,True,True,False
48.76,3607.0,7,2022,0,False,False,False,True,False,True,False,False,True,True,False
12.21,-1.0,38,2022,1,False,False,False,False,False,False,True,False,False,False,True
398.57,-1.0,38,2022,1,False,True,False,False,False,False,True,False,False,False,True
294.45,-1.0,38,2022,1,True,False,False,False,False,False,True,False,False,False,True
163.07,-1.0,38,2022,1,False,False,False,True,False,False,True,False,False,False,True
367.5,-1.0,38,2022,1,True,False,False,False,False,False,True,False,False,False,True
54.82,-1.0,25,2022,0,False,False,False,False,False,False,True,False,False,False,True
39.12,2066.0,3,2022,0,False,True,False,False,False,False,False,False,True,False,True
39.12,3993.0,3,2022,0,False,True,False,False,False,True,False,True,False,False,True
403.95,2066.0,3,2022,0,False,False,False,True,False,False,False,False,True,False,True
403.95,3993.0,3,2022,0,False,False,False,True,False,True,False,True,False,False,True
218.95,2066.0,3,2022,0,False,False,True,False,False,False,False,False,True,False,True
218.95,3993.0,3,2022,0,False,False,True,False,False,True,False,True,False,False,True
91.26,2066.0,3,2022,0,False,True,False,False,False,False,False,False,True,False,True
91.26,3993.0,3,2022,0,False,True,False,False,False,True,False,True,False,False,True
23.7,2066.0,3,2022,0,False,False,False,True,False,False,False,False,True,False,True
23.7,3993.0,3,2022,0,False,False,False,True,False,True,False,True,False,False,True
444.92,2066.0,3,2022,0,False,False,False,False,False,False,False,False,True,False,True
444.92,3993.0,3,2022,0,False,False,False,False,False,True,False,True,False,False,True
291.53,2066.0,3,2022,0,False,True,False,False,False,False,False,False,True,False,True
291.53,3993.0,3,2022,0,False,True,False,False,False,True,False,True,False,False,True
113.48,2066.0,3,2022,0,False,True,False,False,False,False,False,False,True,False,True
113.48,3993.0,3,2022,0,False,True,False,False,False,True,False,True,False,False,True
238.18,2066.0,3,2022,0,False,False,False,False,False,False,False,False,True,False,True
238.18,3993.0,3,2022,0,False,False,False,False,False,True,False,True,False,False,True
194.26,-1.0,27,2022,0,False,True,False,False,False,False,True,False,False,True,False
455.63,-1.0,27,2022,0,False,False,False,False,False,False,True,False,False,True,False
68.35,-1.0,27,2022,0,False,True,False,False,False,False,True,False,False,True,False
233.03,-1.0,24,2022,0,False,False,False,True,False,False,True,False,False,True,False
54.02,-1.0,24,2022,0,False,False,False,False,False,False,True,False,False,True,False
328.02,-1.0,24,2022,0,False,False,False,False,False,False,True,False,False,True,False
182.07,-1.0,24,2022,0,False,False,True,False,False,False,True,False,False,True,False
409.54,-1.0,27,2022,0,False,False,False,True,False,False,True,False,False,False,False
418.91,-1.0,27,2022,0,False,False,False,False,False,False,True,False,False,False,False
230.45,-1.0,27,2022,0,False,False,False,True,False,False,True,False,False,False,False
108.11,6737.0,6,2022,0,False,False,False,False,False,False,False,False,True,False,False
376.03,6737.0,6,2022,0,False,False,False,True,False,False,False,False,True,False,False
453.12,6737.0,6,2022,0,False,False,True,False,False,False,False,False,True,False,False
363.22,6737.0,6,2022,0,False,True,False,False,False,False,False,False,True,False,False
322.79,6737.0,6,2022,0,False,False,False,True,False,False,False,False,True,False,False
25.9,6737.0,6,2022,0,False,True,False,False,False,False,False,False,True,False,False
44.72,6737.0,6,2022,0,False,False,True,False,False,False,False,False,True,False,False
12.23,6737.0,6,2022,0,True,False,False,False,False,False,False,False,True,False,False
208.89,6737.0,6,2022,0,False,True,False,False,False,False,False,False,True,False,False
267.44,5830.0,25,2022,0,False,True,False,False,False,True,False,True,False,False,False
267.44,4643.0,25,2022,0,False,True,False,False,True,False,False,True,False,False,False
357.78,4146.0,43,2022,0,False,False,True,False,True,False,False,True,False,False,True
357.78,5122.0,43,2022,0,False,False,True,False,False,False,False,False,True,False,True
124.46,4146.0,43,2022,0,False,False,False,False,True,False,False,True,False,False,True
124.46,5122.0,43,2022,0,False,False,False,False,False,False,False,False,True,False,True
107.55,4146.0,43,2022,0,False,True,False,False,True,False,False,True,False,False,True
107.55,5122.0,43,2022,0,False,True,False,False,False,False,False,False,True,False,True
265.23,4146.0,43,2022,0,False,False,True,False,True,False,False,True,False,False,True
265.23,5122.0,43,2022,0,False,False,True,False,False,False,False,False,True,False,True
100.22,4146.0,43,2022,0,False,True,False,False,True,False,False,True,False,False,True
100.22,5122.0,43,2022,0,False,True,False,False,False,False,False,False,True,False,True
468.49,4146.0,43,2022,0,False,False,False,True,True,False,False,True,False,False,True
468.49,5122.0,43,2022,0,False,False,False,True,False,False,False,False,True,False,True
299.07,4146.0,43,2022,0,False,False,False,False,True,False,False,True,False,False,True
299.07,5122.0,43,2022,0,False,False,False,False,False,False,False,False,True,False,True
165.6,-1.0,31,2022,0,False,False,False,True,False,False,True,False,False,True,False
159.21,-1.0,31,2022,0,False,False,False,True,False,False,True,False,False,True,False
168.42,-1.0,31,2022,0,True,False,False,False,False,False,True,False,False,True,False
371.81,-1.0,31,2022,0,False,True,False,False,False,False,True,False,False,True,False
229.52,-1.0,31,2022,0,False,True,False,False,False,False,True,False,False,True,False
326.32,-1.0,31,2022,0,False,False,False,False,False,False,True,False,False,True,False
365.72,-1.0,31,2022,0,False,False,False,False,False,False,True,False,False,True,False
184.87,-1.0,44,2022,0,False,False,True,False,False,False,True,False,False,False,False
193.08,-1.0,44,2022,0,False,False,False,False,False,False,True,False,False,False,False
60.22,-1.0,44,2022,0,False,False,False,False,False,False,True,False,False,False,False
375.25,-1.0,44,2022,0,False,True,False,False,False,False,True,False,False,False,False
276.52,-1.0,44,2022,0,False,True,False,False,False,False,True,False,False,False,False
86.92,-1.0,44,2022,0,False,False,False,True,False,False,True,False,False,False,False
32.44,5819.0,9,2022,0,False,False,False,False,True,False,False,True,False,False,False
316.31,5819.0,9,2022,0,False,False,True,False,True,False,False,True,False,False,False
383.17,5819.0,9,2022,0,False,False,False,True,True,False,False,True,False,False,False
167.48,5819.0,9,2022,0,False,False,False,False,True,False,False,True,False,False,False
81.01,5819.0,9,2022,0,False,False,False,False,True,False,False,True,False,False,False
262.86,5819.0,9,2022,0,False,False,False,True,True,False,False,True,False,False,False
327.2,5819.0,9,2022,0,False,False,True,False,True,False,False,True,False,False,False
228.89,5819.0,9,2022,0,False,False,True,False,True,False,False,True,False,False,False
329.6,-1.0,39,2022,1,True,False,False,False,False,False,True,False,False,False,False
89.91,-1.0,39,2022,1,False,False,False,True,False,False,True,False,False,False,False
335.67,-1.0,39,2022,1,False,False,True,False,False,False,True,False,False,False,False
385.64,-1.0,39,2022,1,False,True,False,False,False,False,True,False,False,False,False
8.16,-1.0,29,2022,1,False,False,True,False,False,False,True,False,False,False,True
137.53,-1.0,29,2022,1,False,False,False,False,False,False,True,False,False,False,True
87.42,-1.0,29,2022,1,False,True,False,False,False,False,True,False,False,False,True
91.22,-1.0,29,2022,1,False,True,False,False,False,False,True,False,False,False,True
463.31,-1.0,29,2022,1,False,False,True,False,False,False,True,False,False,False,True
476.92,-1.0,29,2022,1,False,False,False,False,False,False,True,False,False,False,True
282.91,-1.0,29,2022,1,True,False,False,False,False,False,True,False,False,False,True
265.14,5917.0,14,2022,0,False,True,False,False,True,False,False,False,True,False,False
78.52,5917.0,14,2022,0,False,True,False,False,True,False,False,False,True,False,False
373.91,5917.0,14,2022,0,True,False,False,False,True,False,False,False,True,False,False
22.92,5917.0,14,2022,0,False,True,False,False,True,False,False,False,True,False,False
262.28,5917.0,14,2022,0,False,False,False,True,True,False,False,False,True,False,False
289.06,5917.0,14,2022,0,False,False,True,False,True,False,False,False,True,False,False
233.6,5917.0,14,2022,0,False,False,True,False,True,False,False,False,True,False,False
38.53,5917.0,14,2022,0,False,False,False,True,True,False,False,False,True,False,False
495.06,5917.0,14,2022,0,False,False,False,True,True,False,False,False,True,False,False
334.17,6843.0,36,2022,0,False,True,False,False,False,True,False,False,True,True,False
242.36,6843.0,36,2022,0,False,False,False,True,False,True,False,False,True,True,False
386.22,6843.0,36,2022,0,False,False,False,True,False,True,False,False,True,True,False
419.53,6843.0,36,2022,0,False,False,True,False,False,True,False,False,True,True,False
293.28,6843.0,36,2022,0,True,False,False,False,False,True,False,False,True,True,False
102.64,6843.0,36,2022,0,False,False,True,False,False,True,False,False,True,True,False
374.5,5346.0,29,2022,0,False,False,False,True,False,False,False,False,True,False,True
333.84,5346.0,29,2022,0,False,False,True,False,False,False,False,False,True,False,True
426.66,5346.0,29,2022,0,True,False,False,False,False,False,False,False,True,False,True
196.96,6201.0,43,2022,0,True,False,False,False,True,False,False,False,True,False,True
196.96,9997.0,43,2022,0,True,False,False,False,False,True,False,False,True,False,True
461.15,6201.0,43,2022,0,False,False,False,False,True,False,False,False,True,False,True
461.15,9997.0,43,2022,0,False,False,False,False,False,True,False,False,True,False,True
327.55,6201.0,43,2022,0,True,False,False,False,True,False,False,False,True,False,True
327.55,9997.0,43,2022,0,True,False,False,False,False,True,False,False,True,False,True
347.19,6201.0,43,2022,0,True,False,False,False,True,False,False,False,True,False,True
347.19,9997.0,43,2022,0,True,False,False,False,False,True,False,False,True,False,True
197.32,6201.0,43,2022,0,True,False,False,False,True,False,False,False,True,False,True
197.32,9997.0,43,2022,0,True,False,False,False,False,True,False,False,True,False,True
156.21,6201.0,43,2022,0,False,False,True,False,True,False,False,False,True,False,True
156.21,9997.0,43,2022,0,False,False,True,False,False,True,False,False,True,False,True
488.03,6201.0,43,2022,0,False,False,False,True,True,False,False,False,True,False,True
488.03,9997.0,43,2022,0,False,False,False,True,False,True,False,False,True,False,True
109.47,6201.0,43,2022,0,False,False,False,False,True,False,False,False,True,False,True
109.47,9997.0,43,2022,0,False,False,False,False,False,True,False,False,True,False,True
178.97,6201.0,43,2022,0,False,False,True,False,True,False,False,False,True,False,True
178.97,9997.0,43,2022,0,False,False,True,False,False,True,False,False,True,False,True
490.64,2912.0,41,2022,1,False,False,True,False,False,True,False,False,True,False,True
269.49,2912.0,41,2022,1,True,False,False,False,False,True,False,False,True,False,True
475.59,-1.0,38,2022,1,True,False,False,False,False,False,True,False,False,False,False
390.93,-1.0,38,2022,1,False,False,True,False,False,False,True,False,False,False,False
464.32,-1.0,38,2022,1,False,False,False,True,False,False,True,False,False,False,False
179.72,-1.0,38,2022,1,True,False,False,False,False,False,True,False,False,False,False
419.85,-1.0,38,2022,1,False,True,False,False,False,False,True,False,False,False,False
157.62,-1.0,22,2022,1,False,False,False,True,False,False,True,False,False,True,False
8.29,-1.0,12,2022,1,False,False,False,False,False,False,True,False,False,False,False
399.53,-1.0,12,2022,1,True,False,False,False,False,False,True,False,False,False,False
88.69,-1.0,12,2022,1,False,True,False,False,False,False,True,False,False,False,False
472.76,-1.0,12,2022,1,False,True,False,False,False,False,True,False,False,False,False
493.07,-1.0,12,2022,1,False,False,False,True,False,False,True,False,False,False,False
186.24,7161.0,40,2022,0,True,False,False,False,True,False,False,False,True,False,True
186.24,9824.0,40,2022,0,True,False,False,False,False,True,False,True,False,False,True
353.47,7161.0,40,2022,0,False,False,False,False,True,False,False,False,True,False,True
353.47,9824.0,40,2022,0,False,False,False,False,False,True,False,True,False,False,True
442.68,7161.0,40,2022,0,False,True,False,False,True,False,False,False,True,False,True
442.68,9824.0,40,2022,0,False,True,False,False,False,True,False,True,False,False,True
450.33,7161.0,40,2022,0,False,True,False,False,True,False,False,False,True,False,True
450.33,9824.0,40,2022,0,False,True,False,False,False,True,False,True,False,False,True
294.48,7161.0,40,2022,0,False,True,False,False,True,False,False,False,True,False,True
294.48,9824.0,40,2022,0,False,True,False,False,False,True,False,True,False,False,True
225.6,7161.0,40,2022,0,False,False,False,False,True,False,False,False,True,False,True
225.6,9824.0,40,2022,0,False,False,False,False,False,True,False,True,False,False,True
357.99,7161.0,40,2022,0,False,False,False,True,True,False,False,False,True,False,True
357.99,9824.0,40,2022,0,False,False,False,True,False,True,False,True,False,False,True
273.87,7161.0,40,2022,0,True,False,False,False,True,False,False,False,True,False,True
273.87,9824.0,40,2022,0,True,False,False,False,False,True,False,True,False,False,True
358.27,-1.0,49,2022,0,False,False,False,True,False,False,True,False,False,True,False
443.63,-1.0,26,2022,0,False,False,False,True,False,False,True,False,False,False,True
365.98,-1.0,26,2022,0,False,False,False,True,False,False,True,False,False,False,True
453.4,4160.0,46,2022,0,False,False,False,False,False,True,False,False,True,False,False
218.68,4160.0,46,2022,0,True,False,False,False,False,True,False,False,True,False,False
372.86,4160.0,46,2022,0,False,False,False,True,False,True,False,False,True,False,False
458.6,4160.0,46,2022,0,True,False,False,False,False,True,False,False,True,False,False
481.74,4160.0,46,2022,0,True,False,False,False,False,True,False,False,True,False,False
350.46,5632.0,28,2022,0,False,True,False,False,False,True,False,True,False,True,False
74.06,7914.0,21,2022,0,False,False,True,False,False,False,False,False,True,False,True
74.06,5537.0,21,2022,0,False,False,True,False,True,False,False,True,False,False,True
282.29,2447.0,27,2022,0,False,False,True,False,True,False,False,True,False,False,False
60.71,6382.0,33,2022,1,False,False,False,True,True,False,False,True,False,False,True
60.71,6899.0,33,2022,1,False,False,False,True,True,False,False,True,False,False,True
262.47,6382.0,33,2022,1,False,False,True,False,True,False,False,True,False,False,True
262.47,6899.0,33,2022,1,False,False,True,False,True,False,False,True,False,False,True
211.08,6382.0,33,2022,1,False,False,False,False,True,False,False,True,False,False,True
211.08,6899.0,33,2022,1,False,False,False,False,True,False,False,True,False,False,True
405.13,6382.0,33,2022,1,False,False,True,False,True,False,False,True,False,False,True
405.13,6899.0,33,2022,1,False,False,True,False,True,False,False,True,False,False,True
491.72,-1.0,29,2022,0,True,False,False,False,False,False,True,False,False,False,False
280.94,-1.0,29,2022,0,False,False,False,False,False,False,True,False,False,False,False
87.78,-1.0,29,2022,0,True,False,False,False,False,False,True,False,False,False,False
112.68,-1.0,29,2022,0,False,False,False,True,False,False,True,False,False,False,False
14.83,-1.0,29,2022,0,False,True,False,False,False,False,True,False,False,False,False
465.0,-1.0,29,2022,0,False,False,False,True,False,False,True,False,False,False,False
352.71,-1.0,29,2022,0,False,False,True,False,False,False,True,False,False,False,False
370.11,-1.0,29,2022,0,True,False,False,False,False,False,True,False,False,False,False
415.8,-1.0,29,2022,0,False,True,False,False,False,False,True,False,False,False,False
358.06,4270.0,24,2022,1,False,True,False,False,True,False,False,True,False,False,False
358.06,2964.0,24,2022,1,False,True,False,False,False,False,False,False,True,False,False
396.13,4270.0,24,2022,1,False,False,False,True,True,False,False,True,False,False,False
396.13,2964.0,24,2022,1,False,False,False,True,False,False,False,False,True,False,False
307.35,4270.0,24,2022,1,False,False,False,True,True,False,False,True,False,False,False
307.35,2964.0,24,2022,1,False,False,False,True,False,False,False,False,True,False,False
118.64,4270.0,24,2022,1,False,False,False,False,True,False,False,True,False,False,False
118.64,2964.0,24,2022,1,False,False,False,False,False,False,False,False,True,False,False
96.92,4270.0,24,2022,1,True,False,False,False,True,False,False,True,False,False,False
96.92,2964.0,24,2022,1,True,False,False,False,False,False,False,False,True,False,False
183.72,4270.0,24,2022,1,False,False,False,True,True,False,False,True,False,False,False
183.72,2964.0,24,2022,1,False,False,False,True,False,False,False,False,True,False,False
381.84,4270.0,24,2022,1,False,False,False,False,True,False,False,True,False,False,False
381.84,2964.0,24,2022,1,False,False,False,False,False,False,False,False,True,False,False
284.08,4628.0,32,2022,0,False,False,True,False,False,True,False,False,True,False,True
83.11,4628.0,32,2022,0,False,True,False,False,False,True,False,False,True,False,True
328.74,4628.0,32,2022,0,False,False,False,False,False,True,False,False,True,False,True
394.48,-1.0,6,2022,0,False,False,True,False,False,False,True,False,False,False,True
106.15,6895.0,27,2022,0,False,False,False,True,False,False,False,True,False,False,False
106.15,6880.0,27,2022,0,False,False,False,True,False,False,False,False,True,False,False
330.67,6895.0,27,2022,0,False,False,False,False,False,False,False,True,False,False,False
330.67,6880.0,27,2022,0,False,False,False,False,False,False,False,False,True,False,False
352.79,6895.0,27,2022,0,False,False,True,False,False,False,False,True,False,False,False
352.79,6880.0,27,2022,0,False,False,True,False,False,False,False,False,True,False,False
196.28,6895.0,27,2022,0,False,False,False,False,False,False,False,True,False,False,False
196.28,6880.0,27,2022,0,False,False,False,False,False,False,False,False,True,False,False
256.66,6895.0,27,2022,0,False,False,False,False,False,False,False,True,False,False,False
256.66,6880.0,27,2022,0,False,False,False,False,False,False,False,False,True,False,False
101.54,6895.0,27,2022,0,False,True,False,False,False,False,False,True,False,False,False
101.54,6880.0,27,2022,0,False,True,False,False,False,False,False,False,True,False,False
192.34,6895.0,27,2022,0,True,False,False,False,False,False,False,True,False,False,False
192.34,6880.0,27,2022,0,True,False,False,False,False,False,False,False,True,False,False
115.69,-1.0,16,2022,0,True,False,False,False,False,False,True,False,False,False,True
383.16,-1.0,16,2022,0,False,False,True,False,False,False,True,False,False,False,True
149.53,-1.0,16,2022,0,False,False,False,False,False,False,True,False,False,False,True
264.87,-1.0,16,2022,0,True,False,False,False,False,False,True,False,False,False,True
97.12,-1.0,16,2022,0,True,False,False,False,False,False,True,False,False,False,True
430.46,-1.0,16,2022,0,False,False,True,False,False,False,True,False,False,False,True
340.13,-1.0,36,2022,0,False,False,False,False,False,False,True,False,False,True,False
136.06,-1.0,36,2022,0,False,False,True,False,False,False,True,False,False,True,False
321.31,-1.0,36,2022,0,False,False,True,False,False,False,True,False,False,True,False
400.83,-1.0,36,2022,0,False,True,False,False,False,False,True,False,False,True,False
69.29,-1.0,36,2022,0,True,False,False,False,False,False,True,False,False,True,False
198.46,-1.0,36,2022,0,False,False,False,False,False,False,True,False,False,True,False
73.34,-1.0,36,2022,0,False,False,False,True,False,False,True,False,False,True,False
116.06,3238.0,47,2022,0,False,False,True,False,False,True,False,True,False,False,True
282.86,3238.0,47,2022,0,False,False,False,True,False,True,False,True,False,False,True
460.41,5670.0,30,2022,0,False,False,False,False,False,False,False,False,True,False,True
460.41,7012.0,30,2022,0,False,False,False,False,False,False,False,True,False,False,True
20.16,5670.0,30,2022,0,False,False,True,False,False,False,False,False,True,False,True
20.16,7012.0,30,2022,0,False,False,True,False,False,False,False,True,False,False,True
420.44,5670.0,30,2022,0,False,False,False,True,False,False,False,False,True,False,True
420.44,7012.0,30,2022,0,False,False,False,True,False,False,False,True,False,False,True
337.76,5670.0,30,2022,0,False,False,False,False,False,False,False,False,True,False,True
337.76,7012.0,30,2022,0,False,False,False,False,False,False,False,True,False,False,True
41.33,5670.0,30,2022,0,False,False,False,False,False,False,False,False,True,False,True
41.33,7012.0,30,2022,0,False,False,False,False,False,False,False,True,False,False,True
39.83,-1.0,15,2022,0,False,False,True,False,False,False,True,False,False,False,True
136.98,-1.0,15,2022,0,True,False,False,False,False,False,True,False,False,False,True
61.38,-1.0,15,2022,0,False,True,False,False,False,False,True,False,False,False,True
21.73,-1.0,15,2022,0,False,True,False,False,False,False,True,False,False,False,True
281.28,-1.0,15,2022,0,False,False,False,False,False,False,True,False,False,False,True
274.57,-1.0,8,2022,0,True,False,False,False,False,False,True,False,False,False,False
31.89,-1.0,8,2022,0,False,False,False,True,False,False,True,False,False,False,False
145.36,-1.0,8,2022,0,False,False,False,False,False,False,True,False,False,False,False
227.91,8827.0,31,2022,1,False,False,False,True,True,False,False,False,True,False,True
245.27,8827.0,31,2022,1,False,False,True,False,True,False,False,False,True,False,True
115.88,8827.0,31,2022,1,True,False,False,False,True,False,False,False,True,False,True
313.83,-1.0,9,2022,1,False,False,False,True,False,False,True,False,False,False,False
268.23,-1.0,9,2022,1,False,True,False,False,False,False,True,False,False,False,False
426.49,-1.0,9,2022,1,False,False,False,False,False,False,True,False,False,False,False
222.04,-1.0,9,2022,1,False,True,False,False,False,False,True,False,False,False,False
185.53,-1.0,9,2022,1,False,False,True,False,False,False,True,False,False,False,False
452.93,-1.0,42,2022,0,False,False,False,False,False,False,True,False,False,True,False
303.43,-1.0,42,2022,0,True,False,False,False,False,False,True,False,False,True,False
169.01,-1.0,42,2022,0,False,False,False,False,False,False,True,False,False,True,False
30.93,-1.0,42,2022,0,False,True,False,False,False,False,True,False,False,True,False
357.99,-1.0,21,2022,0,False,False,True,False,False,False,True,False,False,True,False
192.17,-1.0,21,2022,0,False,True,False,False,False,False,True,False,False,True,False
321.76,-1.0,21,2022,0,False,False,True,False,False,False,True,False,False,True,False
213.25,-1.0,21,2022,0,False,True,False,False,False,False,True,False,False,True,False
28.63,3252.0,39,2022,0,False,False,True,False,True,False,False,True,False,True,False
28.63,4851.0,39,2022,0,False,False,True,False,False,False,False,False,True,True,False
100.6,3252.0,39,2022,0,False,True,False,False,True,False,False,True,False,True,False
100.6,4851.0,39,2022,0,False,True,False,False,False,False,False,False,True,True,False
108.17,3252.0,39,2022,0,True,False,False,False,True,False,False,True,False,True,False
108.17,4851.0,39,2022,0,True,False,False,False,False,False,False,False,True,True,False
462.43,3252.0,39,2022,0,False,False,True,False,True,False,False,True,False,True,False
462.43,4851.0,39,2022,0,False,False,True,False,False,False,False,False,True,True,False
298.8,3252.0,39,2022,0,False,True,False,False,True,False,False,True,False,True,False
298.8,4851.0,39,2022,0,False,True,False,False,False,False,False,False,True,True,False
242.28,3252.0,39,2022,0,False,True,False,False,True,False,False,True,False,True,False
242.28,4851.0,39,2022,0,False,True,False,False,False,False,False,False,True,True,False
254.01,3252.0,39,2022,0,False,False,False,False,True,False,False,True,False,True,False
254.01,4851.0,39,2022,0,False,False,False,False,False,False,False,False,True,True,False
344.33,8055.0,39,2022,0,True,False,False,False,False,True,False,False,True,False,True
269.05,6632.0,43,2022,0,False,False,False,True,True,False,False,False,True,False,True
269.05,3075.0,43,2022,0,False,False,False,True,False,False,False,True,False,False,True
217.01,6632.0,43,2022,0,False,False,False,False,True,False,False,False,True,False,True
217.01,3075.0,43,2022,0,False,False,False,False,False,False,False,True,False,False,True
447.05,6632.0,43,2022,0,False,False,False,True,True,False,False,False,True,False,True
447.05,3075.0,43,2022,0,False,False,False,True,False,False,False,True,False,False,True
109.82,6632.0,43,2022,0,False,True,False,False,True,False,False,False,True,False,True
109.82,3075.0,43,2022,0,False,True,False,False,False,False,False,True,False,False,True
100.2,6632.0,43,2022,0,False,False,False,True,True,False,False,False,True,False,True
100.2,3075.0,43,2022,0,False,False,False,True,False,False,False,True,False,False,True
133.56,6632.0,43,2022,0,True,False,False,False,True,False,False,False,True,False,True
133.56,3075.0,43,2022,0,True,False,False,False,False,False,False,True,False,False,True
474.14,6632.0,43,2022,0,False,False,True,False,True,False,False,False,True,False,True
474.14,3075.0,43,2022,0,False,False,True,False,False,False,False,True,False,False,True
452.34,6632.0,43,2022,0,False,True,False,False,True,False,False,False,True,False,True
452.34,3075.0,43,2022,0,False,True,False,False,False,False,False,True,False,False,True
377.41,6632.0,43,2022,0,False,True,False,False,True,False,False,False,True,False,True
377.41,3075.0,43,2022,0,False,True,False,False,False,False,False,True,False,False,True
372.11,-1.0,20,2022,0,True,False,False,False,False,False,True,False,False,True,False
471.49,-1.0,20,2022,0,False,False,False,False,False,False,True,False,False,True,False
373.22,-1.0,20,2022,0,False,True,False,False,False,False,True,False,False,True,False
412.37,-1.0,20,2022,0,False,False,False,False,False,False,True,False,False,True,False
311.38,-1.0,20,2022,0,True,False,False,False,False,False,True,False,False,True,False
68.75,-1.0,20,2022,0,False,False,False,True,False,False,True,False,False,True,False
151.31,6650.0,26,2022,0,False,True,False,False,False,True,False,True,False,False,True
151.31,2668.0,26,2022,0,False,True,False,False,False,False,False,False,True,False,True
217.97,6650.0,26,2022,0,False,True,False,False,False,True,False,True,False,False,True
217.97,2668.0,26,2022,0,False,True,False,False,False,False,False,False,True,False,True
118.98,6650.0,26,2022,0,False,False,True,False,False,True,False,True,False,False,True
118.98,2668.0,26,2022,0,False,False,True,False,False,False,False,False,True,False,True
429.21,6650.0,26,2022,0,True,False,False,False,False,True,False,True,False,False,True
429.21,2668.0,26,2022,0,True,False,False,False,False,False,False,False,True,False,True
482.49,6650.0,26,2022,0,False,True,False,False,False,True,False,True,False,False,True
482.49,2668.0,26,2022,0,False,True,False,False,False,False,False,False,True,False,True
53.78,6650.0,26,2022,0,False,False,False,True,False,True,False,True,False,False,True
53.78,2668.0,26,2022,0,False,False,False,True,False,False,False,False,True,False,True
107.17,-1.0,38,2022,0,False,True,False,False,False,False,True,False,False,True,False
415.89,-1.0,38,2022,0,False,False,True,False,False,False,True,False,False,True,False
334.98,-1.0,38,2022,0,True,False,False,False,False,False,True,False,False,True,False
32.8,-1.0,43,2022,0,False,False,False,True,False,False,True,False,False,False,False
384.87,9254.0,14,2022,0,False,True,False,False,False,False,False,False,True,True,False
326.07,9254.0,14,2022,0,False,False,False,False,False,False,False,False,True,True,False
59.42,9254.0,14,2022,0,True,False,False,False,False,False,False,False,True,True,False
9.68,9254.0,14,2022,0,False,False,True,False,False,False,False,False,True,True,False
192.76,9254.0,14,2022,0,True,False,False,False,False,False,False,False,True,True,False
285.35,-1.0,48,2022,0,False,False,False,True,False,False,True,False,False,True,False
11.43,6001.0,41,2022,0,False,False,False,False,True,False,False,False,True,True,False
11.43,5196.0,41,2022,0,False,False,False,False,True,False,False,False,True,True,False
255.21,6001.0,41,2022,0,True,False,False,False,True,False,False,False,True,True,False
255.21,5196.0,41,2022,0,True,False,False,False,True,False,False,False,True,True,False
238.79,6001.0,41,2022,0,False,False,False,True,True,False,False,False,True,True,False
238.79,5196.0,41,2022,0,False,False,False,True,True,False,False,False,True,True,False
337.45,6001.0,41,2022,0,False,False,False,False,True,False,False,False,True,True,False
337.45,5196.0,41,2022,0,False,False,False,False,True,False,False,False,True,True,False
231.87,6001.0,41,2022,0,False,False,False,True,True,False,False,False,True,True,False
231.87,5196.0,41,2022,0,False,False,False,True,True,False,False,False,True,True,False
478.77,6001.0,41,2022,0,False,False,False,True,True,False,False,False,True,True,False
478.77,5196.0,41,2022,0,False,False,False,True,True,False,False,False,True,True,False
371.78,2084.0,21,2022,0,False,False,True,False,True,False,False,False,True,False,False
371.78,6072.0,21,2022,0,False,False,True,False,False,True,False,True,False,False,False
442.53,2084.0,21,2022,0,True,False,False,False,True,False,False,False,True,False,False
442.53,6072.0,21,2022,0,True,False,False,False,False,True,False,True,False,False,False
150.02,2084.0,21,2022,0,True,False,False,False,True,False,False,False,True,False,False
150.02,6072.0,21,2022,0,True,False,False,False,False,True,False,True,False,False,False
479.92,3863.0,19,2022,1,True,False,False,False,True,False,False,False,True,True,False
479.92,8746.0,19,2022,1,True,False,False,False,True,False,False,False,True,True,False
29.2,3863.0,19,2022,1,False,False,False,True,True,False,False,False,True,True,False
29.2,8746.0,19,2022,1,False,False,False,True,True,False,False,False,True,True,False
475.95,3863.0,19,2022,1,True,False,False,False,True,False,False,False,True,True,False
475.95,8746.0,19,2022,1,True,False,False,False,True,False,False,False,True,True,False
36.01,3863.0,19,2022,1,False,False,True,False,True,False,False,False,True,True,False
36.01,8746.0,19,2022,1,False,False,True,False,True,False,False,False,True,True,False
255.63,6205.0,14,2022,0,False,True,False,False,False,True,False,True,False,True,False
255.63,2049.0,14,2022,0,False,True,False,False,False,True,False,True,False,True,False
214.07,6205.0,14,2022,0,False,False,False,False,False,True,False,True,False,True,False
214.07,2049.0,14,2022,0,False,False,False,False,False,True,False,True,False,True,False
190.63,6205.0,14,2022,0,False,True,False,False,False,True,False,True,False,True,False
190.63,2049.0,14,2022,0,False,True,False,False,False,True,False,True,False,True,False
493.11,4334.0,9,2022,0,False,True,False,False,True,False,False,True,False,True,False
493.11,6316.0,9,2022,0,False,True,False,False,False,True,False,False,True,True,False
423.11,4334.0,9,2022,0,True,False,False,False,True,False,False,True,False,True,False
423.11,6316.0,9,2022,0,True,False,False,False,False,True,False,False,True,True,False
387.21,4334.0,9,2022,0,False,False,True,False,True,False,False,True,False,True,False
387.21,6316.0,9,2022,0,False,False,True,False,False,True,False,False,True,True,False
239.54,4334.0,9,2022,0,False,False,False,False,True,False,False,True,False,True,False
239.54,6316.0,9,2022,0,False,False,False,False,False,True,False,False,True,True,False
76.61,4334.0,9,2022,0,False,False,False,False,True,False,False,True,False,True,False
76.61,6316.0,9,2022,0,False,False,False,False,False,True,False,False,True,True,False
166.89,4334.0,9,2022,0,False,False,False,False,True,False,False,True,False,True,False
166.89,6316.0,9,2022,0,False,False,False,False,False,True,False,False,True,True,False
302.88,4334.0,9,2022,0,False,False,False,False,True,False,False,True,False,True,False
302.88,6316.0,9,2022,0,False,False,False,False,False,True,False,False,True,True,False
205.37,4334.0,9,2022,0,False,True,False,False,True,False,False,True,False,True,False
205.37,6316.0,9,2022,0,False,True,False,False,False,True,False,False,True,True,False
54.1,4334.0,9,2022,0,False,False,False,False,True,False,False,True,False,True,False
54.1,6316.0,9,2022,0,False,False,False,False,False,True,False,False,True,True,False
213.98,7963.0,42,2022,1,False,True,False,False,False,False,False,False,True,False,False
379.78,-1.0,4,2022,1,False,False,False,True,False,False,True,False,False,False,False
170.62,-1.0,4,2022,1,True,False,False,False,False,False,True,False,False,False,False
208.94,-1.0,4,2022,1,False,False,False,True,False,False,True,False,False,False,False
444.27,-1.0,4,2022,1,False,True,False,False,False,False,True,False,False,False,False
309.02,-1.0,4,2022,1,True,False,False,False,False,False,True,False,False,False,False
198.29,-1.0,4,2022,1,False,False,False,True,False,False,True,False,False,False,False
386.83,-1.0,4,2022,1,False,False,False,True,False,False,True,False,False,False,False
230.71,-1.0,23,2022,0,False,False,False,False,False,False,True,False,False,True,False
42.56,3391.0,22,2022,0,False,False,False,True,False,True,False,True,False,True,False
301.56,3391.0,22,2022,0,False,False,True,False,False,True,False,True,False,True,False
460.77,3938.0,20,2022,0,False,False,False,True,False,False,False,False,True,True,False
15.67,3938.0,20,2022,0,False,False,False,False,False,False,False,False,True,True,False
386.35,3938.0,20,2022,0,False,True,False,False,False,False,False,False,True,True,False
434.17,3938.0,20,2022,0,False,False,False,False,False,False,False,False,True,True,False
68.39,7808.0,19,2022,1,False,False,True,False,True,False,False,False,True,False,True
68.39,6552.0,19,2022,1,False,False,True,False,False,False,False,False,True,False,True
19.71,7808.0,19,2022,1,False,False,False,False,True,False,False,False,True,False,True
19.71,6552.0,19,2022,1,False,False,False,False,False,False,False,False,True,False,True
35.6,7808.0,19,2022,1,False,True,False,False,True,False,False,False,True,False,True
35.6,6552.0,19,2022,1,False,True,False,False,False,False,False,False,True,False,True
35.6,7808.0,19,2022,1,False,True,False,False,True,False,False,False,True,False,True
35.6,6552.0,19,2022,1,False,True,False,False,False,False,False,False,True,False,True
426.54,7808.0,19,2022,1,True,False,False,False,True,False,False,False,True,False,True
426.54,6552.0,19,2022,1,True,False,False,False,False,False,False,False,True,False,True
162.84,7808.0,19,2022,1,False,False,True,False,True,False,False,False,True,False,True
162.84,6552.0,19,2022,1,False,False,True,False,False,False,False,False,True,False,True
199.31,-1.0,19,2022,1,False,False,False,False,False,False,True,False,False,False,False
84.64,-1.0,19,2022,1,False,True,False,False,False,False,True,False,False,False,False
146.08,-1.0,23,2022,0,False,True,False,False,False,False,True,False,False,False,False
482.06,-1.0,23,2022,0,False,True,False,False,False,False,True,False,False,False,False
477.3,-1.0,23,2022,0,False,True,False,False,False,False,True,False,False,False,False
56.53,-1.0,31,2022,0,True,False,False,False,False,False,True,False,False,False,True
203.22,-1.0,46,2022,0,False,False,False,True,False,False,True,False,False,False,False
307.9,-1.0,46,2022,0,False,False,False,True,False,False,True,False,False,False,False
62.8,-1.0,46,2022,0,False,False,True,False,False,False,True,False,False,False,False
491.98,-1.0,46,2022,0,True,False,False,False,False,False,True,False,False,False,False
373.45,-1.0,46,2022,0,False,False,False,False,False,False,True,False,False,False,False
350.46,-1.0,46,2022,0,False,False,True,False,False,False,True,False,False,False,False
275.54,-1.0,19,2022,1,False,False,True,False,False,False,True,False,False,False,False
415.87,-1.0,19,2022,1,False,False,False,True,False,False,True,False,False,False,False
117.14,-1.0,19,2022,1,True,False,False,False,False,False,True,False,False,False,False
369.03,-1.0,19,2022,1,False,True,False,False,False,False,True,False,False,False,False
229.29,-1.0,19,2022,1,False,True,False,False,False,False,True,False,False,False,False
209.89,-1.0,19,2022,1,False,False,True,False,False,False,True,False,False,False,False
275.42,-1.0,19,2022,1,False,False,True,False,False,False,True,False,False,False,False
411.94,-1.0,44,2022,0,False,True,False,False,False,False,True,False,False,True,False
145.68,-1.0,44,2022,0,True,False,False,False,False,False,True,False,False,True,False
142.92,5311.0,20,2022,0,False,False,False,False,False,True,False,True,False,True,False
142.92,4224.0,20,2022,0,False,False,False,False,False,False,False,True,False,True,False
432.77,5311.0,20,2022,0,False,False,True,False,False,True,False,True,False,True,False
432.77,4224.0,20,2022,0,False,False,True,False,False,False,False,True,False,True,False
196.65,5311.0,20,2022,0,False,False,True,False,False,True,False,True,False,True,False
196.65,4224.0,20,2022,0,False,False,True,False,False,False,False,True,False,True,False
302.37,4336.0,26,2022,0,True,False,False,False,False,False,False,False,True,False,False
392.98,4336.0,26,2022,0,False,False,False,True,False,False,False,False,True,False,False
255.78,4336.0,26,2022,0,True,False,False,False,False,False,False,False,True,False,False
276.24,4336.0,26,2022,0,False,False,False,True,False,False,False,False,True,False,False
125.93,4336.0,26,2022,0,False,True,False,False,False,False,False,False,True,False,False
102.54,4336.0,26,2022,0,False,False,False,False,False,False,False,False,True,False,False
9.66,4336.0,26,2022,0,False,False,True,False,False,False,False,False,True,False,False
365.35,4543.0,6,2022,1,True,False,False,False,True,False,False,True,False,False,True
82.67,4543.0,6,2022,1,False,False,False,False,True,False,False,True,False,False,True
363.81,4543.0,6,2022,1,False,False,False,False,True,False,False,True,False,False,True
219.33,4543.0,6,2022,1,False,False,False,True,True,False,False,True,False,False,True
220.63,4543.0,6,2022,1,False,False,False,False,True,False,False,True,False,False,True
243.9,4543.0,6,2022,1,False,False,False,True,True,False,False,True,False,False,True
215.59,4543.0,6,2022,1,False,False,True,False,True,False,False,True,False,False,True
96.13,2268.0,28,2022,0,False,True,False,False,False,False,False,False,True,True,False
270.04,2268.0,28,2022,0,False,False,True,False,False,False,False,False,True,True,False
177.58,2268.0,28,2022,0,False,False,False,True,False,False,False,False,True,True,False
414.75,2268.0,28,2022,0,False,False,False,True,False,False,False,False,True,True,False
372.96,2268.0,28,2022,0,False,False,True,False,False,False,False,False,True,True,False
152.64,2268.0,28,2022,0,True,False,False,False,False,False,False,False,True,True,False
307.23,2268.0,28,2022,0,False,True,False,False,False,False,False,False,True,True,False
288.17,2268.0,28,2022,0,False,True,False,False,False,False,False,False,True,True,False
285.43,-1.0,41,2022,0,True,False,False,False,False,False,True,False,False,False,True
38.63,3403.0,4,2022,1,False,False,True,False,False,True,False,True,False,False,False
273.8,3403.0,4,2022,1,False,False,True,False,False,True,False,True,False,False,False
183.17,3403.0,4,2022,1,False,True,False,False,False,True,False,True,False,False,False
66.92,3403.0,4,2022,1,True,False,False,False,False,True,False,True,False,False,False
224.23,3403.0,4,2022,1,False,False,True,False,False,True,False,True,False,False,False
126.46,3403.0,4,2022,1,True,False,False,False,False,True,False,True,False,False,False
329.0,6593.0,49,2022,0,True,False,False,False,False,False,False,True,False,False,False
329.0,9056.0,49,2022,0,True,False,False,False,False,False,False,False,True,False,False
345.66,6593.0,49,2022,0,False,False,False,True,False,False,False,True,False,False,False
345.66,9056.0,49,2022,0,False,False,False,True,False,False,False,False,True,False,False
75.68,6593.0,49,2022,0,False,False,False,True,False,False,False,True,False,False,False
75.68,9056.0,49,2022,0,False,False,False,True,False,False,False,False,True,False,False
195.54,6593.0,49,2022,0,True,False,False,False,False,False,False,True,False,False,False
195.54,9056.0,49,2022,0,True,False,False,False,False,False,False,False,True,False,False
449.42,6593.0,49,2022,0,False,False,False,True,False,False,False,True,False,False,False
449.42,9056.0,49,2022,0,False,False,False,True,False,False,False,False,True,False,False
337.64,7632.0,44,2022,0,False,True,False,False,False,False,False,True,False,False,True
10.73,7632.0,44,2022,0,False,False,False,False,False,False,False,True,False,False,True
29.01,7632.0,44,2022,0,True,False,False,False,False,False,False,True,False,False,True
146.15,7632.0,44,2022,0,False,True,False,False,False,False,False,True,False,False,True
20.67,7632.0,44,2022,0,False,False,True,False,False,False,False,True,False,False,True
153.32,7632.0,44,2022,0,False,False,False,False,False,False,False,True,False,False,True
41.07,7632.0,44,2022,0,True,False,False,False,False,False,False,True,False,False,True
388.45,7632.0,44,2022,0,False,True,False,False,False,False,False,True,False,False,True
359.03,8890.0,9,2022,0,True,False,False,False,True,False,False,False,True,False,True
359.03,9089.0,9,2022,0,True,False,False,False,True,False,False,True,False,False,True
476.8,8890.0,9,2022,0,False,False,False,True,True,False,False,False,True,False,True
476.8,9089.0,9,2022,0,False,False,False,True,True,False,False,True,False,False,True
418.23,8890.0,9,2022,0,False,False,True,False,True,False,False,False,True,False,True
418.23,9089.0,9,2022,0,False,False,True,False,True,False,False,True,False,False,True
427.28,8890.0,9,2022,0,False,False,False,False,True,False,False,False,True,False,True
427.28,9089.0,9,2022,0,False,False,False,False,True,False,False,True,False,False,True
71.24,8890.0,9,2022,0,False,False,False,False,True,False,False,False,True,False,True
71.24,9089.0,9,2022,0,False,False,False,False,True,False,False,True,False,False,True
101.02,9975.0,49,2022,0,True,False,False,False,False,True,False,True,False,True,False
101.02,7297.0,49,2022,0,True,False,False,False,False,False,False,True,False,True,False
389.93,9975.0,49,2022,0,False,True,False,False,False,True,False,True,False,True,False
389.93,7297.0,49,2022,0,False,True,False,False,False,False,False,True,False,True,False
133.02,9975.0,49,2022,0,False,False,True,False,False,True,False,True,False,True,False
133.02,7297.0,49,2022,0,False,False,True,False,False,False,False,True,False,True,False
158.02,9975.0,49,2022,0,False,False,True,False,False,True,False,True,False,True,False
158.02,7297.0,49,2022,0,False,False,True,False,False,False,False,True,False,True,False
341.03,9975.0,49,2022,0,True,False,False,False,False,True,False,True,False,True,False
341.03,7297.0,49,2022,0,True,False,False,False,False,False,False,True,False,True,False
171.2,9975.0,49,2022,0,True,False,False,False,False,True,False,True,False,True,False
171.2,7297.0,49,2022,0,True,False,False,False,False,False,False,True,False,True,False
98.39,9975.0,49,2022,0,False,False,False,True,False,True,False,True,False,True,False
98.39,7297.0,49,2022,0,False,False,False,True,False,False,False,True,False,True,False
415.19,-1.0,14,2022,1,True,False,False,False,False,False,True,False,False,False,False
101.04,-1.0,14,2022,1,False,False,False,False,False,False,True,False,False,False,False
183.06,-1.0,14,2022,1,False,False,True,False,False,False,True,False,False,False,False
280.73,-1.0,14,2022,1,False,True,False,False,False,False,True,False,False,False,False
284.42,-1.0,14,2022,1,False,False,False,False,False,False,True,False,False,False,False
302.08,-1.0,14,2022,1,False,False,False,True,False,False,True,False,False,False,False
117.13,-1.0,14,2022,1,False,True,False,False,False,False,True,False,False,False,False
252.54,9242.0,31,2022,0,True,False,False,False,False,False,False,False,True,False,True
252.54,2095.0,31,2022,0,True,False,False,False,False,True,False,False,True,False,True
385.45,9242.0,31,2022,0,False,False,True,False,False,False,False,False,True,False,True
385.45,2095.0,31,2022,0,False,False,True,False,False,True,False,False,True,False,True
471.57,9242.0,31,2022,0,True,False,False,False,False,False,False,False,True,False,True
471.57,2095.0,31,2022,0,True,False,False,False,False,True,False,False,True,False,True
39.42,9242.0,31,2022,0,False,True,False,False,False,False,False,False,True,False,True
39.42,2095.0,31,2022,0,False,True,False,False,False,True,False,False,True,False,True
435.96,9242.0,31,2022,0,False,False,False,True,False,False,False,False,True,False,True
435.96,2095.0,31,2022,0,False,False,False,True,False,True,False,False,True,False,True
168.35,9242.0,31,2022,0,True,False,False,False,False,False,False,False,True,False,True
168.35,2095.0,31,2022,0,True,False,False,False,False,True,False,False,True,False,True
69.19,9242.0,31,2022,0,False,False,False,True,False,False,False,False,True,False,True
69.19,2095.0,31,2022,0,False,False,False,True,False,True,False,False,True,False,True
266.11,9242.0,31,2022,0,False,False,False,False,False,False,False,False,True,False,True
266.11,2095.0,31,2022,0,False,False,False,False,False,True,False,False,True,False,True
454.53,9242.0,31,2022,0,True,False,False,False,False,False,False,False,True,False,True
454.53,2095.0,31,2022,0,True,False,False,False,False,True,False,False,True,False,True
443.12,3638.0,29,2022,1,True,False,False,False,False,False,False,False,True,False,True
443.12,9944.0,29,2022,1,True,False,False,False,False,False,False,False,True,False,True
212.86,3638.0,29,2022,1,True,False,False,False,False,False,False,False,True,False,True
212.86,9944.0,29,2022,1,True,False,False,False,False,False,False,False,True,False,True
51.15,3638.0,29,2022,1,False,False,True,False,False,False,False,False,True,False,True
51.15,9944.0,29,2022,1,False,False,True,False,False,False,False,False,True,False,True
469.8,3638.0,29,2022,1,False,False,True,False,False,False,False,False,True,False,True
469.8,9944.0,29,2022,1,False,False,True,False,False,False,False,False,True,False,True
189.19,3638.0,29,2022,1,False,False,False,True,False,False,False,False,True,False,True
189.19,9944.0,29,2022,1,False,False,False,True,False,False,False,False,True,False,True
125.88,3638.0,29,2022,1,False,True,False,False,False,False,False,False,True,False,True
125.88,9944.0,29,2022,1,False,True,False,False,False,False,False,False,True,False,True
38.42,3638.0,29,2022,1,False,False,False,False,False,False,False,False,True,False,True
38.42,9944.0,29,2022,1,False,False,False,False,False,False,False,False,True,False,True
483.5,9113.0,49,2022,1,True,False,False,False,True,False,False,True,False,False,False
483.5,3671.0,49,2022,1,True,False,False,False,False,False,False,False,True,False,False
342.88,-1.0,22,2022,0,True,False,False,False,False,False,True,False,False,False,True
201.31,-1.0,22,2022,0,False,False,False,True,False,False,True,False,False,False,True
257.17,-1.0,22,2022,0,False,False,False,True,False,False,True,False,False,False,True
311.62,2114.0,9,2022,0,False,True,False,False,True,False,False,False,True,False,True
81.64,-1.0,11,2022,0,True,False,False,False,False,False,True,False,False,False,True
268.31,3087.0,25,2022,0,True,False,False,False,False,False,False,False,True,False,False
268.31,8508.0,25,2022,0,True,False,False,False,False,False,False,False,True,False,False
192.41,3087.0,25,2022,0,False,False,False,True,False,False,False,False,True,False,False
192.41,8508.0,25,2022,0,False,False,False,True,False,False,False,False,True,False,False
101.0,3087.0,25,2022,0,False,False,False,False,False,False,False,False,True,False,False
101.0,8508.0,25,2022,0,False,False,False,False,False,False,False,False,True,False,False
71.78,3087.0,25,2022,0,False,False,False,True,False,False,False,False,True,False,False
71.78,8508.0,25,2022,0,False,False,False,True,False,False,False,False,True,False,False
326.62,3087.0,25,2022,0,False,False,False,False,False,False,False,False,True,False,False
326.62,8508.0,25,2022,0,False,False,False,False,False,False,False,False,True,False,False
336.21,3087.0,25,2022,0,False,False,False,True,False,False,False,False,True,False,False
336.21,8508.0,25,2022,0,False,False,False,True,False,False,False,False,True,False,False
125.2,3087.0,25,2022,0,False,True,False,False,False,False,False,False,True,False,False
125.2,8508.0,25,2022,0,False,True,False,False,False,False,False,False,True,False,False
143.23,3087.0,25,2022,0,False,True,False,False,False,False,False,False,True,False,False
143.23,8508.0,25,2022,0,False,True,False,False,False,False,False,False,True,False,False
236.58,3087.0,25,2022,0,True,False,False,False,False,False,False,False,True,False,False
236.58,8508.0,25,2022,0,True,False,False,False,False,False,False,False,True,False,False
225.82,9101.0,34,2022,1,False,False,True,False,False,True,False,True,False,False,True
494.9,9101.0,34,2022,1,False,False,False,True,False,True,False,True,False,False,True
101.21,9101.0,34,2022,1,True,False,False,False,False,True,False,True,False,False,True
73.91,9101.0,34,2022,1,True,False,False,False,False,True,False,True,False,False,True
124.16,9101.0,34,2022,1,False,True,False,False,False,True,False,True,False,False,True
227.25,-1.0,38,2022,0,False,False,False,False,False,False,True,False,False,False,False
85.61,-1.0,5,2022,0,False,True,False,False,False,False,True,False,False,False,False
334.21,-1.0,5,2022,0,False,False,True,False,False,False,True,False,False,False,False
252.15,-1.0,47,2022,0,False,False,False,False,False,False,True,False,False,False,True
232.44,-1.0,23,2022,0,False,False,True,False,False,False,True,False,False,False,True
477.37,-1.0,23,2022,0,False,True,False,False,False,False,True,False,False,False,True
260.06,-1.0,23,2022,0,False,False,False,True,False,False,True,False,False,False,True
80.28,-1.0,23,2022,0,False,False,False,False,False,False,True,False,False,False,True
359.77,-1.0,23,2022,0,False,False,True,False,False,False,True,False,False,False,True
387.96,-1.0,23,2022,0,False,False,False,True,False,False,True,False,False,False,True
79.74,-1.0,23,2022,0,False,True,False,False,False,False,True,False,False,False,True
265.33,-1.0,23,2022,0,False,False,True,False,False,False,True,False,False,False,True
250.31,-1.0,23,2022,0,False,False,True,False,False,False,True,False,False,False,True
477.95,-1.0,22,2022,0,False,False,True,False,False,False,True,False,False,False,False
232.06,-1.0,22,2022,0,False,False,False,True,False,False,True,False,False,False,False
324.98,-1.0,22,2022,0,False,False,False,False,False,False,True,False,False,False,False
375.34,-1.0,22,2022,0,False,False,False,True,False,False,True,False,False,False,False
166.73,-1.0,22,2022,0,False,False,False,False,False,False,True,False,False,False,False
93.73,-1.0,22,2022,0,False,False,True,False,False,False,True,False,False,False,False
